LatUp	LonUp	LatDown	LonDown	StopCode
19.18843	72.79803	19.18803	72.79775	1501
19.18498	72.79765			1502
19.17995	72.79783	19.15227	72.79027	1503
19.16781	72.79065	19.16790501	72.79076701	1506
19.16335	72.78989	19.16322	72.78948	1507
19.15899701	72.78614601	19.15858701	72.78616501	1509
19.155801	72.78788901	19.15585	72.78783	1510
19.16963801	72.79589301	19.1695601	72.79572401	2613
19.15016701	72.83607201			533
19.11008101	72.8492901	19.11061301	72.84963401	74
19.11172	72.84949	19.11172	72.84949	74
19.11369	72.84721	19.11369	72.84721	75
19.12097	72.84962			76
19.09669	72.88357	19.09658	72.88368	362
19.10708	72.88295	19.10753	72.88068	364
19.11531	72.87979			369
19.10879	72.85583	19.10879	72.85556	580
19.10678	72.85965	19.10678	72.85943	581
19.10379	72.86188	19.10143	72.86323	582
19.10392	72.86678	19.10321	72.86677	585
				587
				588
19.12483	72.87269			620
19.1187	72.85181			624
19.1176	72.85359			625
19.11389	72.85924	19.11548	72.85744	627
19.11389	72.85931	19.11498	72.85813	627
19.11726	72.8625	19.11723	72.86287	628
19.11783	72.86804			630
19.11093	72.85379			635
19.11467	72.85467	19.11574	72.85524	636
19.12046	72.8556	19.12143	72.85622	995
				1163
19.11314	72.8642	19.11333	72.8639	1165
19.11233	72.8683	19.11151	72.86896	1166
19.1118	72.86881	19.11166	72.86848	1166
19.12217	72.84787			1183
				1184
19.12474	72.85142			1186
19.12576	72.85351			1187
				1188
19.13943	72.88031			1189
19.12639	72.85908	19.12651	72.85945	1190
				1193
				1274
				1636
				1686
				1697
				1698
				1700
19.10678	72.85965			1703
				1709
19.12508	72.87282			1752
				2117
				2118
19.11188	72.85753			2154
				2204
				2205
				2206
19.10392	72.86678			2312
				2313
				2314
				2447
				2474
19.1142	72.86175	19.1142	72.86175	2788
				2899
19.11877	72.87027	19.11882	72.87013	2936
				2997
				3022
				3113
19.11037	72.85132	19.10997	72.85184	3280
19.11541	72.84336	19.11541	72.84336	118
19.11937	72.84523	19.11937	72.84523	119
19.12367	72.84663	19.12367	72.84663	120
19.12868	72.84733	19.12868	72.84733	121
19.13046	72.82047			496
19.12083	72.82989	19.12083	72.82989	509
19.12889	72.83103	19.12938	72.83163	511
19.1231	72.83058	19.1231	72.83058	529
19.13573	72.83198	19.13408	72.83198	531
19.1392	72.83164	19.1392	72.83164	532
				618
19.12873	72.81639			1214
19.11308	72.83875			1281
				1282
19.13138	72.83131	19.13155	72.83134	1363
				1378
				1400
19.1274	72.83745			1401
19.12126	72.83694			1402
				1403
19.12798	72.84395	19.12786	72.84352	1422
				1423
19.13038	72.83751			1424
				1425
				1426
19.13206	72.84291			1448
19.12988	72.84244			1449
19.13038	72.83771			1451
				1452
19.12954	72.82504			2279
				2315
				2381
				2446
				2452
				2454
				2456
19.12696	72.81894	19.12722	72.81894	2864
19.11255	72.84173	19.11255	72.84173	3348
19.12926	72.81745			3373
				3586
				3658
				3659
				3972
19.12654	72.83939	19.12654	72.83939	3984
				4121
				4122
				4123
				862
				2111
				2243
				2752
				3337
				3721
				3722
				3723
				3832
				3833
				220
				221
				222
				223
				224
				225
				226
				1676
				2170
				2171
				2172
				3212
				3213
				3342
				3813
				3814
				354
19.04271	72.93083	19.04264	72.93041	355
19.04287	72.92847	19.04271	72.92857	1764
				1821
				1822
				1823
				1824
				2734
19.04218	72.93377	19.04213	72.93306	3438
				3493
19.04218	72.93377			3494
18.98596	72.83122	18.98566	72.83118	54
18.99466	72.83118	18.99462	72.83082	830
19.09854	72.89234	19.09883	72.89242	1694
19.10159	72.8902	19.10185	72.8902	1695
19.10322	72.88821	19.10321	72.8884	3367
18.96083	72.80861	18.96	72.80944	443
18.90978	72.81726	18.90978	72.81726	233
18.91334	72.82082	18.9134	72.8209	234
18.91782	72.8246	18.91811	72.82491	235
		18.91086	72.81841	258
18.91195	72.81807	18.91199	72.8181	298
18.9148	72.81867	18.91521	72.8187	299
18.91638	72.8193	18.91632	72.81945	300
		18.91627	72.81747	308
				513
19.0565	72.84632	19.05644	72.84679	62
19.06198	72.8464	19.06358	72.84676	63
19.06001	72.84769			288
19.0623	72.84845			290
19.0577	72.85326	19.0577	72.85326	837
19.06031	72.85788	19.06031	72.85788	839
19.05619	72.84762	19.05612	72.8476	955
19.06366	72.84778			956
				957
				1150
19.06096	72.84952			1156
19.06001	72.84769	19.06001	72.84769	1356
				1358
				1359
				2037
				2039
19.06857	72.86787	19.06857	72.86787	2328
				3470
19.06605	72.84795			3601
				3615
				3656
				3657
				3660
				3661
				3662
				4000
				4062
19.06857	72.86787			4063
				4155
				4156
19.05913	72.85472	19.05913	72.85472	838
19.06187	72.85953	19.06187	72.85953	840
19.0706	72.87125	19.0706	72.87125	841
19.06664	72.86472	19.06664	72.86472	1616
		19.06664	72.86472	2327
19.05621	72.85161	19.05621	72.85161	2470
				3468
				3469
				45
				46
				47
				48
				49
19.05933	72.83585	19.05947	72.83559	108
19.05757	72.83683	19.05757	72.83683	457
19.06299	72.83551			458
				919
19.0535	72.82406	19.05278	72.82419	921
19.05486	72.82957	19.05495	72.82946	922
19.05527	72.83118			924
19.0556	72.83558	19.05614	72.83514	925
19.0547	72.82573	19.05473	72.82572	1069
19.05413	72.82703	19.05488	72.82748	1072
19.05896	72.83215	19.05952	72.83093	1088
19.05948	72.83091			1089
19.05976	72.82613	19.05978	72.82616	1090
19.05995	72.82365	19.05987	72.82399	1091
19.06277	72.82218			1092
19.06631	72.82299	19.06621	72.82316	1093
19.06814	72.82252	19.06867	72.82294	1094
				1337
19.04684	72.81943	19.04663	72.81958	1338
19.04868	72.82087	19.04941	72.82091	1339
19.05077	72.82136	19.05181	72.82199	1340
				1341
				1343
				1344
				1345
				1346
		19.05145	72.82893	1349
19.048529	72.82472			1350
				1351
				1352
				1355
19.05737	72.83406	19.05726	72.83382	1361
19.0557	72.8349			2419
				2827
				4001
19.05332	72.83795	19.05311	72.83805	
19.05958	72.82995	19.05958	72.82995	
19.05968	72.82767			
19.05515	72.8377			
				1954
				1963
				3843
				3844
				3845
				3846
				3847
		19.14984	72.94388	376
19.1325	72.93619	19.13262	72.93624	390
19.1312	72.93556	19.13129	72.93564	391
19.13443	72.93487	19.13442	72.93496	392
19.13699	72.93469	19.13689	72.93459	393
19.14334	72.93988			395
				1912
19.14821	72.94813			2009
				2063
				2066
19.14721	72.94567			2290
19.14899	72.94409			2291
19.15159	72.94558			2532
19.14815	72.94252			3446
				3447
19.14783	72.94408			3448
19.15271	72.94628			3767
19.15403	72.94682			3768
19.15133	72.94699			
19.14969	72.9489			
				394
19.13656	72.92955	19.13656	72.92976	409
				410
19.14243	72.9328			411
19.1468	72.93657			412
19.15074	72.93765			413
				414
				415
19.14984	72.94388			416
				418
				474
19.15931	72.93762			1609
19.13981	72.92834			1617
19.14303	72.92815			1618
19.14588	72.92874			1619
				1620
				1621
				1622
				1909
				1910
				1911
				1914
				1915
19.15527	72.92921			2014
19.14678	72.9334			2015
19.14744	72.92943			2016
19.14792	72.9276	19.1477	72.92865	2017
19.14933	72.92724			2018
19.15151	72.92846			2019
				2020
				2021
				2024
				2028
				2029
19.14001	72.92559	19.14	72.92553	2030
19.13908	72.92369			2031
				2034
				2748
				3693
19.13973	72.92177			3701
19.1442	72.93431			4098
				2059
				2060
				2061
				2062
				2064
				2065
				2068
				2577
				3598
				3604
				3607
				3608
				3612
				3618
				3623
				3787
				3886
				3887
				3888
				3889
				3890
				3892
				3893
				3894
				4061
				4191
18.94572	72.83404			10
18.9451	72.83416	18.94678	72.8354	10
18.95428	72.8318	18.95884	72.83176	12
18.95213	72.83402	18.95213	72.83402	12
18.95953	72.83176	18.9595	72.83172	14
18.95921	72.8316	18.95921	72.8316	14
18.95962	72.83155	18.95962	72.83155	14
18.96319	72.83201			15
				145
18.95635	72.83281	18.95884	72.83176	335
				691
				692
				749
18.96195	72.82193	18.96191	72.82204	878
				879
				3451
				205
				301
				890
				142
				144
19.22045	72.86546	19.22062	72.86592	659
				660
19.23131	72.86253	19.22997	72.86365	661
				998
				1387
19.22112	72.86065			1388
19.22254	72.85779			1388
19.22118	72.86324			1576
				1578
19.23883	72.86436	19.23832	72.86448	1588
19.23883	72.86436			1588
19.24141	72.86395	19.24145	72.86429	1589
				1593
19.23311	72.86317			1594
				1599
				1600
				1601
				1604
				1605
19.24158	72.86678	19.24229	72.86671	1606
				1608
				2102
				2104
				2105
				2322
19.24561	72.87017	19.24552	72.87016	2572
19.24067	72.8684			2781
19.22436	72.8567			2878
				2880
		19.4416	72.84207	3417
				3418
				3437
19.23591	72.86397			3754
19.22982	72.86441			3763
19.22895	72.86489			3764
19.22764	72.86554			3765
19.2346	72.86451	19.2346	72.86451	3774
19.23577	72.86585			3775
19.23602	72.86613			3776
19.23605	72.86693			3834
				3835
19.23657	72.8689			3836
				4133
				4134
				4135
				4136
				4137
				4138
19.2307	72.85563	19.23087	72.85656	1234
				1235
19.23836	72.85457	19.23733	72.85502	1237
		19.24072	72.85446	1238
19.22454	72.85438	19.22404	72.85418	1291
19.22616	72.85493	19.22637	72.85515	1292
19.23198	72.85613	19.23198	72.85613	1293
19.2344	72.85488	19.23442	72.85519	1294
				1306
				1310
19.24254	72.85205	19.2422	72.85233	1311
19.24429	72.85177			1312
				1313
19.24234	72.8468			1362
19.23107	72.84061			1368
19.22866	72.8444			1369
19.22861	72.84846	19.22868	72.84846	1370
19.22895	72.85147	19.22876	72.85132	1371
19.24418	72.85024	19.24403	72.84997	1373
19.24394	72.8486	19.24289	72.85397	1374
				1412
				1413
19.23493	72.84593	19.2348	72.84604	1414
19.23196	72.84675	19.23233	72.84676	1415
				1417
		19.1325	72.513	1438
				1439
				1441
				1442
				1443
				1444
				1584
19.23502	72.84219	19.23459	72.84202	1586
				2190
19.23433	72.84071			2224
				2603
				2604
				2653
19.23055	72.84807			2726
				2745
				2762
19.23075	72.85062	19.23096	72.8509	2855
				2858
				2859
				2860
19.23517	72.8437	19.23512	72.84432	2888
				2926
				2985
19.23381	72.85811			3361
				3412
				3413
19.23332	72.84128			3690
				3744
				3745
				3746
				3747
				3748
				3749
				3750
				3830
				3831
19.23239	72.84434			3953
19.23305	72.84282			3954
19.23055	72.84807	19.2307	72.84807	4132
				
18.97775	72.83378	18.97775	72.83378	18
18.98125	72.83336	18.98125	72.83478	19
18.98102	72.83336	18.98102	72.8346	19
18.98475	72.83521	18.98594	72.83578	20
18.98559	72.83527			20
				104
				105
				106
				773
				1139
18.97376	72.8344			1140
18.97603	72.83196	18.9771	72.83207	77
18.98075	72.83188	18.98006	72.83215	829
				1145
				1146
				873
				874
				891
				1105
19.11295	72.88831	19.11295	72.88831	370
				1681
				1682
				1683
				1919
				1921
				2310
				2457
				3713
				3714
				3715
19.11166	72.88826	19.11099	72.88804	3839
				3896
		19.642	72.543	3985
19.21995	72.82868			959
19.20792	72.82942	19.20799	72.82941	975
19.21037	72.82887	19.21032	72.82883	976
				977
19.21538	72.8291			978
				979
				1319
19.20954	72.82259	19.20931	72.82261	1320
19.21546	72.82605			1432
19.21463	72.82085	19.21476	72.82089	1434
19.21217	72.82088	19.2119	72.82074	1435
19.20897	72.82112			1436
19.21042	72.82663			1437
19.21051	72.82435	19.21048	72.82433	1445
				1447
19.21663	72.83397	19.21631	72.83395	2126
19.2193	72.83346	19.21913	72.83358	2127
19.21552	72.82234			2830
19.21536	72.83107			2872
19.2155	72.8246			3694
19.21663	72.83397			3718
19.214872	72.8131	19.21486	72.81307	3719
				3720
19.21507	72.81613			4157
				4158
19.21548	72.81988	19.21565	72.81976	4159
18.94898	72.82154	18.94909	72.82166	440
18.95101	72.82334	18.95102	72.82333	682
18.95433	72.81979	18.95378	72.82042	683
18.95111	72.81972	18.95093	72.821	3145
19.05594	72.88817			174
19.05269	72.8906			175
19.05568	72.89493	19.05516	72.89376	176
19.07775	72.90388			198
19.05152	72.90054			199
19.04585	72.90421			348
				810
				811
				812
19.05179	72.91048	19.0524	72.91083	1830
19.04714	72.90953	19.0471	72.90972	1831
19.05374	72.88472			173
19.04804	72.89335			177
19.04552	72.89407			178
				179
				180
				181
				182
				186
				187
				188
				189
19.05415	72.89336			197
19.05898	72.9005	19.059	72.90065	201
				201
19.06035	72.90467	19.06019	72.90479	339
19.059	72.90752	19.05857	72.90791	340
				346
				347
19.0542	72.89186			809
19.05769	72.89545	19.05769	72.89545	1081
				1082
19.06098	72.90908	19.06111	72.90856	1757
19.06195	72.90603	19.06217	72.90572	1758
				1765
				1766
				1804
				1809
19.06132	72.8975	19.06086	72.89742	1829
				2823
				3339
				3460
				3461
				184
				185
				345
				1084
				1260
				1759
				1785
				1786
				1787
		19.05613	72.91004	1788
				1799
				1808
				2425
				2903
				2905
				2939
				3726
				3733
				3756
				3757
				3758
				3759
				3902
18.94088	72.83452	18.9417	72.83477	9
18.94096	72.83462	18.94131	72.83477	9
18.942	72.83468	18.94099	72.8344	9
				156
				160
19.05083	72.87454	19.05064	72.87493	170
19.05248	72.87911			171
				1054
				1066
18.93303	72.82669	18.93306	72.82668	131
18.93595	72.82401	18.93552	72.82413	497
18.93861	72.82417			1112
				3773
18.91401	72.82275	18.91225	72.82201	1
18.9155	72.82559	18.91587	72.82619	2
18.91698	72.82709	18.91736	72.82736	3
18.92017	72.83016	18.92086	72.83053	4
18.92222	72.83111			5
18.90023	72.81373	18.90023	72.81373	37
18.90476	72.81575	18.9047	72.81579	39
18.90719	72.81702	18.90704	72.81682	40
18.90758	72.80894	18.90763	72.80888	87
18.90706	72.81228	18.90689	72.81284	89
18.91533	72.82419	18.91533	72.82419	3453
18.90259	72.81507			3454
18.91117	72.82094	18.91114	72.82091	3589
18.92417	72.83188	18.92417	72.83188	3676
				3699
18.9076	72.81199	18.9076	72.81199	3702
18.91017	72.81322			3703
18.92086	72.83053	18.92086	72.83053	3704
18.92138	72.82724	18.92138	72.82724	
18.92299	72.83178			
				763
				764
				1657
				3371
				23
19.01164	72.84328	19.01154	72.84334	27
19.0122	72.84371	19.0122	72.84371	27
19.01848	72.84823			28
19.01848	72.84804			29
19.01896	72.84833			29
19.01949	72.84884			29
19.01973	72.84892			29
19.01715	72.84717			29
				336
19.01406	72.84643			662
				938
19.02154	72.84743			939
				940
				941
19.02095	72.84218	19.02095	72.84218	30
19.01976	72.83745	19.01998	72.83641	83
19.01805	72.83548	19.01805	72.83548	83
19.02224	72.83782	19.02224	72.83782	405
19.01514	72.83703	19.0163	72.83767	549
19.01866	72.84002	19.01842	72.83972	550
19.0137	72.83758			907
19.02109	72.84378	19.02109	72.84378	909
				910
				1143
				4153
19.01683	72.84055	19.01665	72.84052	
				1002
				1004
				1006
				1007
				1298
				1315
				1329
				1330
				1331
				1334
19.24398	72.86518			1590
				1592
19.24425	72.86721	19.24421	72.86728	1607
				1951
19.25972	72.86194			1952
				2323
				2324
				2325
				2326
				2353
				2354
19.2363	72.86415	19.2363	72.86415	2355
				2706
				2707
				2708
				2709
19.24039	72.86983			2780
				3172
				3173
				3175
19.25472	72.8625			3201
				3202
				3270
				3303
				3362
				3671
				3992
				3993
				4102
				4103
				1223
				1239
				1241
				1242
				1295
				1296
				1303
19.24972	72.85889			1304
				1305
				1411
				1418
				2741
				2762
				2763
19.2475	72.85889			3360
				3751
				3752
				3753
18.99157	72.83149	18.99093	72.83172	55
18.98577	72.83176	18.98577	72.83176	
19.04572	72.90766			349
19.04551	72.91119			350
19.04562	72.9146			351
19.04497	72.91765			352
19.04391	72.92127			353
				1087
				1791
				1792
				1793
				2989
19.05836	72.91777			3376
19.05018	72.91995			3769
19.05223	72.91695			3770
19.04678	72.91975			3771
19.04535	72.92523			
19.05148	72.85836	19.05111	72.85811	286
				928
				932
19.0485	72.85548	19.04834	72.85523	950
19.05161	72.86173			952
19.04753	72.85245			954
19.04809	72.85915			958
				1153
				1155
				2794
				3346
				3372
19.0541	72.89167			3731
				3777
				3778
				3779
				143
18.94608	72.8317	18.94607	72.8317	202
18.94463	72.83034	18.94456	72.83024	815
				1134
				4143
19.17551	72.86472	19.17526	72.86509	574
19.17469	72.86053	19.17577	72.85946	647
19.1715	72.87724			1472
19.17591	72.86713	19.17557	72.86701	1489
19.17569	72.8733			1491
19.17289	72.87544	19.16896	72.87552	1492
19.16566	72.8782	19.16547	72.87819	1723
				1724
19.17223	72.86988	19.17223	72.8703	1736
				1738
				1747
				1748
				1749
19.17389	72.87737			2803
				2892
				2893
				2929
19.17329	72.87951			2946
19.16761	72.87669	19.16731	72.87666	3005
19.17621	72.87621			3421
				3422
19.17599	72.87766			3423
				3424
19.16769	72.88138	19.16766	72.88129	3425
19.16999	72.88143	19.16991	72.88132	3435
19.1715	72.87724			3457
				3458
				3459
19.17242	72.88082			3572
				3574
				4042
18.97152	72.84518	18.97192	72.84512	271
18.95904	72.84612	18.95908	72.84614	668
18.96413	72.84655	18.96394	72.84651	669
18.96836	72.84374	18.96848	72.84353	671
				672
				673
				684
				720
				685
				686
				689
				690
				693
				719
				57
19.0104	72.83125	19.01164	72.83244	78
19.00851	72.83064			191
				780
				904
				905
19.00601	72.8389			906
19.01159	72.83243	19.01159	72.83243	3760
				3761
				3762
				374
18.93391	72.83217	18.93411	72.83216	7
18.94381	72.83924	18.94381	72.83924	7
18.94381	72.83924	18.94381	72.83924	7
				8
18.93035	72.83524	18.92691	72.83372	91
18.93035	72.83524	18.93005	72.83481	92
18.93405	72.83972	18.93413	72.83985	93
18.9385	72.83661	18.93843	72.83654	94
				140
18.93284	72.83654	18.93263	72.83621	705
18.92582	72.83328			706
18.94727	72.84012			707
18.93707	72.83689	18.93685	72.83681	2120
18.93685	72.83681	18.93405	72.83972	2120
18.94434	72.8393	18.94434	72.8393	3452
				3670
				3674
19.13195	72.82551			616
19.13357	72.82578	19.1338	72.82561	617
				2453
				2455
				1894
				3960
				3961
				3962
				3963
				3964
19.06675	72.89967	19.06614	72.90068	321
				322
19.081339	72.9045305555556			323
19.08351	72.91394			324
19.08582	72.91464			325
19.08818	72.91699			326
				333
19.07373	72.91168			378
19.078	72.91595			379
19.0748	72.91299	19.0748	72.91299	380
				1770
				1771
				1772
19.07485	72.90314			1773
				1774
				1775
				1777
				1832
19.0795	72.90401			1833
				1834
				1835
				1839
19.07438	72.90662			1906
				1907
				2225
19.07713	72.90957			2226
				2633
				2914
				2921
				2922
				3736
				3737
				3742
				3743
				3819
				3820
				4126
				246
19.08659	72.89725	19.08652	72.89799	248
19.08715	72.90001	19.08686	72.89973	249
19.08768	72.90322	19.08758	72.90282	250
19.08876	72.90681	19.08875	72.90678	251
19.0907	72.90984			253
19.093	72.91241			254
				259
				260
19.0895	72.90269			262
19.09114	72.90237			263
19.09395	72.89894			264
				265
19.08625	72.90856			282
				358
				1381
				1696
				1850
				1851
				1852
				1854
				1916
				1917
				1918
				2011
				2012
				2013
				2473
				2612
19.08738	72.90586			3306
				3672
				4072
				3782
				3783
				3784
				3785
				3786
				3787
				3788
				3789
				3790
				3791
				3792
				3793
				3794
				3795
				3796
				3797
				3798
				3799
				3800
				3801
				3802
				3821
				3822
				3823
				3824
				3969
				3970
				3971
				3973
				3978
				3979
				4002
				4003
				4004
				4005
				4006
				4109
				4184
				4185
				4186
				4188
				4189
				
18.9502	72.82534	18.94948	72.82479	679
				680
				683
				872
				3145
				3165
				1364
19.23211	72.83043	19.23209	72.83142	1365
19.23181	72.83286	19.23177	72.83337	1366
19.23047	72.83851	19.23062	72.83806	1367
				1453
				1596
				2122
				2123
				2856
				2857
				3414
				3415
19.15051	72.8566			642
19.15371	72.85676	19.15371	72.85678	643
				644
		19.17065	72.85923	646
19.13654	72.88174	19.13648	72.88183	1270
				1271
19.15797	72.87442	19.15788	72.87446	1272
19.16484	72.86749	19.16485	72.86725	1273
19.17747	72.83707			1480
				1481
				1484
				1485
				1487
				1488
19.14827	72.87658	19.14857	72.87657	1720
19.15429	72.87876	19.15416	72.87893	1721
19.15833	72.87907	19.15913	72.88222	1722
				1725
19.14483	72.87764	19.14459	72.87778	1726
				1727
				1729
				1730
				1731
				1732
				1733
19.17377	72.86824			1745
				1746
				1947
				2618
				2666
19.15581	72.88422	19.15581	72.88422	2729
19.15713	72.88288			2730
				3195
				3196
				3198
				3283
19.15273	72.88212	19.15093	72.88212	3488
				3489
		19.15272	72.88046	3490
				3667
				3668
				3675
				3679
				3682
				3684
		19.1013	72.5219	3685
19.17198	72.87115	19.17198	72.87127	3689
19.16414	72.87026	19.16438	72.87002	3697
				3734
				3988
19.17195	72.87239	19.17195	72.87219	4041
19.15395	72.87523	19.15443	72.87507	
19.1464	72.84298	19.14655	72.84293	124
19.15715	72.83504			126
19.17196	72.84522			294
19.15276	72.83552			522
19.158532	72.84361			538
				540
19.15174	72.84424	19.15174	72.84424	557
19.15389	72.84505			558
19.15703	72.84578			559
19.16211	72.84604			560
19.16404	72.84585			561
19.1679	72.84547	19.16866	72.84558	562
19.16057	72.83478			969
19.16387	72.83472			970
19.16876	72.83533			971
19.15442	72.83958	19.15441	72.83957	1219
19.15912	72.84051	19.15915	72.84075	1221
19.15897	72.84306			1222
				1308
19.15897	72.84306	19.15907	72.84331	1419
19.16411	72.83495	19.16411	72.83495	1420
19.16345	72.84395	19.16345	72.84395	1455
19.1633	72.84179	19.1633	72.84179	1456
19.16324	72.83948	19.16324	72.83948	1457
				1459
				1460
19.16876	72.83533	19.16876	72.83533	1461
19.16602	72.83485	19.16632	72.83512	1462
19.15715	72.83504			2173
19.16349	72.83578	19.16349	72.83578	2949
				2950
				2951
				2952
				2953
19.17747	72.83707			2987
				3386
19.15173	72.84687			3387
				3388
19.17022	72.83524			3646
				3677
				3680
				3683
				4104
19.05542	72.91054			341
				1715
				3983
				3987
				342
				1086
				2627
18.95458	72.81702	18.95458	72.81702	514
18.96024	72.81732	18.9602	72.8171	696
18.96024	72.81732	18.96024	72.81732	807
18.96472	72.81837	18.96472	72.81837	822
18.96183	72.81438	18.96196	72.81444	1049
18.96531	72.81961	18.96498	72.81978	1133
				1141
				1142
18.96149	72.81987	18.96149	72.81987	
				1148
18.98222	72.81461	18.98194	72.81444	448
18.98	72.81278	18.98	72.81278	993
18.97855	72.81389	18.97835	72.81354	993
19.11633	72.83124			438
				612
19.12077	72.82644	19.12124	72.82623	613
19.12325	72.82432			614
19.10787	72.82989			1277
				1399
19.11473	72.82794	19.11464	72.82827	2540
19.12847	72.85511	19.12948	72.85541	638
19.13538	72.8549	19.1345	72.85538	639
19.13936	72.85465	19.13961	72.85509	640
19.14146	72.85458	19.14635	72.85634	641
19.13928	72.86524	19.13923	72.86582	1172
19.12998	72.86839	19.12953	72.86826	1195
19.13226	72.86962	19.13278	72.86976	1196
19.13607	72.87016	19.13591	72.87008	1197
19.13807	72.87209	19.13823	72.87226	1198
				1199
19.13973	72.86915	19.13964	72.8691	1200
19.13948	72.86077	19.13918	72.86149	1385
19.14094	72.85623	19.14092	72.85653	1386
19.1298	72.84989			1463
19.1268	72.85518			1464
				1465
19.13561	72.85052			1466
19.1368	72.85335			1468
19.13783	72.85638			1469
				1470
				1482
		19.13875	72.86353	1483
19.12643	72.86373			1632
				1633
				1930
				1932
				1933
				1934
				2006
19.13387	72.87009	19.13402	72.86925	2287
19.14049	72.85857	19.14029	72.85872	2399
19.13907	72.86364			2450
19.14623	72.85575	19.14635	72.85635	3002
19.13681	72.85335			3429
				3441
				3591
				3593
19.13832	72.8707	19.13845	72.87074	3596
19.13412	72.86651			3614
19.12959	72.86501			3628
				3994
19.13992	72.86774	19.13969	72.86732	
19.13388	72.84782			122
19.14091	72.84319	19.14157	72.84337	123
19.14416	72.84207			291
				292
				293
19.14685	72.83669	19.14685	72.83669	295
19.13146	72.84769	19.13382	72.84115	555
19.13836	72.84524	19.13794	72.84594	556
19.15085	72.83152			1407
				1427
				3705
				3706
				3707
				3708
				3709
19.0859	72.82796	19.08599	72.82813	134
19.09008	72.82746	19.09008	72.82746	135
19.09221	72.82793	19.09221	72.82793	136
19.09542	72.82822	19.09542	72.82822	137
19.10346	72.82692	19.10346	72.82692	468
				469
19.0997	72.82757	19.0997	72.82757	470
				471
				507
				518
				520
19.11567	72.83494			527
19.11805	72.82877	19.11805	72.82877	528
19.10368	72.83201			1276
19.11363	72.83687			1280
19.08539	72.83042	19.08539	72.83042	1398
				1717
				2099
				2100
				2101
19.12539	72.82242	19.12539	72.82242	2862
				3717
19.08832	72.82721			3975
				3910
				3911
				3912
				3913
18.98466	72.8422	18.9846	72.84231	273
18.98745	72.84152	18.9874	72.84144	710
18.98808	72.83926	18.98808	72.83926	711
18.98815	72.84112	18.98811	72.84202	722
				869
				870
				2131
				2132
		18.97967	72.84347	2744
18.98765	72.83567	18.9899	72.83573	3475
18.98763	72.83567	18.98951	72.83602	3475
18.98837	72.83661			3475
				3856
				3857
				3858
				3859
				3860
				3861
19.07785	72.86193	19.07741	72.86207	604
19.07336	72.86092			605
				606
				608
				1641
19.08067	72.85898	19.08061	72.85894	1643
				2129
				3627
				3629
				3630
		19.07384	72.86923	3631
				3633
				3635
19.0740361111111	72.8520722222222			3812
				3817
		19.07491	72.86063	3818
				3990
				4124
				4125
				4149
				4015
				4016
				4017
				4018
				4146
				4151
				4152
				3852
				3853
				3854
				3855
19.19876	72.86072	19.19929	72.86099	655
19.2113	72.86827	19.21174	72.86876	657
19.20205	72.85407			1539
19.20185	72.85639			1540
19.20158	72.8605	19.20158	72.8605	1541
19.20062	72.8633	19.20096	72.86366	1543
19.20128	72.86634	19.2013	72.86613	1544
19.20073	72.8709	19.20067	72.8716	1545
19.1992	72.87307			1546
		19.19757	72.87214	1547
19.19711	72.87505			1548
19.20008	72.87833	19.20013	72.87823	1550
19.20109	72.87891	19.20453	72.87845	1551
19.20106	72.87881			1552
19.20851	72.86416			1602
				1603
				1734
19.2131	72.86327			2390
19.20893	72.86316	19.20893	72.86316	2391
19.21012	72.86319			2392
19.19711	72.87505			2835
19.20124	72.86491	19.20114	72.86483	2850
19.2099	72.87298	19.21003	72.87305	2873
19.2062	72.87256	19.2062	72.87273	2874
19.20567	72.86911	19.20587	72.86913	2875
19.20828	72.87302	19.20828	72.87302	2963
19.2011	72.87891			3003
19.19506	72.87563			3004
				3178
19.21191	72.87323			3180
19.214412	72.86697			3419
				3705
19.1944	72.86828			3809
19.20128	72.86634			3810
19.19717	72.86999			3811
19.21227	72.86757			3863
19.20964	72.86754			3864
19.20775	72.86632			3865
				3957
				4027
19.2045	72.82839			974
19.19724	72.84763	19.19615	72.84753	1227
		19.2	72.84876	1228
19.20573	72.85007			1229
19.21375	72.85069	19.2137	72.85099	1230
				1231
19.22167	72.85307	19.21999	72.85251	1232
19.21122	72.85153	19.21123	72.85139	1290
19.20842	72.85048	19.20844	72.85071	1297
				1322
				1323
				1324
				1325
				1326
				1327
				1328
				1562
		19.21526	72.83703	1568
				1569
19.20031	72.87692			1583
19.21288	72.84336	19.21275	72.84316	2158
19.21442	72.83952	19.21441	72.83938	2281
19.21231	72.84685	19.21219	72.84686	2719
19.21319	72.84122	19.21354	72.84138	2720
				2723
				2724
				2772
19.20203	72.84893	19.20209	72.84914	2849
19.21533	72.83327	19.21534	72.82427	2986
				3297
19.21379	72.83692	19.21345	72.83693	3298
				3584
19.20863	72.83496	19.2087	72.83531	3611
19.20374	72.83411	19.20387	72.83438	3613
				3617
19.20629	72.83465			3619
				3686
				3687
				3698
				3780
				3781
				3989
				4028
19.23447	72.86616			4029
				4030
				4031
				4032
				4066
				4067
				4068
				4069
				4070
				4081
19.21234	72.83242	19.21234	72.83242	4082
19.21061	72.83041	19.21065	72.8305	4083
19.21507	72.81613	19.21523	72.81611	4119
19.21351	72.8332	19.21341	72.83331	4120
				
19.21701	72.86674			658
19.20546	72.86559			1572
				2964
				389
				1261
				3950
				406
				407
				408
				2027
				1008
				1009
				1010
				2057
				2750
				3571
				4092
				4093
				4094
				4095
				4096
				4097
				109
				517
19.06784	72.84641	19.06831	72.84679	64
				110
19.06871	72.8336	19.06941	72.83349	459
		19.07071	72.83716	460
19.07613	72.83423	19.07499	72.83367	461
				525
19.07127	72.82207			1095
19.07487	72.823	19.07441	72.82266	1097
19.07502	72.82616	19.07482	72.82662	1098
19.07327	72.83073	19.07312	72.83084	1100
				1102
				1348
19.07388	72.82911	19.0739	72.82909	2937
19.07244	72.83282	19.07235	72.833	2938
				3848
				3849
				3850
				3851
				3934
				3935
				3936
				3937
				3938
				3939
				3986
				4019
				4020
				4021
				4022
19.02365	72.85202			148
19.02678	72.85468			149
19.03259	72.85856			150
				215
				216
				852
				3035
				1886
				1887
				1888
				1889
				2645
				2991
				3001
				3959
				4127
				4128
19.05504	72.88244	19.05527	72.88271	161
19.05837	72.88274			162
19.06005	72.88339			163
19.05966	72.88541	19.05954	72.88547	164
19.06169	72.88364	19.06194	72.88368	165
				169
19.05764	72.88813			319
19.05778	72.88672			1761
19.05437	72.88155			2286
				238
				239
				240
				241
19.06783	72.87884			242
19.08183	72.88171	19.08222	72.88204	243
19.08555	72.88138	19.08615	72.88103	360
	72.8831			361
19.07533	72.87869			590
				607
19.07338	72.88031	19.07338	72.88031	610
				611
				842
				1247
19.0773	72.87856	19.0773	72.87856	1248
19.079	72.87966	19.07904	72.87987	1249
				1639
19.08065	72.87259	19.08065	72.87259	1640
				1678
				1790
				2128
				4049
				4050
				4051
				4052
				4053
				4054
18.99274	72.83642	18.99314	72.83654	22
18.99274	72.83642	18.99212	72.8364	22
18.99196	72.83636	18.99196	72.83636	22
				808
				3570
18.99695	72.83121	18.99752	72.83131	56
18.99714	72.83118	18.99684	72.8314	56
18.9897	72.82841	18.99825	72.82818	713
18.99848	72.82511	18.99852	72.82522	714
				775
18.99774	72.82709			781
18.99537	72.82576	18.99773	72.82709	
19.14457	72.80187			1494
19.19659	72.81611	19.19659	72.81654	1496
19.16151	72.78637			1508
19.15189	72.79065	19.15227	72.79027	1511
19.14424	72.7903	19.14473	72.79026	1512
19.14123	72.78998	19.14159	72.78984	1513
19.14063	72.79121	19.14068	72.79102	1514
19.14264	72.7978	19.14285	72.79848	1515
19.14819	72.79077	19.14773	72.79071	2615
19.1415	72.79407	19.14159	72.79456	2616
19.14202	72.79568	19.1419	72.79639	3772
				1598
18.98328	72.8242	18.98337	72.82442	697
		18.97648	72.80831	
18.97975	72.82031	18.97975	72.82031	
18.98324	72.82414	18.98301	72.82423	697
18.98339	72.82452	18.98339	72.82452	697
				1128
18.97894	72.81559	18.97861	72.81501	1149
				1892
				1893
				1895
				2702
				2767
				2768
				3143
				4085
				4086
				4087
				4088
				4089
				4090
18.94571	72.83404			11
				678
19.03371	72.84235	19.03445	72.84231	33
19.03402	72.84225	19.03349	72.84221	33
19.03414	72.8422			33
				36
19.04112	72.84086	19.04143	72.84086	44
19.03969	72.84154	19.04104	72.84098	44
		19.04037	72.84102	44
19.04012	72.84161	19.04012	72.84161	44
19.04618	72.84346	19.04616	72.84353	728
19.03968	72.84169	19.04143	72.84086	777
				835
19.04455	72.84455			931
19.03408	72.83861	19.05644	72.84679	1063
19.04598	72.83838	19.04658	72.83851	2449
				2794
19.03797	72.842	19.03953	72.84163	3231
19.03723	72.84235	19.03723	72.84235	3231
19.04564	72.84218			3340
		19.04292	72.84557	
19.03457	72.84781	19.03422	72.8477	913
		19.04296	72.84169	
				192
				193
				194
				195
				196
				1805
				2568
				3335
19.17951	72.85815			652
19.18002	72.85952			652
19.18974	72.86662	19.19159	72.86636	653
19.18776	72.8583			654
				1535
19.18847	72.85398			1536
19.18362	72.85039			1537
				1737
19.18077	72.8532	19.18077	72.8532	1739
19.17866	72.85126	19.17866	72.85126	1740
				1741
19.1874	72.85029			1743
				1949
19.18346	72.85244			1997
19.18569	72.85914	19.18577	72.85962	1998
		19.18633	72.86042	1999
19.18048	72.85438	19.1803	72.85437	2000
19.18556	72.86381	19.18633	72.86043	2001
19.1856	72.86382	19.18567	72.86371	2002
19.18416	72.86365			2003
				2004
19.1876	72.86333			2089
19.18701	72.86258	19.188	72.86562	2090
				2091
19.18971	72.86659	19.1897	72.86665	2092
19.17698	72.86971			2160
		19.18462	72.85014	2161
19.18146	72.85739			2163
19.17822	72.86852			2165
				2784
				2785
19.19353	72.86587			2786
19.18004	72.86243	19.1792	72.86252	2799
19.18409	72.86394	19.18416	72.86391	2809
				2896
				3640
19.19495	72.86565			3965
19.17735	72.8459			564
19.18031	72.83655			565
19.18943	72.83556	19.18943	72.83556	566
19.19362	72.83436	19.19362	72.83436	567
19.19565	72.83508	19.1945	72.834	568
19.19627	72.82687	19.1964	72.82696	569
19.17509	72.83728	19.17509	72.83728	972
19.18274	72.84714			1224
19.19287	72.84714			1226
19.17538	72.84529	19.17538	72.84529	1285
19.18082	72.84691			1286
19.19611	72.82465			1309
19.20099	72.82804			1316
19.19633	72.80835	19.19643	72.80871	1335
19.19213	72.84421	19.19213	72.84421	1336
				1428
19.19262	72.84167			1429
19.18981	72.84878			1493
19.19637	72.81847	19.19628	72.81878	1495
19.17649	72.79755	19.17654	72.79744	1504
19.17304	72.79721	19.17369	72.79731	1505
19.19893	72.79885	19.19901	72.79875	1516
19.18786	72.84242			1517
19.19163	72.84581			1518
				1520
				1524
				1526
				2084
				2085
				2086
				2087
				2088
19.179	72.86441			2164
				2516
				2517
19.15388	72.78917	19.15368	72.78929	2614
				2665
19.19617	72.82465	19.19617	72.82469	2998
19.19582	72.83189	19.19582	72.83189	3221
				3222
				3272
				3273
19.18421	72.83604	19.18421	72.83604	3318
19.19562	72.83273	19.19451	72.83398	3327
				3575
				3576
				3577
				3597
19.20015	72.83399			3610
				3673
				3678
				3691
19.18613	72.83575	19.18613	72.83575	3716
				4033
				4034
				4035
19.17509	72.83728			4130
				4131
				4160
				542
19.1958	72.82154	19.19589	72.82158	570
		19.1131	72.4918	571
				572
				573
19.19631	72.81061	19.19637	72.81101	1497
19.19633	72.80835			1498
				3292
				3293
				3294
				3295
				3980
				3981
				3982
19.05188	72.93624			2640
19.04198	72.93482	19.04173	72.93538	356
				1028
				1837
19.04523	72.92514			2714
				3462
				3463
19.04264	72.93041			3948
18.92839	72.82369	18.9286	72.82364	50
18.92774	72.82811	18.92792	72.82813	130
18.92723	72.82988			139
				311
18.92667	72.82085			804
18.93117	72.82638			988
18.92161	72.82649	18.92178	72.82645	1048
				2106
18.92571	72.83035	18.92567	72.8306	2672
18.92568	72.82688	18.92449	72.825	3368
18.92542	72.82473			3369
18.92912	72.82333			3650
18.92315	72.82649			3652
18.92301	72.82344			3653
18.92449	72.825			3655
				3700
18.94156	72.82367			439
18.94638	72.82146	18.9451	72.8225	498
18.94847	72.81994	18.94932	72.81945	499
18.95596	72.8111	18.95606	72.81149	500
18.94158	72.82374	18.94119	72.82394	1113
18.95436	72.81486	18.95437	72.81457	1117
18.93066	72.82259			
18.93834	72.82688	18.94578	72.82694	902
18.94161	72.82635	18.9416	72.82636	
				3808
19.11408	72.88002	19.11854	72.88035	359
				363
19.10806	72.87936	19.10866	72.87765	365
19.10805	72.87978			365
				365
19.11219	72.87919	19.11219	72.87919	366
19.11745	72.86338	19.11745	72.88338	367
19.11798	72.86564	19.11774	72.86429	629
19.11101	72.87208	19.1105	72.87296	1167
19.1095	72.87523	19.1095	72.87523	1170
19.12451	72.86446	19.12432	72.86449	1191
19.12556	72.86277	19.12568	72.86282	1192
19.12676	72.86702			1194
19.12388	72.87987			1269
				1382
19.11978	72.86365	19.12022	72.86388	1384
				1699
				1704
				1705
19.12929	72.86965	19.12948	72.87007	1707
				1754
		19.12292	72.88693	1935
19.11795	72.88474	19.11882	72.88532	1937
19.12157	72.88579			1939
19.12171	72.87041	19.12058	72.87058	2218
19.12168	72.88001	19.12147	72.88006	2444
				2605
19.10657	72.87514	19.10683	72.87496	3301
19.1171	72.88088	19.1171	72.88088	3304
19.11531	72.87979	19.11531	72.87979	3397
				3477
				3478
19.10321	72.8884			3479
19.13264	72.87456			3516
				3578
				3579
				3637
19.1234	72.87179	19.1234	72.87179	3669
				3840
				3841
				3842
19.19186	72.79841	19.19186	72.79841	1500
19.19552	72.80004	19.19552	72.80004	1521
				13
19.02157	72.85044			147
19.03061	72.85784			
				207
				942
				943
				944
				951
				3344
19.02998	72.84167	19.0296	72.84171	32
19.02713	72.84612	19.02386	72.84513	911
19.02998	72.84703	19.03139	72.84759	912
				1802
				1803
18.96906	72.8381	18.96882	72.83839	99
18.96864	72.84129	18.96844	72.84142	100
				101
				102
18.95798	72.84736	18.95812	72.8473	665
				667
				670
				708
				721
				992
				1011
				2048
				2049
				2050
				2051
				2052
				2053
				2054
				2055
				2056
				2058
				2356
				2578
				2594
				2595
				2749
				2751
				2847
				2848
				3467
				3606
				3609
				3621
				3883
				3884
				3885
				3942
				3943
				3944
				3945
				3947
				3995
				3996
				3997
				3998
				3999
				4057
				4058
				4140
				
				
				2096
				1259
				1262
		19.09997	72.5782	1263
		19.10071	72.577	1264
				1265
				1267
				1268
				1811
				1812
				1813
				1817
				1818
				1819
				2150
				2219
				2220
				2490
				2703
				2836
				2837
				2838
				3692
				3725
				3729
				3730
				3732
		19.1015	72.5757	4026
				4073
				4074
				4075
				4076
				
19.18661	72.94628			397
				420
				423
				424
				426
				428
19.17271	72.95665			430
				434
				435
19.18323	72.94825			436
				437
				476
				477
				478
				479
				480
				481
				491
				492
				494
				1020
				1244
				1252
				1253
				1255
				1256
				1610
				1612
				1613
				1614
19.17803	72.94349	19.17803	72.94349	1859
19.1769	72.93866	19.17715	72.93897	1860
19.1746	72.93719	19.17453	72.93715	1861
19.17274	72.93587	19.1732	72.93466	1862
19.1714	72.93405	19.17147	72.93387	1863
19.1677	72.93187	19.16829	72.93188	1864
		19.18274	72.94207	2330
				2331
				2332
				2333
				2334
				2335
				2393
				2394
				2395
				2396
				2458
				2591
				2774
19.1699	72.93239	19.17004	72.93226	2801
19.16656	72.92978	19.16674	72.92986	2805
				2845
				2851
19.176	72.93767	19.176	72.93767	2852
				3426
				3487
				3582
				3624
				3625
				4164
				4165
				483
18.96772	72.82001	18.96837	72.82014	485
18.96765	72.8202	18.96827	72.81996	485
18.9737	72.82261	18.97321	72.82255	486
18.97748	72.82403	18.97748	72.82403	487
				828
				881
18.97014	72.82128	18.97024	72.82114	2668
				1120
				4147
				4148
18.96658	72.83255	18.9671	72.83283	16
18.96646	72.83259	18.97059	72.83283	17
18.97051	72.83282	18.97051	72.83282	17
18.96985	72.83494	18.96985	72.8351	98
				754
18.96708	72.82741	18.96708	72.82741	755
				880
				884
				885
				1125
18.96708	72.82741	18.96708	72.82741	1126
18.96892	72.83327	18.96873	72.83314	2683
				4150
18.96228	72.83201	18.96356	72.83227	
				2488
				3465
				3588
18.96131	72.81311			501
				758
				759
18.95992	72.81228			845
18.95089	72.79607			589
				591
				592
18.95241	72.79713	18.95291	72.79751	593
18.95552	72.79846	18.95463	72.79837	594
18.96138	72.80141	18.96464	72.80327	596
18.9636	72.80302	18.96638	72.8035	597
18.96833	72.80343	18.96855	72.80373	598
18.97069	72.80473	18.9724	72.80502	599
18.97462	72.80625	18.97462	72.80625	600
18.97625	72.80844	18.97615	72.80738	601
				3728
18.9568	72.7997	18.95631	72.79943	3738
				1018
				1042
				1043
				1044
				1955
				1960
				1982
				1985
				2646
				2992
				3915
				3916
				3917
				3919
				3920
				3921
				3922
				3923
				3926
				3927
				3929
				3930
				3931
				3941
				3958
				442
18.9602	72.81711	18.95551	72.81628	666
				695
18.95851	72.81967	18.96145	72.81994	1109
18.95917	72.81446	18.9593	72.81453	3433
				125
19.13186	72.83343			530
				534
				535
				536
				960
				961
				962
				963
				964
19.14712	72.83136	19.14831	72.83138	1404
				1405
				1408
				1421
				2631
				2632
				3410
				3710
19.14656	72.84645			3711
19.14787	72.84814			3712
				3955
				3956
				
				24
19.00433	72.84111	19.00455	72.84081	25
19.00493	72.84033			25
19.01066	72.8428	19.01066	72.8428	26
19.00977	72.84252	19.00977	72.84252	26
19.00974	72.84241	19.00974	72.84241	26
19.00867	72.84179	19.00867	72.84179	26
18.99743	72.84041	18.99775	72.84076	203
19.00152	72.8407	19.00157	72.8408	204
19.00446	72.84315	19.00444	72.84307	232
19.00149	72.84425	19.00153	72.84415	545
18.9994	72.83999			823
				824
				846
				898
				2967
19.01226	72.83126			3124
19.00265	72.84283	19.00279	72.84256	3502
18.96722	72.80778	18.96694	72.80778	444
18.96944	72.80889		72.80917	445
18.97333	72.80889	18.97278	72.80917	446
				1564
				1565
19.21442	72.83952	19.21441	72.83938	2282
19.21527	72.83574	19.21543	72.83581	2721
19.21234	72.84514	19.21216	72.84527	2766
				3862
				3895
				371
19.1257	72.89437			372
19.11492	72.88895	19.11581	72.88921	1168
19.12747	72.91849			1179
19.12554	72.91689	19.12467	72.91594	1180
				1181
19.12314	72.8983	19.12311	72.89803	1182
				1201
				1202
				1203
				1204
19.11969	72.90253	19.12018	72.89961	1627
				1870
19.12627	72.89055	19.12637	72.8901	1940
19.11925	72.90378	19.11919	72.90386	2275
19.12296	72.91307	19.12327	72.91275	2306
19.12059	72.91279	19.11968	72.91235	2307
19.11897	72.90823	19.11898	72.90833	2308
19.12049	72.90655	19.12039	72.90688	2526
				2620
				2621
19.1177	72.90533	19.11758	72.90551	2622
19.12929	72.88146			3815
				3898
				3899
				3900
19.12385	72.893	19.12379	72.89251	3974
19.11173	72.91075			4071
19.11581	72.9119	19.116	72.91171	4129
19.12844	72.88733	19.12845	72.88729	
		19.12016	72.89075	
19.01433	72.83549	19.01421	72.8353	60
19.01423	72.82357	19.01407	72.82359	400
19.01237	72.82284	19.01294	72.82462	400
19.01241	72.82281	19.01283	72.82583	400
19.01412	72.83008	19.01412	72.83008	402
19.01358	72.8295	19.01358	72.8295	402
19.01336	72.82884	19.01336	72.82884	402
19.01329	72.82822	19.01329	72.82822	402
19.01412	72.83008	19.01283	72.82583	402
19.01801	72.83126	19.01885	72.83124	403
19.01575	72.82783			403
19.01612	72.82836			403
19.01869	72.83387			404
19.01359	72.83343	19.00147	72.83272	576
19.02294	72.83462	19.024	72.83519	2792
19.01467	72.83048			
				218
				219
				307
				313
				315
				317
				2359
				3695
				1104
				762
				1651
				1652
				1654
				1655
				1656
				2854
				3316
				3383
				3443
				3991
18.97653	72.84418	18.97653	72.84418	
				734
				735
				1653
				1687
19.10388	72.87453	19.10381	72.8744	2115
19.10526	72.88592	19.10516	72.8856	1697
19.10568	72.88515	19.10559	72.88524	1697
				676
				677
				687
				688
				3906
				3907
				3908
				3909
19.08006	72.84952	19.07906	72.84715	79
19.07878	72.84668	19.08043	72.84595	79
19.07523	72.84704	19.07523	72.84704	577
				578
19.08067	72.85208	19.08067	72.85208	602
19.08061	72.85894	19.08198	72.85795	603
				645
19.08103	72.84206			1623
19.08158	72.85564	19.08178	72.8556	1642
				1948
19.08298	72.85329			2077
19.08345	72.85215			2078
19.08045	72.84543	19.08045	72.84543	2191
				2624
19.08098	72.85033			2625
				3392
				3499
				3500
19.07611	72.84907			3592
				3595
				3599
19.07611	72.849			3600
				3603
19.07878	72.85138			3605
				3616
				3622
19.07866	72.84981			3626
				3816
19.08696	72.8382	19.08696	72.8382	112
19.08701	72.838	19.08696	72.83825	112
19.09122		19.09122	72.83852	113
19.09129	72.83842	19.09115	72.83832	113
19.09183	72.83859			113
19.08433	72.8356			132
19.08464	72.83286	19.08469	72.83294	467
19.079	72.83433			551
				985
				986
				1391
				1713
				2710
				3391
				3918
				3940
18.97603	72.83196	18.97603	72.83196	488
18.98251	72.82793			488
18.98386	72.82942	18.98379	72.82923	489
				1144
18.98883	72.84574			275
18.99851	72.85335			276
18.99219	72.85016			277
18.98131	72.85371			278
18.99503	72.85359	19.00544	72.85382	279
				303
18.99819	72.8525			541
18.99866	72.84966	18.99837	72.84973	543
19.00062	72.84605			544
				724
18.99482	72.84884			725
18.99218	72.8502			738
				785
				2966
				2968
				2969
				2970
18.99652	72.85306			3267
18.99979	72.85099			3587
				1659
				3239
				3240
				337
19.06237	72.91671	19.06257	72.91693	343
				1025
19.05347	72.93514			1027
				1756
19.05845	72.92487			1826
				2250
19.05696	72.92783			2251
				2842
19.05917	72.91469			2891
				2897
				3158
				3976
19.05632	72.92998			3977
19.06378	72.91218	19.06374	72.91298	
19.02621	72.84088	19.02584	72.8408	31
19.02388	72.83919	19.02431	72.83933	31
19.02674	72.83647	19.02698	72.83665	832
19.02876	72.83763	19.02878	72.83763	833
19.02069	72.83304	19.02171	72.83352	1060
19.03592	72.86017			151
				152
19.04807	72.86812			155
				217
19.04573	72.86513			305
				1246
18.96541	72.8129	18.965	72.8128	502
18.97028	72.81494			503
18.97307	72.81423	18.97743	72.81154	504
				858
				859
				860
				3806
				3807
				3825
				3826
				3827
				3828
				4077
				4079
				4091
19.18789	72.96417			484
				495
				3803
				3804
				3805
19.19167	72.96852			3866
19.19418	72.97051			3867
				3868
19.20345	72.97186			3869
				3870
				3871
19.20613	72.98015			3872
19.20601	72.98222			3873
19.20821	72.98267			3874
				3875
				3876
				3877
				3878
				3879
				3880
				3881
				3882
				3901
				3949
				4008
		19.1316	72.5923	4009
				4010
				4011
				4012
				4013
				4014
				4099
				4100
				4101
19.21471	72.97608			4110
19.21631	72.97385			4111
19.21817	72.97014			4112
19.22201	72.96982	19.22201	72.96994	4114
				4115
19.22787	72.96964			4116
19.2284	72.96768			4117
19.22887	72.96614			4118
				4139
				4188
				344
19.03832	72.94481	19.03832	72.94481	357
19.04088	72.93965	19.04088	72.93965	1057
				1058
19.00618	72.82963	19.00622	72.82988	887
18.99165	72.82403	18.9921	72.82426	3724
				1029
				1030
				1031
				1032
				1033
				1034
				1035
				1036
				1038
				1039
				1040
				1041
				1881
				1883
				1884
				1885
				1905
				1964
				1966
				1976
				1978
				1983
				1984
				2661
				2662
				2663
				2664
				2990
				3275
				3681
				3903
				2567
				3336
				3338
19.13957	72.80847			1212
19.13062	72.81409	19.13042	72.81424	1215
19.13264	72.81239	19.13264	72.81239	1216
19.13536	72.80999	19.13536	72.80999	1217
19.13839	72.80669	19.13839	72.80669	1450
				2863
				3727
				3735
19.07485	72.90314			3739
19.08513	72.88747	19.08512	72.88515	244
19.08484	72.89034	19.08475	72.88985	245
				245
19.0854	72.89332			1250
				1628
19.0824	72.89564			1629
19.08195	72.89437			1630
				1631
19.08082	72.89087			1634
				1688
19.08238	72.88578			1689
19.08238	72.88578			4044
				4046
				4047
				368
				375
				328
19.118056	72.93722			331
				381
19.12556	72.93267			388
				1177
19.11371	72.93369			1779
19.11509	72.93264			1780
19.121267	72.930658			1781
19.12152	72.93063			1782
19.12388	72.9287			1783
19.14328	72.93981	19.11171	72.92584	1872
19.12224	72.94033			1876
				2293
				2607
19.12008	72.94001			2886
19.1186	72.94081			3666
19.1138	72.93582	19.11359	72.93556	3688
				4036
19.11567	72.94071			
				255
19.10087	72.9189	19.10087	72.9189	257
				266
				267
				268
19.10782	72.92391	19.1085	72.92416	382
19.11352	72.92618			384
19.11705	72.92611	19.11816	72.92594	385
19.12156	72.92563	19.12201	72.92534	386
19.12447	72.92534	19.12439	72.92521	387
19.1044	72.92147	19.10484	72.92162	1023
19.09954	72.91764	19.09871	72.91715	1251
19.1015	72.91128			1836
				1841
				1926
				2924
				2978
				2980
				2981
19.106944	72.919722			2982
				2983
				3215
19.11808	72.92408			3740
				3741
				3897
				4048
19.09187	72.84639	19.092	72.84578	66
19.09708	72.85107	19.09708	72.85107	67
19.09751	72.84936	19.09753	72.84911	68
19.10481	72.85206	19.10481	72.85206	70
19.10347	72.84968	19.10361	72.85001	71
19.10736	72.85197	19.10712	72.85193	72
19.10333	72.84848	19.10333	72.84848	80
19.09998	72.85283			86
19.09751	72.84936	19.09867	72.84483	622
19.09866	72.84466	19.10061	72.84466	622
19.10085	72.84464			622
19.10304	72.84536	19.10304	72.84584	623
19.09977	72.85399	19.10105	72.85478	633
19.10372	72.85152	19.10361	72.85131	634
19.10528	72.85368	19.10226	72.85469	634
19.10064	72.85207			663
19.09055	72.84416	19.09055	72.84416	1103
19.0935	72.85585	19.0933	72.85272	1471
19.09623	72.85419			1473
19.10283	72.84582	19.10283	72.84582	1644
19.10567	72.84669	19.10582	72.84682	1645
19.10807	72.84856	19.10807	72.85856	1646
19.09613	72.84385	19.09603	72.84382	1711
19.09411	72.85178	19.09216	72.84379	1712
19.09352	72.85585	19.09352	72.85585	3665
19.09784	72.85354	19.09784	72.85354	
19.09411	72.85178	19.09367	72.85167	
19.09505	72.83958	19.09511	72.83952	114
19.09621	72.83948			114
19.10227	72.83932	19.10234	72.83961	115
19.09942	72.83958	19.09942	72.83958	115
19.10739	72.84023	19.10699	72.8401	116
19.10364	72.83677			506
19.10435	72.83929	19.1046	72.83972	554
19.10368	72.83201			1275
19.11321	72.82993	19.11321	72.82993	1278
19.1132	72.8297	19.1132	72.8297	1279
19.09931	72.83954			1390
				4145
				212
19.018842	72.860564			227
				228
				230
19.046608	72.878258			297
				769
19.017692	72.864111			770
				771
				1658
19.030667	72.867772			2241
19.020664	72.875			2242
				208
19.011947	72.8543083333333			209
				210
				214
				280
19.016111	72.8575			281
19.019278	72.856694			304
19.0149	72.85239			473
				825
				844
				1160
				1162
19.016111	72.8575			3583
				674
				675
18.95571	72.80926			751
18.94686	72.7958			863
18.94824	72.79861	18.94824	72.79861	864
18.94929	72.8006	18.94929	72.8006	865
18.95003	72.80167	18.95082	72.80199	866
18.95244	72.80492	18.9517	72.80449	867
18.95372	72.80687	18.95372	72.80687	868
18.95526	72.80456	18.95531	72.8045	980
18.95321	72.80318	18.95328	72.80292	981
18.94993	72.79978	18.94987	72.79947	982
18.94863	72.79832	18.94858	72.79784	983
18.9722	72.80495	18.9722	72.80495	599
19.01664	72.82098			396
19.01142	72.82093	19.01132	72.82112	399
19.01254	72.82281			401
18.98849	72.81399			449
18.98891	72.81383			449
18.98949	72.8138	18.98924	72.81399	449
18.98849	72.81399	18.98954	72.8187	449
18.98966	72.81391	18.98924	72.81399	450
18.9897	72.81385			450
18.98993	72.81394			450
18.98997	72.81385			450
18.99489	72.81545	18.9949	72.81568	451
18.99682	72.81824	18.99749	72.81805	452
18.99668	72.81821	18.99749	72.81806	452
18.99568	72.81911	18.99568	72.81911	452
19.00201	72.8191	19.00183	72.81917	453
19.00531	72.82098	19.00465	72.82077	454
19.00715	72.81883	19.00717	72.81865	455
19.0073	72.81847	19.00569	72.81812	455
				455
19.00914	72.81966	19.00592	72.81806	455
19.00914	72.81966	19.00937	72.81978	456
19.00947	72.82009	19.00947	72.82009	456
19.0012	72.81541			523
19.00317	72.81583	19.00085	72.81608	523
19.0082	72.81444	19.0083	72.81473	524
18.98568	72.82403	18.98685	72.82366	698
18.98795	72.82292	18.98948	72.82218	699
18.99069	72.82302		72.82305	699
18.99323	72.82008	18.99362	72.82007	700
18.99352	72.81995	18.99376	72.82008	700
				701
19.01668	72.82071	19.01645	72.82194	712
18.99833	72.82126	18.99833	72.82126	715
18.99328	72.82235	18.99326	72.82227	716
19.01583	72.82289	19.01639	72.82207	718
19.00628	72.82321			886
19.00536	72.81358	19.0053	72.81379	987
19.00536	72.81358	19.0053	72.81193	989
19.00834	72.81454	19.00824	72.81475	990
18.99812	72.8115	18.99758	72.81192	1075
19.00205	72.81175	19.00218	72.81197	1076
19.0099	72.81821			1077
18.9948	72.81385	18.99483	72.81385	1159
19.00233	72.81423			1664
19.005	72.8157	19.005	72.8157	2644
19.01115	72.81606	19.0111	72.81624	4064
19.00536	72.81358	19.00766	72.81193	
				128
				462
				463
				595
				615
				632
				656
				727
				768
				774
				900
				1147
				1161
				1317
				1321
				1431
				1810
				1880
				1896
				1898
				1899
				1900
				1901
				1902
				1903
				2040
				2149
				2252
				2316
				2476
				2495
				2524
				2575
				2670
				2673
				2674
				2722
				2754
				2907
				2925
				2942
				2943
				2944
				3274
				3355
				3491
				3492
				3495
				3496
				3497
				3498
				3573
				3602
				3639
				3696
				3766
				3891
				3904
				3905
				3914
				3924
				3925
				3928
				3932
				3933
				3946
				3951
				3952
				3966
				3967
				3968
				4007
				4023
				4024
				4025
				4037
				4038
				4039
				4040
				4043
				4045
				4055
				4056
				4059
				4060
				4065
				4078
				4084
				4105
				4106
				4107
				4108
				4113
				4141
				4142
				4144
				4154
				4161
				4162
				4163
				4166
				4167
				4168
				4169
				4170
				4171
				4172
				4173
				4174
				4175
				4176
				4177
				4178
				4179
				4180
				4181
				4182
				4183
				4187
				4190
				4192
				4193
				4194
				4195
				4196
				4197
				4198
				4199
				4200
				4201
				4202
				4203
				4204
				4205
				4206
				4207
				4208
				4209
				4210
				4211
				4212
				4213
				4214
