,85,52,68,56,9,93,82,41,90,110,67,36,18,100,60,20,38,4,114,91,53,8,65,58,117,94,22,88,29,89,70,76
2249,22:45,22:49,22:52,22:55,22:59,23:03,23:06,23:09,23:12,23:15,23:23,23:26,23:28,23:31,23:34,23:37,23:40, , , , , , , ,23:45,23:48,23:51,23:53,23:56,23:58,00:00,00:03
2250, , , , , , , , , , , , , , , , , ,23:31,23:35,23:38,23:41,23:45,23:48,23:51,23:55,23:58,00:01,00:03,00:06,00:08,00:10,00:13
2251,23:00,23:04,23:07,23:10,23:14,23:18,23:21,23:24,23:27,23:29,23:37,23:40,23:42,23:45,23:48,23:51,23:54, , , , , , , ,23:59,00:02,00:05,00:07,00:10,00:12,00:14,00:17
2252,23:06,23:10,23:13,23:16,23:20,23:24,23:27,23:30,23:33,23:36, , , , , , , , , , , , , , , , , , , , , , 
2253,23:16,23:20,23:23,23:26,23:30,23:34,23:37,23:40,23:43,23:46,23:54,23:57,23:59,00:02,00:05,00:08,00:11, , , , , , , ,00:16,00:19,00:22,00:24,00:27,00:29,00:31,00:34
2254, , , , , , , , , , , , , , , , , ,23:58,00:02,00:05,00:08,00:12,00:15,00:18,00:22,00:25,00:28,00:30,00:33,00:35,00:37,00:40
2255,23:31,23:35,23:38,23:41,23:45,23:49,23:52,23:55,23:58,00:01, , , , , , , , , , , , , , , , , , , , , , 
2256,23:44,23:48,23:51,23:54,23:58,00:02,00:05,00:08,00:11,00:14,00:22,00:25,00:27,00:30,00:33,00:36,00:39, , , , , , , ,00:44,00:47,00:50,00:52,00:55,00:57,00:59,01:02
2257, , , , , , , , , , , , , , , , , ,00:33,00:37,00:40,00:43,00:47,00:50,00:53,00:57,01:00,01:03,01:05,01:08,01:10,01:12,01:15
2258,23:59,00:03,00:06,00:09,00:13,00:17,00:20,00:23,00:26,00:29,00:37,00:40,00:42,00:45,00:48,00:51,00:54, , , , , , , ,01:01,01:04,01:07,01:09,01:12,01:14,01:16,01:19
2259,00:15,00:19,00:22,00:25,00:30, , , , , , , , , , , , , , , , , , , , , , , , , , , 
2260,00:27,00:31,00:34,00:37,00:42, , , , , , , , , , , , , , , , , , , , , , , , , , , 
2261,,,,,,,,,,,,,,,,,,,,,,04:10,04:13,04:16,04:21,04:24,04:27,04:29,04:32,04:34,04:36,04:40
2262,,,,,,,,,,04:00,04:08,04:11,04:13,04:16,04:19,04:22,04:25,,,,,,,,04:30,04:33,04:36,04:38,04:41,04:43,04:45,04:48
2263,,,,,03:48,03:52,03:55,03:58,04:01,04:04,04:12,04:15,04:17,04:20,04:23,04:26,04:29,,,,,,,,04:34,04:37,04:40,04:42,04:45,04:47,04:49,04:52
2264,,,,,,,,,,,,,,,,,,,,,,04:30,04:33,04:36,04:41,04:44,04:47,04:49,04:52,04:54,04:56,04:59
2265,,,,,,,,,,04:16,04:24,04:27,04:29,04:32,04:35,04:38,04:41,,,,,,,,04:46,04:49,04:52,04:54,04:57,04:59,05:01,05:04
2266,,,,,04:04,04:08,04:11,04:14,04:17,04:20,04:28,04:31,04:33,04:36,04:39,04:42,04:45,,,,,,,,04:50,04:53,04:56,04:58,05:01,05:03,05:05,05:08
2267,04:00,04:04,04:07,04:10,04:14,04:18,04:21,04:24,04:27,04:29,04:37,04:40,04:42,04:45,04:48,04:51,04:54,,,,,,,,04:59,05:02,05:05,05:07,05:10,05:12,05:14,05:17
2268,,,,,,,,,,,,,,,,,,,,,,04:54,04:57,05:00,05:05,05:08,05:11,05:13,05:16,05:18,05:20,05:23
2269,,,,,,,,,,04:39,04:47,04:50,04:52,04:55,04:58,05:01,05:04,,,,,,,,05:09,05:12,05:15,05:17,05:20,05:22,05:24,05:27
2270,,,,,04:28,04:32,04:35,04:38,04:41,04:44,04:52,04:55,04:57,05:00,05:03,05:06,05:09,,,,,,,,05:14,05:17,05:20,05:22,05:25,05:27,05:29,05:32
2271,04:26,04:30,04:33,04:36,04:40,04:44,04:47,04:50,04:53,04:55,05:03,05:06,05:08,05:11,05:14,05:17,05:20,,,,,,,,05:25,05:28,05:31,05:33,05:36,05:38,05:40,05:43
2272,,,,,,,,,,,,,,,,,,,,,,05:20,05:23,05:26,05:31,05:34,05:37,05:39,05:42,05:44,05:46,05:49
2273,,,,,,,,,,05:05,05:13,05:16,05:18,05:21,05:24,05:27,05:30,,,,,,,,05:35,05:38,05:41,05:43,05:46,05:48,05:50,05:53
2274,,,,,,,,,,,,,,,,,,05:17,05:21,05:24,05:27,05:31,05:34,05:37,05:42,05:45,05:48,05:50,05:53,05:55,05:57,06:00
2275,04:40,04:44,04:47,04:50,04:54,04:58,05:03,,,,,,,,,,,,,,,,,,,,,,,,,05:34
2276,,,,,05:00,05:04,05:07,05:10,05:13,05:16,05:24,05:27,05:29,05:32,05:35,05:38,05:41,,,,,,,,05:46,05:49,05:52,05:54,05:57,05:59,06:01,06:04
2277,,,,,,,,,,05:20,05:28,05:31,05:33,05:36,05:39,05:42,05:45,,,,,,,,05:50,05:53,05:56,05:58,06:01,06:03,06:05,06:09
2278,,,,,,,,,,,,,,,,,,,,,,05:44,05:47,05:50,05:55,05:58,06:01,06:03,06:06,06:08,06:10,06:13
2279,,,,,05:09,05:13,05:18,,,,,,,,,,,,,,,,,,,,,,,,,05:49
2280,05:00,05:04,05:07,05:10,05:14,05:18,05:21,05:24,05:27,05:29,05:37,05:40,05:42,05:45,05:48,05:51,05:54,,,,,,,,05:59,06:02,06:05,06:07,06:10,06:12,06:14,06:17
2281,,,,,,,,,,05:33,05:41,05:44,05:46,05:49,05:52,05:55,05:58,,,,,,,,06:03,06:06,06:09,06:11,06:14,06:16,06:18,06:21
2282,,,,,,,,,,,,,,,,,,05:44,05:48,05:51,05:54,05:58,06:01,06:04,06:09,06:12,06:15,06:17,06:20,06:22,06:24,06:27
2283,,,,,05:27,05:31,05:34,05:37,05:40,05:43,05:51,05:54,05:56,05:59,06:02,06:05,06:08,,,,,,,,06:13,06:16,06:19,06:21,06:24,06:26,06:28,06:31
2284,05:18,05:22,05:25,05:28,05:32,05:36,05:39,05:42,05:45,05:47,05:55,05:58,06:00,06:03,06:06,06:09,06:12,,,,,,,,06:17,06:20,06:23,06:25,06:28,06:30,06:32,06:35
2285,,,,,,,,,,05:52,06:00,06:03,06:05,06:08,06:11,06:14,06:17,,,,,,,,06:23,,,,,,,
2286,,,,,,,,,,,,,,,,,,,,,,06:11,06:14,06:17,06:22,06:25,06:28,06:30,06:33,06:35,06:37,06:40
2287,,,,,05:41,05:45,05:48,05:51,05:54,05:57,06:05,06:08,06:10,06:13,06:16,06:19,06:22,,,,,,,,06:27,06:30,06:33,06:35,06:38,06:40,06:42,06:45
2288,,,,,,,,,,,,,,,,,,06:05,06:09,06:12,06:15,06:19,06:22,06:25,06:31,06:34,06:37,06:39,06:42,06:44,06:46,06:49
2289,05:37,05:41,05:44,05:47,05:51,05:55,05:58,06:01,06:04,06:06,06:14,06:17,06:19,06:22,06:25,06:28,06:31,,,,,,,,06:36,06:39,06:42,06:44,06:47,06:49,06:51,06:54
2290,,,,,05:55,05:59,06:02,06:05,06:08,06:10,06:18,06:21,06:23,06:26,06:29,06:32,06:35,,,,,,,,06:40,06:43,06:46,06:48,06:51,06:53,06:55,06:58
2291,05:45,05:49,05:52,05:55,05:59,06:03,06:07,,,,,,,,,,,,,,,,,,,,,,,,,06:38
2292,,,,,,,,,,,,,,,,,,06:18,06:22,06:25,06:28,06:32,06:35,06:38,06:44,06:47,06:50,06:52,06:55,06:57,06:59,07:02
2293,05:49,05:53,05:56,05:59,06:03,06:07,06:10,06:13,06:16,06:18,06:26,06:29,06:31,06:34,06:37,06:40,06:43,,,,,,,,06:48,06:51,06:54,06:56,06:59,07:01,07:03,07:06
2294,,,,,,,,,,,,,,,,,,,,,,06:40,06:43,06:46,06:52,06:55,06:58,07:00,07:03,07:05,07:07,07:10
2295,05:56,06:00,06:03,06:06,06:10,06:14,06:17,06:20,06:23,06:25,06:33,06:36,06:38,06:41,06:44,06:47,06:50,,,,,,,,06:55,,,,,,,07:32
2296,,,,,06:13,06:18,06:21,06:24,06:27,06:29,06:37,06:40,06:42,06:45,06:48,06:51,06:54,,,,,,,,06:59,07:02,07:05,07:07,07:10,07:12,07:14,07:17
2297,,,,,,,,,,06:33,06:41,06:44,06:46,06:49,06:52,06:55,06:58,,,,,,,,07:03,07:06,07:09,07:11,07:14,07:16,07:18,07:21
2298,,,,,,,,,,,,,,,,,,06:43,06:47,06:50,06:53,06:57,07:00,07:03,07:08,07:11,07:14,07:16,07:19,07:21,07:23,07:26
2299,06:14,06:18,06:21,06:24,06:28,06:32,06:35,06:38,06:41,06:43,06:51,06:54,06:56,06:59,07:02,07:05,07:08,,,,,,,,07:13,07:16,07:19,07:21,07:24,07:26,07:28,07:31
2300,,,,,06:32,06:36,06:39,06:42,06:45,06:47,06:55,06:58,07:00,07:03,07:06,07:09,07:12,,,,,,,,07:17,07:20,07:23,07:25,07:28,07:30,07:32,07:35
2301,06:24,06:28,06:31,06:34,06:38,06:42,06:45,06:48,06:51,06:53,07:01,07:04,07:06,07:09,07:12,07:15,07:18,,,,,,,,07:24,07:27,07:30,07:32,07:35,07:37,07:39,07:42
2302,,,,,,,,,,06:58,07:06,07:09,07:11,07:14,07:17,07:20,07:23,,,,,,,,07:28,07:31,07:34,07:36,07:39,07:41,07:43,07:46
2303,06:33,06:37,06:40,06:43,06:47,06:51,06:54,06:57,07:00,07:02,07:10,07:14,07:17,07:20,07:23,07:26,07:29,,,,,,,,07:34,,,,,,,
2304,,,,,,,,,,,,,,,,,,07:07,07:11,07:14,07:17,07:21,07:24,07:27,07:33,07:36,07:39,07:41,07:44,07:46,07:48,07:51
2305,,,,,06:52,06:56,06:59,07:02,07:05,07:08,07:16,07:19,07:21,07:24,07:27,07:30,07:33,,,,,,,,07:38,07:41,07:44,07:46,07:49,07:51,07:53,07:56
2306,06:40,06:45,06:48,06:51,06:56,07:00,07:03,07:06,07:09,07:12,07:20,07:23,07:25,07:28,07:31,07:34,07:37,,,,,,,,07:42,07:45,07:48,07:50,07:53,07:55,07:57,08:00
2307,06:45,06:49,06:52,06:55,06:59,07:03,07:07,,,,,,,,,,,,,,,,,,,,,,,,,07:38
2308,,,,,,,,,,,,,,,,,,,,,,07:35,07:38,07:41,07:47,07:50,07:53,07:55,07:58,08:00,08:02,08:05
2309,,,,,,,,,,,,,,,,,,,,,,07:35,07:38,07:41,07:47,07:50,07:53,07:55,07:58,08:00,08:02,08:05
2310,06:52,06:56,06:59,07:02,07:06,07:10,07:13,07:16,07:19,07:21,07:29,07:32,07:34,07:37,07:40,07:43,07:46,,,,,,,,07:52,07:55,07:58,08:00,08:03,08:05,08:07,08:10
2311,,,,,,,,,,,,,,,,,,07:31,07:35,07:38,07:41,07:45,07:48,07:51,07:56,07:59,08:02,08:04,08:07,08:09,08:11,08:14
2312,06:58,07:02,07:05,07:08,07:12,07:16,07:19,07:22,07:25,07:27,07:35,07:38,07:40,07:43,07:46,07:49,07:52,,,,,,,,07:57,,,,,,,08:31
2313,,,,,,,,,,07:32,07:40,07:43,07:45,07:48,07:51,07:54,07:57,,,,,,,,08:02,08:05,08:08,08:10,08:13,08:15,08:17,08:20
2314,,,,,,,,,,,,,,,,,,07:42,07:46,07:49,07:52,07:56,07:59,08:02,08:06,,,,,,,08:09
2315,07:08,07:12,07:15,07:18,07:22,07:26,07:29,07:32,07:35,07:37,07:45,07:48,07:50,07:53,07:56,07:59,08:02,,,,,,,,08:07,08:10,08:13,08:15,08:18,08:20,08:22,08:25
2316,,,,,,,,,,,,,,,,,,,,,,08:01,08:04,08:07,08:12,08:15,08:18,08:20,08:23,08:25,08:27,08:30
2317,,,,,07:30,07:34,07:37,07:40,07:43,07:46,07:54,07:57,07:59,08:02,08:05,08:08,08:11,,,,,,,,08:16,08:19,08:22,08:24,08:27,08:29,08:31,08:34
2318,07:20,07:24,07:27,07:30,07:34,07:38,07:41,07:44,07:47,07:50,07:58,08:01,08:03,08:06,08:09,08:12,08:15,,,,,,,,08:20,08:23,08:26,08:28,08:31,08:33,08:35,08:38
2319,07:24,07:28,07:31,07:34,07:38,07:42,07:46,,,,,,,,,,,,,,,,,,,,,,,,,08:17
2320,,,,,,,,,,,08:01,08:06,08:08,08:11,08:14,08:17,08:20,,,,,,,,08:25,08:28,08:31,08:33,08:36,08:38,08:40,08:43
2321,,,,,,,,,,,,,,,,,,08:03,08:07,08:10,08:13,08:17,08:20,08:23,08:28,08:31,08:34,08:36,08:39,08:41,08:43,08:46
2322,07:28,07:32,07:35,07:38,07:42,07:46,07:49,07:52,07:55,07:57,08:05,08:09,08:12,08:15,08:18,08:21,08:24,,,,,,,,08:29,,,,,,,
2323,07:33,07:37,07:40,07:43,07:47,07:51,07:54,07:57,08:00,08:03,08:11,08:14,08:16,08:19,08:22,08:25,08:28,,,,,,,,08:33,08:36,08:39,08:41,08:44,08:46,08:48,08:51
2324,,,,,07:52,07:56,07:59,08:02,08:05,08:08,08:16,08:19,08:21,08:24,08:27,08:30,08:33,,,,,,,,08:38,08:41,08:44,08:46,08:49,08:51,08:53,08:56
2325,07:43,07:47,07:50,07:53,07:57,08:01,08:04,08:07,08:10,08:12,08:20,08:23,08:25,08:28,08:31,08:34,08:37,,,,,,,,08:42,,,,,,,09:14
2326,,,,,,,,,,,,,,,,,,,,,,08:31,08:34,08:37,08:42,08:45,08:48,08:50,08:53,08:55,08:57,09:00
2327,,,,,,,,,,08:16,08:24,08:27,08:29,08:32,08:35,08:38,08:41,,,,,,,,08:46,08:49,08:52,08:54,08:57,08:59,09:01,09:04
2328,07:50,07:54,07:57,08:00,08:04,08:08,08:11,08:14,08:17,08:20,08:28,08:31,08:33,08:36,08:39,08:42,08:45,,,,,,,,08:50,08:53,08:56,08:58,09:01,09:03,09:05,09:08
2329,,,,,08:08,08:12,08:15,08:18,08:21,08:24,08:32,08:35,08:37,08:40,08:43,08:46,08:49,,,,,,,,08:54,08:57,09:00,09:02,09:05,09:07,09:09,09:12
2330,07:58,08:02,08:05,08:08,08:12,08:16,08:19,08:22,08:25,08:28,08:36,08:39,08:41,08:44,08:47,08:50,08:53,,,,,,,,08:58,,,,,,,
2331,,,,,,,,,,,,,,,,,,08:33,08:37,08:40,08:43,08:47,08:50,08:53,08:58,09:01,09:04,09:06,09:09,09:11,09:13,09:16
2332,08:02,08:06,08:09,08:12,08:16,08:20,08:23,08:26,08:29,08:32,08:40,08:43,08:45,08:48,08:51,08:54,08:57,,,,,,,,09:02,09:05,09:08,09:10,09:13,09:15,09:17,09:20
2333,08:06,,,08:16,08:20,,08:27,,,,,,,,,,,,,,,,,,,,,,,,,08:52
2334,,,,,,,,,,,,,,,,,,,,,,08:54,08:57,09:00,09:05,09:08,09:11,09:13,09:16,09:18,09:20,09:23
2335,,,,,,,,,,,,,,,,,,08:40,08:44,08:47,08:51,08:57,09:01,09:04,09:09,,,,,,,09:18
2336,,,,,,,,,,08:38,08:46,08:49,08:51,08:54,08:57,09:00,09:03,,,,,,,,09:08,09:11,09:14,09:16,09:19,09:21,09:23,09:26
2337,08:13,08:17,08:20,08:23,08:27,08:31,08:34,08:37,08:40,08:42,08:50,08:53,08:55,08:58,09:01,09:04,09:07,,,,,,,,09:12,09:15,09:18,09:20,09:23,09:25,09:27,09:30
2338,,,,,,,,,,,,,,,,,,08:52,08:56,08:59,09:02,09:06,09:09,09:12,09:17,09:20,09:23,09:25,09:28,09:30,09:32,09:35
2339,,,,,,,,,,,08:53,08:58,09:02,09:05,09:08,09:11,09:14,,,,,,,,09:20,09:23,09:26,09:28,09:31,09:33,09:35,09:38
2340,08:24,08:28,08:31,08:34,08:38,08:42,08:45,08:48,08:51,08:53,09:01,09:04,09:06,09:09,09:12,09:15,09:18,,,,,,,,09:24,09:27,09:30,09:32,09:35,09:37,09:39,09:42
2341,,,,,,,,,,,,,09:10,09:14,09:18,09:21,09:24,,,,,,,,09:29,09:32,09:35,09:37,09:40,09:42,09:44,09:47
2342,,,,,08:45,08:49,08:52,08:55,08:58,09:00,09:08,09:12,09:15,09:18,09:21,09:24,09:27,,,,,,,,09:32,,,,,,,
2343,,,,,,,,,,,,,,,,,,,,,,09:21,09:24,09:27,09:32,09:35,09:38,09:40,09:43,09:45,09:47,09:50
2344,08:36,08:40,08:43,08:46,08:51,08:55,08:58,09:01,09:04,09:06,09:14,09:17,09:19,09:22,09:25,09:28,09:31,,,,,,,,09:36,09:39,09:42,09:44,09:47,09:49,09:51,09:54
2345,,,,,,,,,,09:10,09:18,09:21,09:23,09:26,09:29,09:32,09:35,,,,,,,,09:40,09:43,09:46,09:48,09:51,09:53,09:55,09:58
2346,,,,,08:58,09:02,09:05,09:08,09:11,09:14,09:22,09:25,09:27,09:30,09:33,09:36,09:39,,,,,,,,09:44,09:47,09:50,09:52,09:55,09:57,09:59,10:02
2347,08:48,08:52,08:55,08:58,09:03,09:07,09:10,09:13,09:16,09:18,09:26,09:29,09:31,09:34,09:37,09:40,09:43,,,,,,,,09:48,09:51,09:54,09:56,09:59,10:01,10:03,10:06
2348,,,,,,,,,,,,,,,,,,09:22,09:26,09:29,09:32,09:38,09:42,09:46,09:52,09:55,09:58,10:00,10:03,10:05,10:07,10:10
2349,08:55,08:59,09:02,09:05,09:10,09:14,09:17,09:20,09:23,09:25,09:33,09:36,09:38,09:41,09:44,09:47,09:50,,,,,,,,09:55,09:58,10:01,10:03,10:06,10:08,10:10,10:13
2350,,,,,09:15,09:19,09:22,09:25,09:28,09:30,09:38,09:41,09:43,09:46,09:49,09:52,09:55,,,,,,,,10:00,10:03,10:06,10:08,10:11,10:13,10:15,10:18
2351,,,,,,,,,,,,,,,,,,09:33,09:37,09:40,09:43,09:47,09:50,09:53,09:58,,,,,,,10:04
2352,,,,,,,,,,,,,,,,,,,,,,09:52,09:56,09:59,10:04,10:07,10:10,10:12,10:15,10:17,10:19,10:22
2353,09:09,09:13,09:16,09:19,09:23,09:27,09:30,09:33,09:36,09:38,09:46,09:49,09:51,09:54,09:57,10:00,10:03,,,,,,,,10:08,10:11,10:14,10:16,10:19,10:21,10:23,10:26
2354,,,,,,,,,,09:43,09:51,09:54,09:56,09:59,10:02,10:05,10:08,,,,,,,,10:13,10:16,10:19,10:21,10:24,10:26,10:28,10:31
2355,09:16,09:20,09:23,09:26,09:30,09:34,09:38,,,,,,,,,,,,,,,,,,,,,,,,,10:10
2356,,,,,,,,,,,,,,,,,,09:52,09:56,09:59,10:02,10:06,10:09,10:12,10:17,10:20,10:23,10:25,10:28,10:30,10:32,10:35
2357,09:22,09:26,09:29,09:32,09:36,09:40,09:43,09:46,09:49,09:51,09:59,10:02,10:04,10:07,10:10,10:13,10:16,,,,,,,,10:21,10:24,10:27,10:29,10:32,10:34,10:36,10:39
2358,,,,,09:40,09:44,09:47,09:50,09:53,09:55,10:03,10:06,10:08,10:11,10:14,10:17,10:20,,,,,,,,10:25,10:28,10:31,10:33,10:36,10:38,10:40,10:43
2359,,,,,,,,,,,,,,,,,,,,,,10:17,10:20,10:23,10:28,10:31,10:34,10:36,10:39,10:41,10:43,10:46
2360,09:32,09:36,09:39,09:42,09:46,09:50,09:53,09:56,09:59,10:01,10:09,10:12,10:14,10:17,10:20,10:23,10:26,,,,,,,,10:31,10:34,10:37,10:39,10:42,10:44,10:46,10:49
2361,,,,,,,,,,10:04,10:13,10:16,10:18,10:21,10:24,10:27,10:30,,,,,,,,10:35,10:38,10:41,10:43,10:46,10:48,10:50,10:53
2362,09:40,09:44,09:47,09:50,09:54,09:58,10:01,10:04,10:07,10:09,10:17,10:20,10:22,10:25,10:28,10:31,10:34,,,,,,,,10:39,10:42,10:45,10:47,10:50,10:52,10:54,10:57
2363,,,,,09:58,10:02,10:05,10:08,10:11,10:13,10:21,10:24,10:26,10:29,10:32,10:35,10:38,,,,,,,,10:43,,,,,,,
2364,,,,,,,,,,,,,,,,,,10:17,10:21,10:24,10:27,10:31,10:34,10:37,10:42,10:45,10:48,10:50,10:53,10:55,10:57,11:00
2365,,,,,,,,,,10:17,10:25,10:28,10:30,10:33,10:36,10:39,10:42,,,,,,,,10:47,10:50,10:53,10:55,10:58,11:00,11:02,11:05
2366,09:52,09:56,09:59,10:02,10:06,10:10,10:13,10:16,10:19,10:21,10:29,10:32,10:34,10:37,10:40,10:43,10:46,,,,,,,,10:51,10:54,10:57,10:59,11:02,11:04,11:06,11:09
2367,09:56,10:00,10:03,10:06,10:10,10:14,10:18,,,,,,,,,,,,,,,,,,,,,,,,,10:49
2368,,,,,,,,,,,,,,,,,,,,,,10:41,10:45,10:48,10:55,10:58,11:01,11:03,11:06,11:08,11:10,11:13
2369,,,,,,,,,,10:30,10:38,10:41,10:43,10:46,10:49,10:52,10:55,,,,,,,,11:00,11:03,11:06,11:08,11:11,11:13,11:15,11:18
2370,10:04,10:08,10:11,10:14,10:18,10:22,10:25,10:28,10:31,10:34,10:42,10:45,10:47,10:50,10:53,10:56,10:59,,,,,,,,11:04,,,,,,,
2371,,,,,10:22,10:26,10:29,10:32,10:35,10:38,10:46,10:49,10:51,10:54,10:57,11:00,11:03,,,,,,,,11:08,11:11,11:14,11:16,11:19,11:21,11:23,11:26
2372,,,,,,,,,,,,,,,,,,10:44,10:48,10:51,10:54,10:58,11:01,11:04,11:11,11:14,11:17,11:19,11:22,11:24,11:26,11:29
2373,10:16,10:20,10:23,10:26,10:30,10:34,10:37,10:40,10:43,10:45,10:53,10:56,10:58,11:01,11:04,11:07,11:10,,,,,,,,11:15,11:18,11:21,11:23,11:26,11:28,11:30,11:33
2374,10:20,10:24,10:27,10:30,10:34,10:38,10:42,,,,,,,,,,,,,,,,,,,,,,,,,11:13
2375,,,,,,,,,,,,,,,,,,,,,,11:09,11:12,11:15,11:20,11:23,11:26,11:28,11:31,11:33,11:35,11:38
2376,10:24,10:28,10:31,10:34,10:38,10:42,10:45,10:48,10:51,10:53,11:01,11:04,11:06,11:09,11:12,11:15,11:18,,,,,,,,11:24,11:27,11:30,11:32,11:35,11:37,11:39,11:42
2377,,,,,10:42,10:46,10:49,10:52,10:55,10:57,11:05,11:08,11:11,11:14,11:17,11:20,11:23,,,,,,,,11:28,,,,,,,
2378,10:34,10:38,10:41,10:44,10:48,10:52,10:55,10:58,11:01,11:03,11:11,11:14,11:16,11:19,11:22,11:25,11:28,,,,,,,,11:33,11:36,11:39,11:41,11:44,11:46,11:48,11:51
2379,,,,,,,,,,,,,,,,,,11:12,11:16,11:19,11:22,11:26,11:29,11:32,11:37,11:40,11:43,11:45,11:48,11:50,11:52,11:55
2380,,,,,10:56,11:00,11:03,11:06,11:09,11:12,11:20,11:23,11:25,11:28,11:31,11:34,11:37,,,,,,,,11:42,11:45,11:48,11:50,11:53,11:55,11:57,12:00
2381,,,,,,,,,,,,,,,,,,,,,,11:36,11:39,11:42,11:47,11:50,11:53,11:55,11:58,12:00,12:02,12:05
2382,10:47,10:51,10:54,10:57,11:01,11:05,11:08,11:11,11:14,11:16,11:24,11:27,11:29,11:32,11:35,11:38,11:41,,,,,,,,11:46,,,,,,,12:16
2383,10:53,10:57,11:00,11:03,11:07,11:11,11:14,11:17,11:20,11:22,11:30,11:33,11:35,11:38,11:41,11:44,11:47,,,,,,,,11:52,11:55,11:58,12:00,12:03,12:05,12:07,12:10
2384,,,,,11:11,11:15,11:18,11:21,11:24,11:27,11:35,11:38,11:40,11:43,11:46,11:49,11:52,,,,,,,,11:57,12:00,12:03,12:05,12:08,12:10,12:12,12:15
2385,11:03,11:07,11:10,11:13,11:17,11:21,11:25,,,,,,,,,,,,,,,,,,,,,,,,,11:56
2386,,,,,,,,,,,,,,,,,,11:37,11:41,11:44,11:47,11:51,11:54,11:57,12:02,12:05,12:08,12:10,12:13,12:15,12:17,12:20
2387,11:08,11:12,11:15,11:18,11:22,11:26,11:29,11:32,11:35,11:37,11:45,11:48,11:50,11:53,11:56,11:59,12:02,,,,,,,,12:07,12:10,12:13,12:15,12:18,12:20,12:22,12:25
2388,,,,,,,,,,,,,,,,,,11:45,11:49,11:52,11:55,12:00,12:03,12:06,12:11,12:14,12:17,12:19,12:22,12:24,12:26,12:29
2389,11:17,11:21,11:24,11:27,11:31,11:35,11:38,11:41,11:44,11:46,11:54,11:57,11:59,12:02,12:05,12:08,12:11,,,,,,,,12:16,12:19,12:22,12:24,12:27,12:29,12:31,12:34
2390,,,,,,,,,,,,,,,,,,,,,,12:12,12:15,12:18,12:23,12:26,12:29,12:31,12:34,12:36,12:38,12:41
2391,,,,,11:41,11:45,11:48,11:51,11:54,11:57,12:05,12:08,12:10,12:13,12:16,12:19,12:22,,,,,,,,12:27,12:30,12:33,12:35,12:38,12:40,12:42,12:45
2392,,,,,,,,,,,,,,,,,,12:05,12:09,12:12,12:15,12:20,12:23,12:26,12:31,12:34,12:37,12:39,12:42,12:44,12:46,12:49
2393,11:36,11:40,11:43,11:46,11:50,11:54,11:57,12:00,12:03,12:05,12:13,12:16,12:18,12:21,12:24,12:27,12:30,,,,,,,,12:35,12:38,12:41,12:43,12:46,12:48,12:50,12:53
2394,,,,,11:55,11:59,12:02,12:05,12:08,12:11,12:19,12:22,12:24,12:27,12:30,12:33,12:36,,,,,,,,12:41,12:44,12:47,12:49,12:52,12:54,12:56,12:59
2395,,,,,,,,,,,,,,,,,,,,,,12:34,12:37,12:40,12:45,12:48,12:51,12:53,12:56,12:58,13:00,13:03
2396,11:50,11:54,11:57,12:00,12:04,12:08,12:11,12:14,12:17,12:19,12:27,12:30,12:32,12:35,12:38,12:41,12:44,,,,,,,,12:49,12:52,12:55,12:57,13:00,13:02,13:04,13:08
2397,,,,,,,,,,12:23,12:31,12:34,12:36,12:39,12:42,12:45,12:48,,,,,,,,12:53,12:56,12:59,13:01,13:04,13:06,13:08,13:11
2398,,,,,,,,,,,,,,,,,,12:25,12:29,12:32,12:35,12:39,12:42,12:45,12:50,,,,,,,12:53
2399,,,,,12:10,12:15,12:18,12:21,12:24,12:27,12:35,12:38,12:40,12:43,12:46,12:49,12:52,,,,,,,,12:57,13:00,13:03,13:05,13:08,13:10,13:12,13:15
2400,12:02,12:06,12:09,12:12,12:16,12:20,12:23,12:26,12:29,12:31,12:39,12:42,12:44,12:47,12:50,12:53,12:56,,,,,,,,13:01,13:04,13:07,13:09,13:12,13:14,13:16,13:19
2401,,,,,,,,,,,,,,,,,,12:39,12:43,12:46,12:49,12:53,12:56,12:59,13:05,13:08,13:11,13:13,13:16,13:18,13:20,13:23
2402,,,,,12:23,12:27,12:30,12:33,12:36,12:39,12:47,12:50,12:52,12:55,12:58,13:01,13:04,,,,,,,,13:09,13:12,13:15,13:17,13:20,13:22,13:24,13:27
2403,12:13,12:17,12:20,12:23,12:27,12:31,12:35,,,,,,,,,,,,,,,,,,,,,,,,,13:06
2404,,,,,,,,,,,,,,,,,,,,,,13:00,13:04,13:07,13:13,13:16,13:19,13:21,13:24,13:26,13:28,13:31
2405,12:18,12:22,12:25,12:28,12:32,12:36,12:39,12:42,12:45,12:47,12:55,12:58,13:00,13:03,13:06,13:09,13:12,,,,,,,,13:17,13:20,13:23,13:25,13:28,13:30,13:32,13:35
2406,,,,,,,,,,12:51,12:59,13:02,13:04,13:07,13:10,13:13,13:16,,,,,,,,13:21,13:24,13:27,13:29,13:32,13:34,13:36,13:39
2407,,,,,12:42,12:46,12:49,12:52,12:55,12:57,13:05,13:08,13:10,13:13,13:16,13:19,13:22,,,,,,,,13:27,13:30,13:33,13:35,13:38,13:40,13:42,13:45
2408,,,,,,,,,,,,,,,,,,13:06,13:10,13:13,13:16,13:20,13:23,13:26,13:31,13:34,13:37,13:39,13:42,13:44,13:46,13:49
2409,12:36,12:40,12:43,12:46,12:50,12:54,12:57,13:00,13:03,13:05,13:13,13:16,13:18,13:21,13:24,13:27,13:30,,,,,,,,13:35,13:38,13:41,13:43,13:46,13:48,13:50,13:53
2410,,,,,,,,,,,,,,,,,,,,,,13:27,13:30,13:33,13:39,13:42,13:45,13:47,13:50,13:52,13:54,13:57
2411,12:40,12:44,12:47,12:50,12:54,12:58,13:01,13:04,13:07,13:09,13:17,13:20,13:22,13:25,13:28,13:31,13:34,,,,,,,,13:40,,,,,,,
2412,12:47,12:51,12:54,12:57,13:01,13:05,13:08,13:11,13:14,13:16,13:24,13:27,13:29,13:32,13:35,13:38,13:41,,,,,,,,13:46,13:49,13:52,13:54,13:57,13:59,14:01,14:04
2413,,,,,,,,,,,,,,,,,,13:28,13:32,13:35,13:38,13:42,13:45,13:48,13:52,13:55,13:58,14:00,14:03,14:05,14:07,14:10
2414,,,,,,,,,,13:26,13:34,13:37,13:39,13:42,13:45,13:48,13:51,,,,,,,,13:56,13:59,14:02,14:04,14:07,14:09,14:11,14:15
2415,13:01,13:05,13:08,13:11,13:15,13:19,13:22,13:25,13:28,13:30,13:38,13:41,13:43,13:46,13:49,13:52,13:55,,,,,,,,14:00,14:03,14:06,14:08,14:11,14:13,14:15,14:19
2416,,,,,,,,,,,,,,,,,,,,,,13:52,13:55,13:58,14:04,14:07,14:10,14:12,14:15,14:17,14:19,14:23
2417,,,,,13:23,13:27,13:30,13:33,13:36,13:38,13:46,13:49,13:51,13:54,13:57,14:00,14:03,,,,,,,,14:08,14:11,14:14,14:16,14:19,14:21,14:23,14:27
2418,13:13,13:17,13:20,13:23,13:27,13:31,13:35,,,,,,,,,,,,,,,,,,,,,,,,,14:06
2419,13:17,13:21,13:24,13:27,13:31,13:35,13:38,13:41,13:44,13:46,13:54,13:57,13:59,14:02,14:05,14:08,14:11,,,,,,,,14:16,14:19,14:22,14:24,14:27,14:29,14:31,14:34
2420,,,,,,,,,,,,,,,,,,13:54,13:58,14:01,14:04,14:09,14:12,14:15,14:20,14:23,14:26,14:28,14:31,14:33,14:35,14:38
2421,,,,,,,,,,13:54,14:02,14:05,14:07,14:10,14:13,14:16,14:19,,,,,,,,14:24,14:27,14:30,14:32,14:35,14:37,14:39,14:42
2422,,,,,,,,,,,,,,,,,,,,,,14:18,14:21,14:24,14:29,14:32,14:35,14:37,14:40,14:42,14:44,14:47
2423,13:32,13:36,13:39,13:42,13:46,13:50,13:53,13:56,13:59,14:02,14:10,14:13,14:15,14:18,14:21,14:24,14:27,,,,,,,,14:32,14:35,14:38,14:40,14:43,14:45,14:47,14:50
2424,,,,,,,,,,14:06,14:14,14:17,14:19,14:22,14:25,14:28,14:31,,,,,,,,14:36,14:39,14:42,14:44,14:47,14:49,14:51,14:54
2425,,,,,13:57,14:01,14:04,14:07,14:10,14:12,14:20,14:23,14:25,14:28,14:31,14:34,14:37,,,,,,,,14:42,14:45,14:48,14:50,14:53,14:55,14:57,15:00
2426,,,,,,,,,,,,,,,,,,14:19,14:23,14:26,14:29,14:33,14:36,14:39,14:45,14:48,14:51,14:53,14:56,14:58,15:00,15:03
2427,13:50,13:54,13:57,14:00,14:04,14:08,14:11,14:14,14:17,14:19,14:27,14:30,14:32,14:35,14:38,14:41,14:44,,,,,,,,14:49,14:52,14:55,14:57,15:00,15:02,15:04,15:07
2428,,,,,,,,,,14:27,14:35,14:38,14:40,14:43,14:46,14:49,14:52,,,,,,,,14:57,15:00,15:03,15:05,15:08,15:10,15:12,15:15
2429,14:02,14:06,14:09,14:12,14:16,14:20,14:23,14:26,14:29,14:31,14:39,14:42,14:44,14:47,14:50,14:53,14:56,,,,,,,,15:01,15:04,15:07,15:09,15:12,15:14,15:16,15:19
2430,,,,,,,,,,,,,,,,,,,,,,14:55,14:58,15:01,15:06,15:09,15:12,15:14,15:17,15:19,15:21,15:24
2431,14:11,14:15,14:18,14:21,14:25,14:29,14:32,14:35,14:38,14:40,14:48,14:51,14:53,14:56,14:59,15:02,15:05,,,,,,,,15:10,15:13,15:16,15:18,15:21,15:23,15:25,15:28
2432,14:16,14:20,14:23,14:26,14:30,14:34,14:38,,,,,,,,,,,,,,,,,,,,,,,,,15:09
2433,,,,,,,,,,,,,,,,,,14:50,14:54,14:57,15:00,15:04,15:07,15:10,15:15,15:18,15:21,15:23,15:26,15:28,15:30,15:33
2434,,,,,14:34,14:38,14:41,14:44,14:47,14:49,14:57,15:00,15:02,15:05,15:08,15:11,15:14,,,,,,,,15:19,15:22,15:25,15:27,15:30,15:32,15:34,15:37
2435,14:24,14:28,14:31,14:34,14:38,14:42,14:45,14:48,14:51,14:53,15:01,15:04,15:06,15:09,15:12,15:15,15:18,,,,,,,,15:23,15:26,15:29,15:31,15:34,15:36,15:38,15:41
2436,,,,,,,,,,,,,,,,,,,,,,15:17,15:20,15:23,15:27,15:30,15:33,15:35,15:38,15:40,15:42,15:45
2437,14:33,14:37,14:40,14:43,14:47,14:51,14:54,14:57,15:00,15:02,15:10,15:13,15:15,15:18,15:21,15:24,15:27,,,,,,,,15:32,15:35,15:38,15:40,15:43,15:45,15:47,15:50
2438,,,,,14:51,14:55,14:58,15:01,15:04,15:06,15:14,15:17,15:19,15:22,15:25,15:28,15:31,,,,,,,,15:36,15:39,15:42,15:44,15:47,15:49,15:51,15:54
2439,,,,,,,,,,,,,,,,,,15:17,15:21,15:24,15:27,15:32,15:35,15:38,15:42,15:45,15:48,15:50,15:53,15:55,15:57,16:00
2440,14:47,14:51,14:54,14:57,15:01,15:05,15:08,15:11,15:14,15:16,15:24,15:27,15:29,15:32,15:35,15:38,15:41,,,,,,,,15:46,15:49,15:52,15:54,15:57,15:59,16:01,16:04
2441,,,,,15:04,15:09,15:12,15:15,15:18,15:20,15:28,15:31,15:33,15:36,15:39,15:42,15:45,,,,,,,,15:50,15:53,15:56,15:58,16:01,16:03,16:05,16:08
2442,14:57,15:01,15:04,15:07,15:11,15:15,15:18,15:21,15:24,15:26,15:34,15:37,15:39,15:42,15:45,15:48,15:51,,,,,,,,15:57,,,,,,,
2443,,,,,15:15,15:19,15:23,,,,,,,,,,,,,,,,,,,,,,,,,15:54
2444,,,,,,,,,,,,,,,,,,,,,,15:46,15:49,15:52,15:57,16:00,16:03,16:05,16:08,16:10,16:12,16:15
2445,,,,,,,,,,15:30,15:39,15:42,15:44,15:47,15:50,15:53,15:56,,,,,,,,16:01,16:04,16:07,16:09,16:12,16:14,16:16,16:19
2446,15:05,15:09,15:12,15:15,15:19,15:23,15:26,15:29,15:32,15:35,15:43,15:46,15:48,15:51,15:54,15:57,16:00,,,,,,,,16:05,16:08,16:11,16:13,16:16,16:18,16:20,16:23
2447,,,,,,,,,,15:40,15:48,15:51,15:53,15:56,15:59,16:02,16:05,,,,,,,,16:10,16:13,16:16,16:18,16:21,16:23,16:25,16:28
2448,,,,,,,,,,,,,,,,,,15:48,15:52,15:55,15:58,16:02,16:05,16:08,16:14,16:17,16:20,16:22,16:25,16:27,16:29,16:32
2449,15:17,15:21,15:24,15:27,15:31,15:35,15:38,15:41,15:44,15:46,15:54,15:57,15:59,16:02,16:05,16:08,16:11,,,,,,,,16:18,16:21,16:24,16:26,16:29,16:31,16:33,16:36
2450,,,,,15:35,15:39,15:42,15:45,15:48,15:50,15:58,16:01,16:03,16:06,16:09,16:12,16:15,,,,,,,,16:22,16:25,16:28,16:30,16:33,16:35,16:37,16:40
2451,15:25,15:29,15:32,15:35,15:39,15:43,15:47,,,,,,,,,,,,,,,,,,,,,,,,,16:18
2452,,,,,,,,,,,,,,,,,,,,,,16:13,16:16,16:19,16:26,16:29,16:32,16:34,16:37,16:39,16:41,16:44
2453,,,,,,,,,,15:55,16:03,16:06,16:08,16:11,16:14,16:17,16:20,,,,,,,,16:26,,,,,,,
2454,15:30,15:34,15:37,15:40,15:44,15:48,15:51,15:54,15:57,15:59,16:07,16:10,16:12,16:15,16:18,16:21,16:24,,,,,,,,16:29,16:32,16:35,16:37,16:40,16:42,16:44,16:47
2455,,,,,15:48,15:52,15:55,15:58,16:01,16:04,16:12,16:15,16:17,16:20,16:23,16:26,16:29,,,,,,,,16:34,16:37,16:40,16:42,16:45,16:47,16:49,16:52
2456,,,,,,,,,,,,,,,,,,16:13,16:17,16:20,16:23,16:27,16:30,16:33,16:38,16:41,16:44,16:46,16:49,16:51,16:53,16:56
2457,,,,,,,,,,16:12,16:20,16:23,16:25,16:28,16:31,16:34,16:37,,,,,,,,16:42,16:45,16:48,16:50,16:53,16:55,16:57,17:00
2458,15:47,15:51,15:54,15:57,16:01,16:05,16:08,16:11,16:14,16:16,16:24,16:27,16:29,16:32,16:35,16:38,16:41,,,,,,,,16:46,16:49,16:52,16:54,16:57,16:59,17:01,17:04
2459,,,,,,,,,,,,,,,,,,,,,,16:38,16:41,16:44,16:50,16:53,16:56,16:58,17:01,17:03,17:05,17:08
2460,,,,,16:09,16:13,16:16,16:19,16:22,16:24,16:32,16:35,16:37,16:40,16:43,16:46,16:49,,,,,,,,16:54,16:57,17:00,17:02,17:05,17:07,17:09,17:12
2461,,,,,,,,,,16:28,16:36,16:39,16:41,16:44,16:47,16:50,16:53,,,,,,,,16:58,17:01,17:04,17:06,17:09,17:11,17:13,17:16
2462,16:03,16:07,16:10,16:13,16:17,16:21,16:24,16:27,16:30,16:32,16:40,16:43,16:45,16:48,16:51,16:54,16:57,,,,,,,,17:02,17:05,17:08,17:10,17:13,17:15,17:17,17:20
2463,,,,,,,,,,,,,,,,,,16:41,16:45,16:48,16:51,16:55,16:58,17:01,17:06,17:09,17:12,17:14,17:17,17:19,17:21,17:24
2464,,,,,16:25,16:29,16:32,16:35,16:38,16:40,16:48,16:51,16:53,16:56,16:59,17:02,17:05,,,,,,,,17:10,17:13,17:16,17:18,17:21,17:23,17:25,17:28
2465,16:15,16:19,16:22,16:25,16:29,16:33,16:36,16:39,16:42,16:44,16:52,16:55,16:57,17:00,17:03,17:06,17:09,,,,,,,,17:14,17:17,17:20,17:22,17:25,17:27,17:29,17:32
2466,,,,,,,,,,16:48,16:56,16:59,17:01,17:04,17:07,17:10,17:13,,,,,,,,17:19,,,,,,,
2467,,,,,,,,,,,,,,,,,,,,,,17:09,17:12,17:15,17:20,17:23,17:26,17:28,17:31,17:33,17:35,17:38
2468,16:23,16:27,16:30,16:33,16:37,16:41,16:44,16:47,16:50,16:52,17:00,17:03,17:05,17:08,17:11,17:14,17:17,,,,,,,,17:23,17:27,17:30,17:32,17:35,17:37,17:39,17:42
2469,,,,,,,,,,16:56,17:04,17:07,17:09,17:12,17:15,17:18,17:21,,,,,,,,17:27,17:31,17:34,17:36,17:39,17:41,17:43,17:46
2470,,,,,16:45,16:49,16:52,16:55,16:58,17:00,17:08,17:11,17:13,17:16,17:19,17:22,17:25,,,,,,,,17:31,17:35,17:38,17:40,17:43,17:45,17:47,17:50
2471,,,,,,,,,,,,,,,,,,17:10,17:14,17:17,17:20,17:24,17:27,17:30,17:36,17:39,17:42,17:44,17:47,17:49,17:51,17:54
2472,16:34,16:38,16:41,16:44,16:48,16:52,16:55,16:58,17:01,17:04,17:12,17:15,17:17,17:20,17:23,17:26,17:29,,,,,,,,17:34,,,,,,,18:06
2473,16:38,16:42,16:45,16:48,16:52,16:56,17:00,,,,,,,,,,,,,,,,,,,,,,,,,17:31
2474,,,,,,,,,,17:10,17:18,17:21,17:23,17:26,17:29,17:32,17:35,,,,,,,,17:40,17:43,17:46,17:48,17:51,17:53,17:55,17:58
2475,16:45,16:49,16:52,16:55,16:59,17:03,17:06,17:09,17:12,17:14,17:22,17:25,17:27,17:30,17:33,17:36,17:39,,,,,,,,17:44,17:47,17:50,17:52,17:55,17:57,17:59,18:02
2476,,,,,17:03,17:07,17:10,17:13,17:16,17:18,17:26,17:29,17:31,17:34,17:37,17:40,17:43,,,,,,,,17:48,,,,,,,
2477,,,,,,,,,,,,,,,,,,,,,,17:35,17:38,17:41,17:48,17:51,17:54,17:56,17:59,18:01,18:03,18:06
2478,,,,,,,,,,17:22,17:30,17:33,17:35,17:38,17:41,17:44,17:47,,,,,,,,17:52,17:55,17:58,18:00,18:03,18:05,18:07,18:10
2479,,,,,,,,,,,,,,,,,,17:34,17:38,17:41,17:44,17:48,17:51,17:54,17:58,18:01,18:04,18:06,18:09,18:11,18:13,18:16
2480,16:58,17:02,17:05,17:08,17:12,17:16,17:19,17:22,17:25,17:28,17:36,17:39,17:41,17:44,17:47,17:50,17:53,,,,,,,,17:58,,,,,,,18:29
2481,17:03,17:07,17:10,17:13,17:18,17:22,17:25,17:28,17:31,17:33,17:41,17:44,17:46,17:49,17:52,17:55,17:58,,,,,,,,18:03,18:06,18:09,18:11,18:14,18:16,18:18,18:22
2482,,,,,17:22,17:26,17:29,17:32,17:35,17:38,17:46,17:49,17:51,17:54,17:57,18:00,18:03,,,,,,,,18:08,18:11,18:14,18:16,18:19,18:21,18:23,18:26
2483,17:13,17:17,17:20,17:23,17:28,17:32,17:35,17:38,17:41,17:43,17:51,17:54,17:56,17:59,18:02,18:05,18:08,,,,,,,,18:13,18:16,18:19,18:21,18:24,18:26,18:28,18:31
2484,,,,,,,,,,,,,,,,,,,,,,18:04,18:07,18:10,18:17,18:20,18:23,18:25,18:28,18:30,18:32,18:35
2485,,,,,,,,,,17:50,18:00,18:03,18:05,18:08,18:11,18:14,18:17,,,,,,,,18:22,18:25,18:28,18:30,18:33,18:35,18:37,18:40
2486,17:25,17:29,17:32,17:35,17:41,17:45,17:48,17:51,17:54,17:56,18:04,18:07,18:09,18:12,18:15,18:18,18:21,,,,,,,,18:26,18:29,18:32,18:34,18:37,18:39,18:41,18:44
2487,,,,,,,,,,,,,,,,,,18:02,18:06,18:09,18:12,18:17,18:20,18:23,18:30,18:33,18:36,18:38,18:41,18:43,18:45,18:48
2488,17:30,17:34,17:37,17:40,17:44,17:48,17:51,17:54,17:57,17:59,18:07,18:10,18:12,18:15,18:18,18:21,18:24,,,,,,,,18:30,,,,,,,19:00
2489,,,,,17:49,17:53,17:56,17:59,18:02,18:04,18:12,18:15,18:17,18:20,18:23,18:26,18:29,,,,,,,,18:34,18:37,18:40,18:42,18:45,18:47,18:49,18:52
2490,17:42,17:46,17:49,17:52,17:56,18:00,18:04,,,,,,,,,,,,,,,,,,,,,,,,,18:35
2491,,,,,,,,,,,,,,,,,,,,,,18:27,18:30,18:33,18:38,18:41,18:44,18:46,18:49,18:51,18:53,18:56
2492,,,,,,,,,,18:10,18:20,18:23,18:25,18:28,18:31,18:34,18:37,,,,,,,,18:42,18:45,18:48,18:50,18:53,18:55,18:57,19:00
2493,,,,,,,,,,,,,,,,,,18:16,18:20,18:23,18:26,18:31,18:34,18:37,18:42,,,,,,,18:48
2494,17:47,17:51,17:54,17:57,18:01,18:05,18:08,18:11,18:14,18:16,18:24,18:27,18:29,18:32,18:35,18:38,18:41,,,,,,,,18:46,18:49,18:52,18:54,18:57,18:59,19:01,19:04
2495,17:52,17:57,18:00,18:03,18:07,18:11,18:14,18:17,18:20,18:22,18:30,18:33,18:35,18:38,18:41,18:44,18:47,,,,,,,,18:52,,,,,,,
2496,,,,,,,,,,,,,,,,,,18:28,18:32,18:35,18:38,18:42,18:45,18:48,18:52,18:55,18:58,19:00,19:03,19:05,19:07,19:10
2497,,,,,,,,,,18:26,18:34,18:37,18:39,18:42,18:45,18:48,18:51,,,,,,,,18:56,18:59,19:02,19:04,19:07,19:09,19:11,19:14
2498,,,,,18:14,18:18,18:21,18:24,18:27,18:30,18:38,18:41,18:43,18:46,18:49,18:52,18:55,,,,,,,,19:00,19:03,19:06,19:08,19:11,19:13,19:15,19:18
2499,18:04,18:08,18:11,18:14,18:19,18:23,18:26,18:29,18:32,18:34,18:42,18:45,18:47,18:50,18:53,18:56,18:59,,,,,,,,19:04,19:07,19:10,19:12,19:15,19:17,19:19,19:22
2500,,,,,,,,,,18:38,18:47,18:50,18:52,18:55,18:58,19:01,19:04,,,,,,,,19:10,,,,,,,
2501,,,,,,,,,,,,,,,,,,,,,,18:58,19:01,19:04,19:08,19:11,19:14,19:16,19:19,19:21,19:23,19:26
2502,18:16,18:20,18:23,18:26,18:31,18:35,18:38,18:41,18:44,18:46,18:54,18:57,18:59,19:02,19:05,19:08,19:11,,,,,,,,19:16,19:19,19:22,19:24,19:27,19:29,19:31,19:34
2503,,,,,18:35,18:39,18:42,18:45,18:48,18:50,18:58,19:01,19:03,19:06,19:09,19:12,19:15,,,,,,,,19:20,19:23,19:26,19:28,19:31,19:33,19:35,19:38
2504,,,,,,,,,,,,,,,,,,18:57,19:01,19:04,19:07,19:12,19:15,19:18,19:24,19:27,19:30,19:32,19:35,19:37,19:39,19:42
2505,,,,,,,,,,18:56,19:06,19:09,19:11,19:14,19:17,19:20,19:23,,,,,,,,19:28,19:31,19:34,19:36,19:39,19:41,19:43,19:46
2506,18:25,,,18:35,18:39,,18:46,,,,,,,,,,,,,,,,,,,,,,,,,19:11
2507,18:45,18:50,18:53,18:56,19:00,19:04,19:07,19:10,19:13,19:15,19:23,19:26,19:28,19:31,19:34,19:37,19:40,,,,,,,,19:46,,,,,,,
2508,,,,,,,,,,,,,,,,,,,,,,19:20,19:23,19:26,19:32,19:35,19:38,19:40,19:43,19:45,19:47,19:50
2509,18:37,18:41,18:44,18:47,18:51,18:55,18:59,19:02,19:05,19:07,19:15,19:18,19:20,19:23,19:26,19:29,19:32,,,,,,,,19:37,19:40,19:43,19:45,19:48,19:50,19:52,19:55
2510,,,,,,,,,,19:11,19:19,19:22,19:24,19:27,19:30,19:33,19:36,,,,,,,,19:41,19:44,19:47,19:49,19:52,19:54,19:56,19:59
2511,18:51,18:55,18:58,19:01,19:05,19:09,19:13,,,,,,,,,,,,,,,,,,,,,,,,,19:44
2512,18:31,18:35,18:38,18:41,18:46,18:50,18:53,18:56,18:59,19:02,19:10,19:13,19:15,19:18,19:21,19:24,19:27,,,,,,,,19:32,,,,,,,20:06
2513,,,,,,,,,,,,,,,,,,18:37,18:41,18:44,18:47,18:51,18:54,18:57,19:05,,,,,,,19:15
2514,,,,,,,,,,,,,,,,,,19:26,19:30,19:33,19:36,19:40,19:43,19:46,19:50,19:53,19:56,19:58,20:01,20:03,20:05,20:08
2515,18:56,19:00,19:03,19:06,19:10,19:14,19:17,19:20,19:23,19:25,19:33,19:36,19:38,19:41,19:44,19:47,19:50,,,,,,,,19:55,19:58,20:01,20:03,20:06,20:08,20:10,20:13
2516,,,,,,,,,,19:32,19:40,19:43,19:45,19:48,19:51,19:54,19:57,,,,,,,,20:02,20:05,20:08,20:10,20:13,20:15,20:17,20:20
2517,19:07,19:11,19:14,19:17,19:21,19:25,19:28,19:31,19:34,19:36,19:44,19:47,19:49,19:52,19:55,19:58,20:01,,,,,,,,20:07,,,,,,,
2518,,,,,,,,,,,,,,,,,,19:46,19:50,19:53,19:56,20:00,20:03,20:06,20:10,20:13,20:16,20:18,20:21,20:23,20:25,20:28
2519,19:14,19:18,19:21,19:24,19:28,19:32,19:35,19:38,19:41,19:43,19:51,19:54,19:56,19:59,20:02,20:05,20:08,,,,,,,,20:13,20:16,20:19,20:21,20:24,20:26,20:28,20:31
2520,,,,,,,,,,,,,,,,,,,,,,20:05,20:08,20:11,20:17,20:20,20:23,20:25,20:28,20:30,20:32,20:35
2521,19:22,19:26,19:29,19:32,19:36,19:40,19:43,19:46,19:49,19:51,19:59,20:02,20:04,20:07,20:10,20:13,20:16,,,,,,,,20:21,,,,,,,
2522,,,,,,,,,,,,,,,,,,19:56,20:00,20:03,20:06,20:10,20:13,20:16,20:21,20:24,20:27,20:29,20:32,20:34,20:36,20:39
2523,,,,,,,,,,,,,,,,,,19:09,19:13,19:16,19:19,19:24,19:27,19:30,19:38,,,,,,,19:44
2524,,,,,19:39,19:43,19:46,19:49,19:52,19:55,20:03,20:06,20:08,20:11,20:14,20:17,20:20,,,,,,,,20:25,20:28,20:31,20:33,20:36,20:38,20:40,20:43
2525,,,,,,,,,,,,,,,,,,20:03,20:07,20:10,20:13,20:17,20:20,20:23,20:29,20:32,20:35,20:37,20:40,20:42,20:44,20:48
2526,19:30,19:34,19:37,19:40,19:44,19:48,19:51,19:54,19:57,19:59,20:07,20:10,20:12,20:15,20:18,20:21,20:24,,,,,,,,20:29,,,,,,ADH,21:03
2527,19:35,19:39,19:42,19:45,19:49,19:53,19:57,,,,,,,,,,,,,,,,,,,,,,,,,20:28
2528,,,,,,,,,,20:03,20:11,20:14,20:16,20:19,20:22,20:25,20:28,,,,,,,,20:33,20:36,20:39,20:41,20:44,20:46,20:48,20:51
2529,19:39,19:43,19:46,19:49,19:53,19:57,20:00,20:03,20:06,20:08,20:16,20:19,20:21,20:24,20:27,20:30,20:33,,,,,,,,20:38,20:41,20:44,20:46,20:49,20:51,20:53,20:56
2530,,,,,19:57,20:01,20:04,20:07,20:10,20:12,20:20,20:23,20:26,20:29,20:32,20:35,20:38,,,,,,,,20:43,,,,,,,
2531,,,,,,,,,,,,,,,,,,,,,,20:31,20:34,20:37,20:42,20:45,20:48,20:50,20:53,20:55,20:57,21:00
2532,,,,,,,,,,,,,,,,,,20:19,20:23,20:26,20:29,20:35,20:38,20:41,20:47,,,,,,,20:53
2533,,,,,,,,,,20:17,20:25,20:28,20:30,20:33,20:36,20:39,20:42,,,,,,,,20:47,20:50,20:53,20:55,20:58,21:00,21:02,21:05
2534,19:54,19:58,20:01,20:04,20:08,20:12,20:15,20:18,20:21,20:23,20:31,20:34,20:36,20:39,20:42,20:45,20:48,,,,,,,,20:53,20:56,20:59,21:01,21:04,21:06,21:08,21:11
2535,,,,,,,,,,,,,,,,,,20:32,20:36,20:39,20:42,20:46,20:49,20:52,20:57,21:00,21:03,21:05,21:08,21:10,21:12,21:15
2536,,,,,20:13,20:18,20:21,20:24,20:27,20:30,20:38,20:41,20:43,20:46,20:49,20:52,20:55,,,,,,,,21:01,21:04,21:07,21:09,21:12,21:14,21:16,21:19
2537,20:06,20:10,20:13,20:16,20:21,20:25,20:28,20:31,20:34,20:36,20:44,20:47,20:49,20:52,20:55,20:58,21:01,,,,,,,,21:06,21:09,21:12,21:14,21:17,21:19,21:21,21:24
2538,20:11,20:15,20:18,20:21,20:25,20:29,20:33,,,,,,,,,,,,,,,,,,,,,,,,,21:04
2539,,,,,,,,,,,,,,,,,,,,,,21:02,21:05,21:08,21:12,21:15,21:18,21:20,21:23,21:25,21:27,21:30
2540,20:16,20:20,20:23,20:26,20:31,20:35,20:38,20:41,20:44,20:46,20:54,20:57,20:59,21:02,21:05,21:08,21:11,,,,,,,,21:16,21:19,21:22,21:24,21:27,21:29,21:31,21:34
2541,,,,,20:34,20:39,20:42,20:45,20:48,20:50,20:58,21:01,21:03,21:06,21:09,21:12,21:15,,,,,,,,21:20,21:23,21:26,21:28,21:31,21:33,21:35,21:38
2542,20:25,20:29,20:32,20:35,20:39,20:43,20:46,20:49,20:52,20:54,,,,,,,,,,,,,,,,,,,,,,
2543,,,,,,,,,,,,,,,,,,21:00,21:04,21:07,21:10,21:14,21:17,21:20,21:25,21:28,21:31,21:33,21:36,21:38,21:40,21:43
2544,20:29,20:33,20:36,20:39,20:44,20:48,20:51,20:54,20:57,20:59,21:07,21:10,21:12,21:15,21:18,21:21,21:24,,,,,,,,21:29,21:32,21:35,21:37,21:40,21:42,21:44,21:47
2545,,,,,20:48,20:52,20:55,20:58,21:01,21:04,21:12,21:15,21:17,21:20,21:23,21:26,21:29,,,,,,,,21:34,21:37,21:40,21:42,21:45,21:47,21:49,21:52
2546,20:38,20:42,20:45,20:48,20:52,20:56,20:59,21:02,21:05,21:08,21:16,21:19,21:21,21:24,21:27,21:30,21:33,,,,,,,,21:38,21:41,21:44,21:46,21:49,21:51,21:53,21:56
2547,,,,,,,,,,,,,,,,,,21:11,21:15,21:18,21:21,21:26,21:29,21:32,21:38,,,,,,,21:45
2548,,,,,,,,,,,,,,,,,,,,,,21:32,21:35,21:38,21:42,21:45,21:48,21:50,21:53,21:55,21:57,22:00
2549,20:47,20:51,20:54,20:57,21:02,21:06,21:09,21:12,21:15,21:17,21:25,21:28,21:30,21:33,21:36,21:39,21:42,,,,,,,,21:47,21:50,21:53,21:55,21:58,22:00,22:02,22:05
2550,,,,,,,,,,,,,,,,,,21:28,21:32,21:35,21:38,21:43,21:46,21:49,21:53,21:56,21:59,22:01,22:04,22:06,22:08,22:11
2551,21:01,21:05,21:08,21:11,21:15,21:19,21:22,21:25,21:28,21:30,21:37,21:40,21:42,21:45,21:48,21:51,21:54,,,,,,,,21:59,22:02,22:05,22:07,22:10,22:12,22:14,22:17
2552,,,,,21:19,21:23,21:26,21:29,21:32,21:34,21:42,21:45,21:47,21:50,21:53,21:56,21:59,,,,,,,,22:04,22:07,22:10,22:12,22:15,22:17,22:19,22:22
2553,21:10,21:14,21:17,21:20,21:24,21:28,21:31,21:34,21:37,21:39,21:47,21:50,21:52,21:55,21:58,22:01,22:04,,,,,,,,22:09,22:12,22:15,22:17,22:20,22:22,22:24,22:28
2554,,,,,,,,,,,,,,,,,,,,,,22:05,22:08,22:11,22:15,22:18,22:21,22:23,22:26,22:28,22:30,22:33
2555,21:19,21:23,21:26,21:29,21:33,21:37,21:40,21:43,21:46,21:48,21:56,21:59,22:01,22:04,22:07,22:10,22:13,,,,,,,,22:18,22:21,22:24,22:26,22:29,22:31,22:33,22:36
2556,21:23,21:27,21:30,21:33,21:37,,,,,,,,,,,,,,,,,,,,,,,,,,,
2557,21:30,21:34,21:37,21:40,21:44,21:48,21:51,21:54,21:57,21:59,22:07,22:10,22:12,22:15,22:18,22:21,22:24,,,,,,,,22:29,22:32,22:35,22:37,22:40,22:42,22:44,22:47
2558,,,,,,,,,,,,,,,,,,22:06,22:10,22:13,22:16,22:21,22:24,22:27,22:34,22:37,22:40,22:42,22:45,22:47,22:49,22:52
2559,21:40,21:44,21:47,21:50,21:54,21:58,22:01,22:04,22:07,22:09,22:17,22:20,22:22,22:25,22:28,22:31,22:34,,,,,,,,22:39,22:42,22:45,22:47,22:50,22:52,22:54,22:57
2560,21:45,21:49,21:52,21:55,21:59,22:03,22:06,22:09,22:12,22:14,22:22,22:25,22:27,22:30,22:33,22:36,22:39,,,,,,,,22:44,22:47,22:50,22:52,22:55,22:57,22:59,23:02
2561,21:50,21:54,21:57,22:00,22:04,22:08,22:12,,,,,,,,,,,,,,,,,,,,,,,,,22:43
2562,,,,,,,,,,,,,,,,,,,,,,22:37,22:40,22:43,22:48,22:51,22:54,22:56,22:59,23:01,23:03,23:06
2563,21:55,21:59,22:02,22:05,22:09,22:13,22:16,22:19,22:22,22:24,22:32,22:35,22:37,22:40,22:43,22:46,22:49,,,,,,,,22:54,22:57,23:00,23:02,23:05,23:07,23:09,23:12
2564,,,,,,,,,,,,,,,,,,22:37,22:41,22:44,22:47,22:51,22:54,22:57,23:01,23:04,23:07,23:09,23:12,23:14,23:16,23:19
2565,22:05,22:09,22:12,22:15,22:20,22:24,22:27,22:30,22:33,22:35,22:43,22:46,22:48,22:51,22:54,22:57,23:00,,,,,,,,23:05,23:08,23:11,23:13,23:16,23:18,23:20,23:23
2566,22:10,22:14,22:17,22:20,22:24,22:28,22:31,22:34,22:37,22:39,22:47,22:50,22:52,22:55,22:58,23:01,23:04,,,,,,,,23:09,,,,,,,
2567,,,,,,,,,,,,,,,,,,,,,,23:02,23:05,23:08,23:12,23:15,23:18,23:20,23:23,23:25,23:27,23:30
2568,22:16,22:20,22:23,22:26,22:30,22:34,22:37,22:40,22:43,22:45,22:53,22:56,22:59,23:02,23:05,23:08,23:11,,,,,,,,23:16,23:19,23:22,23:24,23:27,23:29,23:31,23:34
2569,,,,,,,,,,,,,,,,,,23:04,23:08,23:11,23:14,23:18,23:21,23:24,23:28,23:31,23:34,23:36,23:39,23:41,23:43,23:46
2570,22:32,22:36,22:39,22:42,22:46,22:50,22:53,22:56,22:59,23:01,23:09,23:12,23:14,23:17,23:20,23:23,23:26,,,,,,,,23:32,23:35,23:38,23:40,23:43,23:45,23:47,23:50
2571,,,,,,,,,,,,,,,,,,,,,,23:30,23:33,23:36,23:40,23:43,23:46,23:48,23:51,23:53,23:55,23:58
