,76,70,89,29,88,22,94,117,58,65,8,53,91,114,4,38,20,60,100,18,36,67,110,90,41,82,93,9,56,68,52,85
1919,00:03,00:06,00:09,00:11,00:13,00:15,00:18,00:21,,,,,,,,00:25,00:28,00:31,00:34,00:36,00:39,00:42,00:50,00:52,00:55,00:59,01:02,01:07,,,,
1920,00:11,00:14,00:17,00:19,00:21,00:23,00:26,00:29,00:33,00:35,00:39,,,,,,,,,,,,,,,,,,,,,
1921,00:16,00:19,00:22,00:24,00:26,00:28,00:31,00:34,,,,,,,,00:38,00:41,00:44,00:47,00:49,00:52,00:55,01:03,01:05,01:08,01:12,01:15,01:18,01:22,01:25,01:28,01:34
1922,00:28,00:31,00:34,00:36,00:38,00:40,00:43,00:46,,,,,,,,00:50,00:53,00:56,00:59,01:01,01:04,01:07,01:15,01:17,01:20,01:24,01:27,01:32,,,,
1923,00:38,00:41,00:44,00:46,00:48,00:50,00:53,00:56,01:00,01:02,01:06,,,,,,,,,,,,,,,,,,,,,
1924,00:43,00:46,00:49,00:51,00:53,00:55,00:58,01:01,,,,,,,,01:05,01:08,01:11,01:14,01:16,01:19,01:22,01:30,01:32,01:35,01:39,01:42,01:45,01:49,01:52,01:55,02:01
1925,,,,,,,,,,,,,,,,,,,,,,,05:00,05:02,05:05,05:09,05:12,05:15,05:19,05:22,05:25,05:30
1926,04:23,04:26,04:29,04:31,04:33,04:35,04:38,04:41,,,,,,,,04:45,04:48,04:51,04:54,04:56,04:59,05:02,05:10,05:12,05:15,05:19,05:22,05:25,05:29,05:32,05:35,05:40
1927,04:27,04:30,04:33,04:35,04:37,04:39,04:42,04:45,04:49,04:51,04:55,04:59,05:02,05:05,05:09,,,,,,,,,,,,,,,,,
1928,04:39,04:42,04:45,04:47,04:49,04:51,04:54,04:57,,,,,,,,05:01,05:04,05:07,05:10,05:12,05:15,05:18,05:26,05:28,05:31,05:35,05:38,05:41,05:45,05:48,05:51,05:56
1929,04:43,04:46,04:49,04:51,04:53,04:55,04:58,05:01,05:05,05:07,05:11,,,,,,,,,,,,,,,,,,,,,
1930,04:51,04:54,04:57,04:59,05:01,05:03,05:06,05:09,,,,,,,,05:13,05:16,05:19,05:22,05:24,05:27,05:30,05:38,05:40,05:43,05:47,05:50,05:53,05:57,06:00,06:03,06:08
1931,04:55,04:58,05:01,05:03,05:05,05:07,05:10,05:13,05:17,05:19,05:23,05:27,05:30,05:33,05:37,,,,,,,,,,,,,,,,,
1932,,,,,,,,,,,,,,,,,,,,,,,05:50,05:52,05:55,05:59,06:02,06:05,06:09,06:12,06:15,06:21
1933,05:04,05:07,05:10,05:12,05:14,05:16,05:19,05:22,05:26,05:28,05:32,,,,,,,,,,,,,,,,,,,,,
1934,,,,,,,,,,,,,,,,,,,,,,,05:00,05:02,05:05,05:09,05:12,05:15,05:19,05:22,05:25,05:30
1935,04:23,04:26,04:29,04:31,04:33,04:35,04:38,04:41,,,,,,,,04:45,04:48,04:51,04:54,04:56,04:59,05:02,05:10,05:12,05:15,05:19,05:22,05:25,05:29,05:32,05:35,05:40
1936,04:27,04:30,04:33,04:35,04:37,04:39,04:42,04:45,04:49,04:51,04:55,04:59,05:02,05:05,05:09,,,,,,,,,,,,,,,,,
1937,04:39,04:42,04:45,04:47,04:49,04:51,04:54,04:57,,,,,,,,05:01,05:04,05:07,05:10,05:12,05:15,05:18,05:26,05:28,05:31,05:35,05:38,05:41,05:45,05:48,05:51,05:56
1938,04:43,04:46,04:49,04:51,04:53,04:55,04:58,05:01,05:05,05:07,05:11,,,,,,,,,,,,,,,,,,,,,
1939,04:51,04:54,04:57,04:59,05:01,05:03,05:06,05:09,,,,,,,,05:13,05:16,05:19,05:22,05:24,05:27,05:30,05:38,05:40,05:43,05:47,05:50,05:53,05:57,06:00,06:03,06:08
1940,04:55,04:58,05:01,05:03,05:05,05:07,05:10,05:13,05:17,05:19,05:23,05:27,05:30,05:33,05:37,,,,,,,,,,,,,,,,,
1941,,,,,,,,,,,,,,,,,,,,,,,05:50,05:52,05:55,05:59,06:02,06:05,06:09,06:12,06:15,06:21
1942,05:04,05:07,05:10,05:12,05:14,05:16,05:19,05:22,05:26,05:28,05:32,,,,,,,,,,,,,,,,,,,,,
1943,05:08,05:11,05:14,05:16,05:18,05:20,05:23,05:26,,,,,,,,05:30,05:33,05:36,05:39,05:41,05:44,05:47,05:55,05:57,06:00,06:04,06:07,06:10,06:14,06:17,06:20,06:27
1944,05:12,05:15,05:18,05:20,05:22,05:24,05:27,05:30,05:34,05:36,05:40,05:44,05:47,05:50,05:54,,,,,,,,,,,,,,,,,
1945,05:23,05:26,05:29,05:31,05:33,05:35,05:38,05:41,,,,,,,,05:45,05:48,05:51,05:54,05:56,05:59,06:02,06:10,06:13,06:16,06:20,06:24,06:27,06:31,06:34,06:37,06:43
1946,05:27,05:30,05:33,05:35,05:37,05:39,05:42,05:45,05:49,05:51,05:55,05:59,06:02,06:05,06:09,,,,,,,,,,,,,,,,,
1947,05:30,05:33,05:36,05:38,05:40,05:42,05:45,05:48,,,,,,,,05:52,05:55,05:58,06:01,06:03,06:06,06:09,06:17,06:19,06:22,06:26,06:29,06:32,06:36,06:39,06:42,06:48
1948,05:36,05:39,05:42,05:44,05:46,05:48,05:51,05:54,05:58,06:00,06:04,,,,,,,,,,,,,,,,,,,,,
1949,05:46,05:49,05:52,05:54,05:56,05:58,06:01,06:04,,,,,,,,06:08,06:11,06:14,06:17,06:19,06:22,06:25,06:33,06:35,06:38,06:42,06:45,06:48,06:52,06:55,06:58,07:03
1950,05:52,05:55,05:58,06:00,06:02,06:04,06:07,06:10,06:14,06:16,06:20,06:24,06:27,06:30,06:34,,,,,,,,,,,,,,,,,
1951,05:56,05:59,06:02,06:04,06:06,06:08,06:11,06:14,,,,,,,,06:18,06:21,06:24,06:27,06:29,06:32,06:35,06:43,06:45,06:48,06:52,06:55,06:58,07:02,07:05,07:08,07:13
1952,,06:24,,,,,,,,,,,,,,,,,,,,,,,,06:55,06:59,07:02,07:06,07:09,07:12,07:17
1953,06:03,06:06,06:09,06:11,06:13,06:15,06:18,06:21,06:25,06:27,06:31,,,,,,,,,,,,,,,,,,,,,
1954,06:07,06:10,06:13,06:15,06:17,06:19,06:22,06:25,,,,,,,,06:29,06:32,06:35,06:38,06:40,06:43,06:46,06:54,06:56,06:59,07:03,07:06,07:09,07:13,07:16,07:19,07:24
1955,06:12,06:15,06:18,06:20,06:22,06:24,06:27,06:30,,,,,,,,06:34,06:37,06:40,06:43,06:45,06:48,06:51,06:59,07:01,07:04,07:08,07:11,07:16,,,,
1956,,,,,,,,06:34,,,,,,,,06:38,06:41,06:44,06:47,06:49,06:52,06:55,07:03,07:05,07:08,07:12,07:15,07:19,07:23,07:26,07:29,07:34
1957,06:16,06:19,06:22,06:24,06:26,06:28,06:31,06:34,06:38,06:40,06:44,06:48,06:51,06:54,06:58,,,,,,,,,,,,,,,,,
1958,06:20,06:23,06:26,06:28,06:30,06:32,06:35,06:38,,,,,,,,06:42,06:45,06:48,06:51,06:53,06:56,06:59,07:07,07:09,07:12,07:16,07:19,07:22,07:26,07:29,07:32,07:37
1959,06:26,06:29,06:32,06:34,06:36,06:38,06:41,06:44,,,,,,,,06:48,06:51,06:54,06:57,06:59,07:02,07:05,07:13,07:15,07:18,07:22,07:25,07:28,07:32,07:35,07:38,07:43
1960,06:30,06:33,06:36,06:38,06:40,06:42,06:45,06:48,06:52,06:54,07:00,,,,,,,,,,,,,,,,,,,,,
1961,06:35,06:38,06:41,06:43,06:45,06:47,06:50,06:53,,,,,,,,06:57,07:00,07:03,07:06,07:08,07:11,07:14,07:22,07:24,07:27,07:31,07:34,07:37,07:41,07:44,07:47,07:52
1962,,07:05,,,,,,,,,,,,,,,,,,,,,,,,07:36,07:40,07:43,07:47,07:50,07:53,07:58
1963,06:39,06:42,06:45,06:47,06:49,06:51,06:54,06:57,07:01,07:03,07:08,07:12,07:15,07:18,07:22,,,,,,,,,,,,,,,,,
1964,06:43,06:46,06:49,06:51,06:53,06:55,06:58,07:01,,,,,,,,07:05,07:08,07:11,07:14,07:16,07:19,07:22,07:30,07:32,07:35,07:39,07:42,07:46,,,,
1965,,05:56,,,,,,07:04,07:09,07:11,07:16,07:20,07:23,07:26,07:32,,,,,,,,,,,,,,,,,
1966,06:49,06:52,06:55,06:57,06:59,07:01,07:04,07:07,,,,,,,,07:11,07:14,07:17,07:20,07:22,07:25,07:28,07:36,07:38,07:41,07:45,07:48,07:51,07:55,07:58,08:01,08:06
1967,06:54,06:57,07:00,07:02,07:04,07:06,07:09,07:12,,,,,,,,07:16,07:19,07:22,07:25,07:27,07:30,07:33,07:41,07:43,07:46,07:50,07:53,07:58,,,,
1968,06:58,07:01,07:04,07:06,07:08,07:10,07:13,07:16,07:20,07:22,07:27,,,,,,,,,,,,,,,,,,,,,
1969,07:02,07:05,07:08,07:10,07:12,07:14,07:17,07:20,,,,,,,,07:24,07:27,07:30,07:33,07:35,07:38,07:41,07:49,07:51,07:54,07:58,08:01,08:04,08:08,08:11,08:14,08:19
1970,07:06,07:09,07:12,07:14,07:16,07:18,07:21,07:24,,,,,,,,07:28,07:31,07:34,07:37,07:39,07:42,07:50,,,,,,,,,,
1971,07:10,07:13,07:16,07:18,07:20,07:22,07:25,07:28,07:32,07:34,07:38,07:42,07:45,07:48,07:53,,,,,,,,,,,,,,,,,
1972,07:14,07:17,07:20,07:22,07:24,07:26,07:29,07:32,,,,,,,,07:36,07:39,07:42,07:45,07:47,07:50,07:53,08:01,08:03,08:06,08:10,08:13,08:16,08:20,08:23,08:26,08:31
1973,07:20,07:23,07:26,07:28,07:30,07:32,07:35,07:38,,,,,,,,07:42,07:45,07:48,07:51,07:53,07:56,07:59,08:07,08:09,08:12,08:16,08:19,08:22,08:26,08:29,08:32,08:37
1974,,,,,,,,07:42,,,,,,,,07:46,07:49,07:52,07:55,07:57,08:00,08:03,08:11,08:13,08:16,08:20,08:23,08:28,,,,
1975,07:24,07:27,07:30,07:32,07:34,07:36,07:39,07:42,07:46,07:48,07:52,,,,,,,,,,,,,,,,,,,,,
1976,07:29,07:32,07:35,07:37,07:39,07:41,07:44,07:47,,,,,,,,07:51,07:54,07:57,08:00,08:02,08:05,08:08,08:16,08:18,08:21,08:25,08:28,08:31,08:35,08:38,08:41,08:46
1977,07:35,07:38,07:41,07:43,07:45,07:47,07:50,07:53,,,,,,,,07:57,08:00,08:03,08:06,08:08,08:11,08:14,08:23,,,,,,,,,
1978,07:38,07:41,07:44,07:46,07:48,07:50,07:53,07:56,08:00,08:02,08:07,08:11,08:14,08:17,08:23,,,,,,,,,,,,,,,,,
1979,07:41,07:44,07:47,07:49,07:51,07:53,07:56,07:59,,,,,,,,08:03,08:06,08:09,08:12,08:14,08:17,08:20,08:28,08:30,08:33,08:37,08:40,08:43,08:47,08:50,08:53,08:58
1980,,06:58,,,,,,08:02,08:07,08:09,08:15,08:19,08:22,08:25,08:31,,,,,,,,,,,,,,,,,
1981,07:47,07:50,07:53,07:55,07:57,07:59,08:02,08:05,,,,,,,,08:09,08:12,08:15,08:18,08:20,08:23,08:26,08:34,08:36,08:39,08:43,08:46,08:51,,,,
1982,,07:42,,,,,,08:10,,,,,,,,08:14,08:17,08:20,08:23,08:25,08:28,08:31,08:39,08:41,08:44,08:48,08:51,08:54,08:58,09:01,09:04,09:09
1983,07:51,07:54,07:57,07:59,08:01,08:03,08:06,08:10,08:16,08:18,08:23,,,,,,,,,,,,,,,,,,,,,
1984,07:56,07:59,08:02,08:04,08:06,08:08,08:11,08:14,,,,,,,,08:18,08:21,08:24,08:27,08:29,08:32,08:40,,,,,,,,,,
1985,08:00,08:03,08:06,08:08,08:10,08:12,08:15,08:18,08:22,08:24,08:28,08:32,08:35,08:38,08:43,,,,,,,,,,,,,,,,,
1986,,08:01,,,,,,,,,,,,,,,,,,,,,,,,08:32,08:36,08:39,08:43,08:46,08:49,08:56
1987,08:04,08:07,08:10,08:12,08:14,08:16,08:19,08:22,,,,,,,,08:26,08:29,08:32,08:35,08:37,08:40,08:43,08:51,08:53,08:56,09:00,09:03,09:08,,,,
1988,08:08,08:11,08:14,08:16,08:18,08:20,08:23,08:26,,,,,,,,08:30,08:33,08:36,08:39,08:41,08:44,08:47,08:55,08:57,09:00,09:04,09:07,09:10,09:14,09:17,09:20,09:25
1989,08:13,08:16,08:19,08:21,08:23,08:25,08:28,08:31,,,,,,,,08:35,08:38,08:41,08:44,08:46,08:49,08:52,09:01,,,,,,,,,
1990,08:17,08:20,08:23,08:25,08:27,08:29,08:32,08:35,08:39,08:41,08:45,,,,,,,,,,,,,,,,,,,,,
1991,,,,,,,,08:35,,,,,,,,08:39,08:42,08:45,08:47,08:50,08:53,08:56,09:04,09:06,09:09,09:12,09:15,09:18,09:22,09:25,09:28,09:33
1992,08:23,08:26,08:29,08:31,08:33,08:35,08:38,08:41,,,,,,,,08:45,08:48,08:51,08:54,08:56,08:59,09:02,09:10,09:12,09:15,09:19,09:22,09:25,09:29,09:32,09:35,09:40
1993,PNVL,07:43,,,,,,08:45,08:50,08:52,08:58,09:02,09:05,09:08,09:14,,,,,,,,,,,,,,,,,
1994,08:30,08:33,08:36,08:38,08:40,08:42,08:45,08:48,,,,,,,,08:52,08:55,08:58,09:01,09:03,09:06,09:09,09:17,09:19,09:22,09:26,09:29,09:33,,,,
1995,TNA,09:00,,,,,,,,,,,,,,,,,,,,,,,,09:29,,09:37,09:41,,,09:49
1996,08:34,08:37,08:40,08:42,08:44,08:46,08:49,08:52,,,,,,,,08:56,08:59,09:02,09:05,09:07,,,,,,,,,,,,
1997,08:38,08:41,08:44,08:46,08:48,08:50,08:53,08:56,09:00,09:02,09:07,09:12,09:15,09:18,09:25,,,,,,,,,,,,,,,,,
1998,08:41,08:44,08:47,08:49,08:51,08:53,08:56,08:59,,,,,,,,09:03,09:06,09:09,09:12,09:14,09:17,09:20,09:28,09:30,09:33,09:37,09:40,09:43,09:47,09:50,09:53,09:58
1999,,,,,,,,09:03,,,,,,,,09:08,09:11,09:14,09:17,09:19,09:22,09:25,09:33,09:35,09:38,09:42,09:45,09:49,,,,
2000,08:46,08:49,08:52,08:54,08:56,08:58,09:01,09:04,09:08,09:10,09:14,,,,,,,,,,,,,,,,,,,,,
2001,,09:14,,,,,,,,,,,,,,,,,,,,,,,,09:45,09:49,09:52,09:56,09:59,10:02,10:07
2002,08:49,08:52,08:55,08:57,08:59,09:01,09:04,09:07,,,,,,,,09:11,09:14,09:17,09:20,09:22,09:25,09:28,09:36,,,,,,,,,
2003,08:54,08:57,09:00,09:02,09:04,09:06,09:09,09:12,,,,,,,,09:16,09:19,09:22,09:25,09:27,09:30,09:33,09:41,09:43,09:46,09:50,09:53,09:56,10:00,10:03,10:06,10:11
2004,,08:40,,,,,,09:15,,,,,,,,09:21,09:24,09:27,09:30,09:32,09:35,09:38,09:46,09:48,09:51,09:55,09:58,10:01,10:05,10:08,10:11,10:18
2005,09:00,09:03,09:06,09:08,09:10,09:12,09:15,09:18,09:22,09:24,09:29,09:33,09:36,09:39,09:44,,,,,,,,,,,,,,,,,
2006,09:04,09:07,09:10,09:12,09:14,09:16,09:19,09:22,,,,,,,,09:26,09:29,09:32,09:35,09:37,09:40,09:43,09:51,,,,,,,,,
2007,09:08,09:11,09:14,09:16,09:18,09:20,09:23,09:26,,,,,,,,09:30,09:33,09:36,09:39,09:41,09:44,09:47,09:55,09:57,10:00,10:04,10:07,10:10,10:14,10:17,10:20,10:25
2008,09:12,09:15,09:18,09:20,09:22,09:24,09:27,09:30,,,,,,,,09:34,09:37,09:40,09:43,09:45,09:48,09:51,09:59,10:01,10:04,10:08,10:11,10:15,,,,
2009,09:15,09:18,09:21,09:23,09:25,09:27,09:30,09:33,09:37,09:39,09:43,,,,,,,,,,,,,,,,,,,,,
2010,09:19,09:22,09:25,09:27,09:29,09:31,09:34,09:37,,,,,,,,09:41,09:44,09:47,09:50,09:52,09:55,09:58,10:06,10:08,10:11,10:15,10:18,10:21,10:25,10:28,10:31,10:36
2011,09:23,09:26,09:29,09:31,09:33,09:35,09:38,09:41,,,,,,,,09:45,09:48,09:51,09:54,09:56,09:59,10:02,10:10,,,,,,,,,
2012,,,,,,,,09:44,,,,,,,,09:49,09:52,09:55,09:58,10:00,10:03,10:06,10:14,10:16,10:19,10:23,10:26,10:30,,,,
2013,09:26,09:29,09:32,09:34,09:36,09:38,09:41,09:44,09:48,09:50,09:54,09:58,10:01,10:04,10:08,,,,,,,,,,,,,,,,,
2014,09:30,09:33,09:36,09:38,09:40,09:42,09:45,09:48,,,,,,,,09:53,09:56,09:59,10:02,10:04,10:07,10:10,10:18,10:20,10:23,10:27,10:30,10:33,10:37,10:40,10:43,10:48
2015,,10:03,,,,,,,,,,,,,,,,,,,,,,,,10:34,10:38,10:41,10:45,10:48,10:51,10:56
2016,09:34,09:37,09:40,09:42,09:44,09:46,09:49,09:52,,,,,,,,09:57,10:00,10:03,10:06,10:08,10:11,10:14,10:23,,,,,,,,,
2017,09:38,09:41,09:44,09:46,09:48,09:50,09:53,09:56,10:00,10:02,10:07,,,,,,,,,,,,,,,,,,,,,
2018,09:42,09:45,09:48,09:50,09:52,09:54,09:57,10:00,,,,,,,,10:04,10:07,10:10,10:13,10:15,10:18,10:21,10:29,10:31,10:34,10:38,10:41,10:46,,,,
2019,,09:33,,,,,,10:03,,,,,,,,10:08,10:11,10:14,10:17,10:19,10:22,10:25,10:33,10:35,10:38,10:42,10:45,10:49,10:53,10:56,10:59,11:04
2020,09:47,09:50,09:53,09:55,09:57,09:59,10:02,10:06,,,,,,,,10:12,10:15,10:18,10:21,10:23,10:26,10:29,10:37,,,,,,,,,
2021,09:51,09:54,09:57,09:59,10:01,10:03,10:06,10:09,10:13,10:15,10:21,10:25,10:28,10:31,10:35,,,,,,,,,,,,,,,,,
2022,09:54,09:57,10:00,10:02,10:04,10:06,10:09,10:12,,,,,,,,10:16,10:19,10:22,10:25,10:27,10:30,10:33,10:41,10:43,10:46,10:50,10:53,10:56,11:00,11:03,11:06,11:11
2023,09:58,10:01,10:04,10:06,10:08,10:10,10:13,10:16,,,,,,,,10:20,10:23,10:26,10:29,10:31,10:34,10:37,10:45,10:47,10:50,10:54,10:57,11:02,,,,
2024,10:02,10:05,10:08,10:10,10:12,10:14,10:17,10:20,10:24,10:26,10:30,,,,,,,,,,,,,,,,,,,,,
2025,10:06,10:09,10:12,10:14,10:16,10:18,10:21,10:24,,,,,,,,10:28,10:31,10:34,10:37,10:39,10:42,10:45,10:54,,,,,,,,,
2026,10:10,10:13,10:16,10:18,10:20,10:22,10:25,10:28,,,,,,,,10:32,10:35,10:38,10:41,10:43,10:46,10:49,10:57,10:59,11:02,11:06,11:09,11:12,11:16,11:19,11:22,11:27
2027,10:14,10:17,10:20,10:22,10:24,10:26,10:29,10:32,,,,,,,,10:36,10:39,10:42,10:45,10:47,10:50,10:53,11:02,,,,,,,,,
2028,,10:38,,,,,,,,,,,,,,,,,,,,,,,,11:09,11:13,11:18,,,,
2029,10:18,10:21,10:24,10:26,10:28,10:30,10:33,10:36,10:40,10:42,10:46,10:50,10:53,10:56,11:02,,,,,,,,,,,,,,,,,
2030,10:22,10:25,10:28,10:30,10:32,10:34,10:37,10:40,,,,,,,,10:44,10:47,10:50,10:53,10:55,10:58,11:01,11:09,11:11,11:14,11:18,11:21,11:24,11:28,11:31,11:34,11:39
2031,10:26,10:29,10:32,10:34,10:36,10:38,10:41,10:44,,,,,,,,10:48,10:51,10:54,10:57,10:59,11:02,11:05,11:14,,,,,,,,,
2032,10:30,10:33,10:36,10:38,10:40,10:42,10:45,10:48,,,,,,,,10:52,10:55,10:58,11:01,11:03,11:06,11:09,11:17,11:19,11:22,11:26,11:29,11:34,,,,
2033,,,,,,,,10:52,,,,,,,,10:57,11:00,11:03,11:05,11:08,11:11,11:14,11:22,,,,,,,,,
2034,10:34,10:37,10:40,10:42,10:44,10:46,10:49,10:52,10:56,10:58,11:02,,,,,,,,,,,,,,,,,,,,,
2035,10:39,10:42,10:45,10:47,10:49,10:51,10:54,10:57,,,,,,,,11:01,11:04,11:07,11:10,11:12,11:15,11:18,11:26,11:28,11:31,11:35,11:38,11:41,11:45,11:48,11:51,11:56
2036,10:43,10:46,10:49,10:51,10:53,10:55,10:58,11:01,,,,,,,,11:05,11:08,11:11,11:14,11:16,11:19,11:22,11:30,11:32,11:35,11:39,11:42,11:47,,,,
2037,,11:11,,,,,,,,,,,,,,,,,,,,,,,,11:42,11:46,11:50,11:54,11:57,12:00,12:05
2038,10:47,10:50,10:53,10:55,10:57,10:59,11:02,11:05,11:09,11:11,11:15,11:19,11:22,11:25,11:29,,,,,,,,,,,,,,,,,
2039,10:50,10:53,10:56,10:58,11:00,11:02,11:05,11:08,,,,,,,,11:12,11:15,11:18,11:21,11:23,11:26,11:29,11:37,11:39,11:42,11:46,11:50,11:54,11:58,12:01,12:04,12:09
2040,10:54,10:57,11:00,11:02,11:04,11:06,11:09,11:12,,,,,,,,11:16,11:19,11:22,11:25,11:27,11:30,11:33,11:42,,,,,,,,,
2041,10:58,11:01,11:04,11:06,11:08,11:10,11:13,11:16,,,,,,,,11:20,11:23,11:26,11:29,11:31,11:34,11:37,11:45,11:47,11:50,11:54,11:57,12:02,,,,
2042,11:01,11:04,11:07,11:09,11:11,11:13,11:16,11:19,11:23,11:25,11:29,,,,,,,,,,,,,,,,,,,,,
2043,,,,,,,,11:20,,,,,,,,11:24,11:27,11:30,11:32,11:35,11:38,11:41,11:49,,,,,,,,,
2044,11:05,11:08,11:11,11:13,11:15,11:17,11:20,11:24,,,,,,,,11:28,11:31,11:34,11:37,11:39,11:42,11:45,11:53,11:55,11:58,12:02,12:05,12:08,12:12,12:15,12:18,12:23
2045,11:09,11:12,11:15,11:17,11:19,11:21,11:24,11:28,,,,,,,,11:32,11:35,11:38,11:41,11:43,11:46,11:49,11:57,11:59,12:02,12:06,12:09,12:15,,,,
2046,11:13,11:16,11:19,11:21,11:23,11:25,11:28,11:31,11:35,11:37,11:41,11:45,11:48,11:51,11:55,,,,,,,,,,,,,,,,,
2047,,,,,,,,11:32,,,,,,,,11:37,11:40,11:43,11:45,11:48,11:51,11:54,12:02,12:04,12:07,12:11,12:14,12:17,12:21,12:24,12:27,12:32
2048,11:18,11:21,11:24,11:26,11:28,11:30,11:33,11:36,,,,,,,,11:41,11:44,11:47,11:50,11:52,11:55,11:58,12:06,12:08,12:11,12:15,12:18,12:21,12:25,12:28,12:31,12:36
2049,11:23,11:26,11:29,11:31,11:33,11:35,11:38,11:41,,,,,,,,11:45,11:48,11:51,11:54,11:56,11:59,12:02,12:11,,,,,,,,,
2050,11:29,11:32,11:35,11:37,11:39,11:41,11:44,11:47,,,,,,,,11:51,11:54,11:57,12:00,12:02,12:05,12:08,12:16,12:18,12:21,12:25,12:28,12:33,,,,
2051,,10:47,,,,,,11:50,11:55,11:57,12:01,12:05,12:08,12:11,12:16,,,,,,,,,,,,,,,,,
2052,11:35,11:38,11:41,11:43,11:45,11:47,11:50,11:54,11:59,12:01,12:05,,,,,,,,,,,,,,,,,,,,,
2053,11:39,11:42,11:45,11:47,11:49,11:51,11:54,11:57,,,,,,,,12:01,12:04,12:07,12:10,12:12,12:15,12:18,12:26,12:28,12:31,12:35,12:38,12:41,12:45,12:48,12:51,12:56
2054,11:43,11:46,11:49,11:51,11:53,11:55,11:58,12:01,,,,,,,,12:05,12:08,12:11,12:14,12:16,12:19,12:22,12:31,,,,,,,,,
2055,11:46,11:49,11:52,11:54,11:56,11:58,12:01,12:04,12:09,12:11,12:15,12:19,12:22,12:25,12:30,,,,,,,,,,,,,,,,,
2056,11:54,11:57,12:00,12:02,12:04,12:06,12:09,12:12,,,,,,,,12:16,12:19,12:22,12:25,12:27,12:30,12:33,12:41,12:43,12:46,12:50,12:53,12:56,13:00,13:03,13:06,13:11
2057,11:58,12:01,12:04,12:06,12:08,12:10,12:13,12:16,12:20,12:22,12:26,,,,,,,,,,,,,,,,,,,,,
2058,TNA,12:06,,,,,,,,,,,,,,,,,,,,,,,,12:38,12:42,12:46,12:50,12:53,12:56,13:01
2059,12:03,12:06,12:09,12:11,12:13,12:15,12:18,12:21,,,,,,,,12:25,12:28,12:31,12:34,12:36,12:39,12:42,12:50,12:52,12:55,12:59,13:02,13:07,,,,
2060,12:08,12:11,12:14,12:16,12:18,12:20,12:23,12:26,,,,,,,,12:30,12:33,12:36,12:39,12:41,12:44,12:47,12:55,12:57,13:00,13:04,13:07,13:11,13:15,13:18,13:21,13:26
2061,12:13,12:16,12:19,12:21,12:23,12:25,12:28,12:31,12:35,12:37,12:42,12:46,12:49,12:52,12:56,,,,,,,,,,,,,,,,,
2062,12:18,12:21,12:24,12:26,12:28,12:30,12:33,12:36,,,,,,,,12:40,12:43,12:46,12:49,12:51,12:54,12:57,13:05,13:07,13:10,13:14,13:17,13:20,13:24,13:27,13:30,13:35
2063,12:23,12:26,12:29,12:31,12:33,12:35,12:38,12:41,12:45,12:47,12:51,,,,,,,,,,,,,,,,,,,,,
2064,12:30,12:33,12:36,12:38,12:40,12:42,12:45,12:48,,,,,,,,12:52,12:55,12:58,13:01,13:03,13:06,13:09,13:18,,,,,,,,,
2065,12:35,12:38,12:41,12:43,12:45,12:47,12:50,12:53,12:57,12:59,13:03,13:07,13:10,13:13,13:17,,,,,,,,,,,,,,,,,
2066,,12:25,,,,,,12:53,,,,,,,,12:58,13:01,13:04,13:07,13:09,13:12,13:15,13:23,13:25,13:28,13:32,13:35,13:38,13:42,13:45,13:48,13:53
2067,12:40,12:43,12:46,12:48,12:50,12:52,12:55,12:58,,,,,,,,13:02,13:05,13:08,13:11,13:13,13:16,13:19,13:27,13:29,13:32,13:36,13:39,13:44,,,,
2068,12:44,12:47,12:50,12:52,12:54,12:56,12:59,13:02,,,,,,,,13:06,13:09,13:12,13:15,13:17,13:20,13:23,13:31,13:33,13:36,13:40,13:43,13:47,13:51,13:54,13:57,14:02
2069,,13:14,,,,,,,,,,,,,,,,,,,,,,,,13:45,13:49,13:53,13:57,14:00,14:03,14:08
2070,12:49,12:52,12:55,12:57,12:59,13:01,13:04,13:07,13:11,13:13,13:18,,,,,,,,,,,,,,,,,,,,,
2071,12:53,12:56,12:59,13:01,13:03,13:05,13:08,13:11,,,,,,,,13:15,13:18,13:21,13:24,13:26,13:29,13:32,13:41,,,,,,,,,
2072,12:57,13:00,13:03,13:05,13:07,13:09,13:12,13:15,,,,,,,,13:19,13:22,13:25,13:28,13:30,13:33,13:36,13:44,13:46,13:49,13:53,13:56,13:59,14:03,14:06,14:09,14:14
2073,13:02,13:05,13:08,13:10,13:12,13:14,13:17,13:20,13:24,13:26,13:30,13:34,13:37,13:40,13:44,,,,,,,,,,,,,,,,,
2074,13:06,13:09,13:12,13:14,13:16,13:18,13:21,13:24,,,,,,,,13:28,13:31,13:34,13:37,13:39,13:42,13:45,13:53,13:55,13:58,14:02,14:05,14:08,14:12,14:15,14:18,14:23
2075,13:11,13:14,13:17,13:19,13:21,13:23,13:26,13:29,,,,,,,,13:33,13:36,13:39,13:42,13:44,13:47,13:50,13:59,,,,,,,,,
2076,13:15,13:18,13:21,13:23,13:25,13:27,13:30,13:33,13:37,13:39,13:43,,,,,,,,,,,,,,,,,,,,,
2077,13:19,13:22,13:25,13:27,13:29,13:31,13:34,13:37,,,,,,,,13:41,13:44,13:47,13:50,13:52,13:55,13:58,14:06,14:08,14:11,14:15,14:18,14:21,14:25,14:28,14:31,14:36
2078,13:23,13:26,13:29,13:31,13:33,13:35,13:38,13:41,,,,,,,,13:45,13:48,13:51,13:54,13:56,13:59,14:02,14:10,14:12,14:15,14:19,14:22,14:27,,,,
2079,13:27,13:30,13:33,13:35,13:37,13:39,13:42,13:45,13:49,13:51,13:55,13:59,14:02,14:05,14:09,,,,,,,,,,,,,,,,,
2080,,,,,,,,13:45,,,,,,,,13:50,13:53,13:56,13:58,14:01,14:04,14:07,14:15,14:17,14:20,14:24,14:27,14:30,14:34,14:37,14:40,14:45
2081,13:31,13:34,13:37,13:39,13:41,13:43,13:46,13:49,,,,,,,,13:54,13:57,14:00,14:03,14:05,14:08,14:11,14:19,,,,,,,,,
2082,13:35,13:38,13:41,13:43,13:45,13:47,13:50,13:53,,,,,,,,13:58,14:01,14:04,14:07,14:09,14:12,14:15,14:23,14:25,14:28,14:32,14:35,14:38,14:42,14:45,14:48,14:53
2083,13:39,13:42,13:45,13:47,13:49,13:51,13:54,13:57,,,,,,,,14:02,14:05,14:08,14:11,14:13,14:16,14:19,14:27,14:29,14:32,14:36,14:39,14:44,,,,
2084,13:43,13:46,13:49,13:51,13:53,13:55,13:58,14:01,14:05,14:07,14:11,,,,,,,,,,,,,,,,,,,,,
2085,13:49,13:52,13:55,13:57,13:59,14:01,14:04,14:07,,,,,,,,14:11,14:14,14:17,14:20,14:22,14:25,14:28,14:36,14:38,14:41,14:45,14:48,14:51,14:55,14:58,15:01,15:07
2086,13:53,13:56,13:59,14:01,14:03,14:05,14:08,14:11,,,,,,,,14:15,14:18,14:21,14:24,14:26,14:29,14:32,14:40,14:42,14:45,14:49,14:52,14:57,,,,
2087,,14:21,,,,,,,,,,,,,,,,,,,,,,,,14:52,14:56,15:00,15:04,15:07,15:10,15:15
2088,13:58,14:01,14:04,14:06,14:08,14:10,14:13,14:16,14:20,14:22,14:26,14:30,14:33,14:36,14:41,,,,,,,,,,,,,,,,,
2089,14:02,14:05,14:08,14:10,14:12,14:14,14:17,14:20,,,,,,,,14:24,14:27,14:30,14:33,14:35,14:38,14:41,14:49,14:51,14:54,14:58,15:01,15:04,15:08,15:11,15:14,15:21
2090,14:12,14:15,14:18,14:20,14:22,14:24,14:27,14:30,,,,,,,,14:34,14:37,14:40,14:43,14:45,14:48,14:51,14:59,15:01,15:04,15:08,15:11,15:14,15:18,15:21,15:24,15:31
2091,14:16,14:19,14:22,14:24,14:26,14:28,14:31,14:34,14:38,14:40,14:45,14:49,14:52,14:55,14:59,,,,,,,,,,,,,,,,,
2092,14:20,14:23,14:26,14:28,14:30,14:32,14:35,14:38,14:42,14:44,14:48,,,,,,,,,,,,,,,,,,,,,
2093,14:24,14:27,14:30,14:32,14:34,14:36,14:39,14:42,,,,,,,,14:46,14:49,14:52,14:55,14:57,15:00,15:03,15:11,15:13,15:16,15:20,15:23,15:28,,,,
2094,14:27,14:30,14:33,14:35,14:37,14:39,14:42,14:45,14:49,14:51,14:55,14:59,15:02,15:05,15:09,,,,,,,,,,,,,,,,,
2095,14:31,14:34,14:37,14:39,14:41,14:43,14:46,14:49,,,,,,,,14:53,14:56,14:59,15:02,15:04,15:07,15:10,15:18,15:20,15:23,15:27,15:30,15:34,15:38,15:41,15:44,15:49
2096,14:37,14:40,14:43,14:45,14:47,14:49,14:52,14:55,,,,,,,,14:59,15:02,15:05,15:08,15:10,15:13,15:16,15:24,15:26,15:29,15:33,15:36,15:41,,,,
2097,14:42,14:45,14:48,14:50,14:52,14:54,14:57,15:00,15:04,15:06,15:10,,,,,,,,,,,,,,,,,,,,,
2098,14:46,14:49,14:52,14:54,14:56,14:58,15:01,15:04,,,,,,,,15:08,15:11,15:14,15:17,15:19,15:22,15:25,15:33,15:35,15:38,15:42,15:45,15:48,15:52,15:55,15:58,16:03
2099,14:50,14:53,14:56,14:58,15:00,15:02,15:05,15:08,,,,,,,,15:12,15:15,15:18,15:21,15:23,15:26,15:29,15:37,15:39,15:42,15:46,15:49,15:54,,,,
2100,14:54,14:57,15:00,15:02,15:04,15:06,15:09,15:12,15:16,15:18,15:23,15:27,15:30,15:33,15:38,,,,,,,,,,,,,,,,,
2101,14:58,15:01,15:04,15:06,15:08,15:10,15:13,15:16,,,,,,,,15:20,15:23,15:26,15:29,15:31,15:34,15:37,15:45,15:47,15:50,15:54,15:57,16:00,16:04,16:07,16:10,16:15
2102,15:03,15:06,15:09,15:11,15:13,15:15,15:18,15:21,,,,,,,,15:25,15:28,15:31,15:34,15:36,15:39,15:42,15:50,15:52,15:55,15:59,16:02,16:05,16:09,16:12,16:15,16:20
2103,,15:31,,,,,,,,,,,,,,,,,,,,,,,,16:02,16:06,16:10,16:14,16:17,16:20,16:26
2104,15:07,15:10,15:13,15:15,15:17,15:19,15:22,15:25,15:29,15:31,15:37,,,,,,,,,,,,,,,,,,,,,
2105,15:11,15:14,15:17,15:19,15:21,15:23,15:26,15:29,,,,,,,,15:33,15:36,15:39,15:42,15:44,15:47,15:50,15:58,16:00,16:03,16:07,16:10,16:15,,,,
2106,15:23,15:26,15:29,15:31,15:33,15:35,15:38,15:41,15:45,15:47,15:51,15:55,15:58,16:01,16:05,,,,,,,,,,,,,,,,,
2107,15:27,15:30,15:33,15:35,15:37,15:39,15:42,15:45,,,,,,,,15:49,15:52,15:55,15:58,16:00,16:03,16:06,16:14,16:16,16:19,16:23,16:26,16:29,16:33,16:36,16:39,16:44
2108,15:32,15:35,15:38,15:40,15:42,15:44,15:47,15:50,,,,,,,,15:54,15:57,16:00,16:03,16:05,16:08,16:11,16:19,16:21,16:24,16:28,16:31,16:37,,,,
2109,15:36,15:39,15:42,15:44,15:46,15:48,15:51,15:54,15:58,16:00,16:04,,,,,,,,,,,,,,,,,,,,,
2110,15:40,15:43,15:46,15:48,15:50,15:52,15:55,15:58,,,,,,,,16:02,16:05,16:08,16:11,16:13,16:16,16:19,16:27,16:29,16:32,16:36,16:39,16:42,16:46,16:49,16:52,16:57
2111,15:44,15:47,15:50,15:52,15:54,15:56,15:59,16:02,,,,,,,,16:06,16:09,16:12,16:15,16:17,16:20,16:23,16:31,16:33,16:36,16:40,16:43,16:46,16:50,16:53,16:56,17:03
2112,15:48,15:51,15:54,15:56,15:58,16:00,16:03,16:06,16:10,16:12,16:16,16:20,16:23,16:26,16:30,,,,,,,,,,,,,,,,,
2113,15:53,15:56,15:59,16:01,16:03,16:05,16:08,16:11,,,,,,,,16:15,16:18,16:21,16:24,16:26,16:29,16:32,16:40,16:42,16:45,16:49,16:52,16:55,16:59,17:02,17:05,17:11
2114,15:58,16:01,16:04,16:06,16:08,16:10,16:13,16:16,,,,,,,,16:20,16:23,16:26,16:29,16:31,16:34,16:37,16:46,,,,,,,,,
2115,,,,,,,,16:06,,,,,,,,16:11,16:14,16:17,16:20,16:22,16:25,16:28,16:36,16:38,16:41,16:45,16:48,16:52,,,,
2116,16:03,16:06,16:09,16:11,16:13,16:15,16:18,16:21,16:25,16:27,16:31,,,,,,,,,,,,,,,,,,,,,
2117,16:07,16:10,16:13,16:15,16:17,16:19,16:22,16:25,,,,,,,,16:29,16:32,16:35,16:38,16:40,16:43,16:46,16:54,16:56,16:59,17:03,17:06,17:09,17:13,17:16,17:19,17:24
2118,16:11,16:14,16:17,16:19,16:21,16:23,16:26,16:29,,,,,,,,16:33,16:36,16:39,16:42,16:44,16:47,16:50,16:58,17:00,17:03,17:07,17:10,17:15,,,,
2119,,16:40,,,,,,,,,,,,,,,,,,,,,,,,17:11,17:15,17:19,17:23,17:26,17:29,17:35
2120,16:18,16:21,16:24,16:26,16:28,16:30,16:33,16:36,16:40,16:42,16:47,16:51,16:54,16:57,17:02,,,,,,,,,,,,,,,,,
2121,,,,,,,,16:36,,,,,,,,16:41,16:44,16:47,16:49,16:52,16:55,16:58,17:06,17:09,17:12,17:16,17:19,17:23,17:27,17:30,17:33,17:39
2122,16:23,16:26,16:29,16:31,16:33,16:35,16:38,16:41,,,,,,,,16:45,16:48,16:51,16:53,16:56,16:59,17:02,17:10,17:13,17:16,17:20,17:23,17:27,17:31,17:34,17:37,17:43
2123,16:27,16:30,16:33,16:35,16:37,16:39,16:42,16:45,,,,,,,,16:49,16:52,16:55,16:58,17:00,17:03,17:06,17:15,,,,,,,,,
2124,16:32,16:35,16:38,16:40,16:42,16:44,16:47,16:50,16:54,16:56,17:00,,,,,,,,,,,,,,,,,,,,,
2125,16:36,16:39,16:42,16:44,16:46,16:48,16:51,16:54,,,,,,,,16:58,17:01,17:04,17:07,17:09,17:12,17:15,17:23,17:25,17:28,17:32,17:35,17:40,,,,
2126,16:40,16:43,16:46,16:48,16:50,16:52,16:55,16:58,,,,,,,,17:02,17:05,17:08,17:11,17:13,17:16,17:19,17:27,17:29,17:32,17:36,17:39,17:43,17:47,17:50,17:53,17:58
2127,16:44,16:47,16:50,16:52,16:54,16:56,16:59,17:02,17:06,17:08,17:13,17:17,17:20,17:23,17:27,,,,,,,,,,,,,,,,,
2128,16:48,16:51,16:54,16:56,16:58,17:00,17:03,17:06,,,,,,,,17:10,17:13,17:16,17:19,17:21,17:24,17:27,17:36,,,,,,,,,
2129,16:52,16:55,16:58,17:00,17:02,17:04,17:07,17:10,,,,,,,,17:14,17:17,17:20,17:23,17:25,17:28,17:31,17:39,17:41,17:44,17:48,17:51,17:54,17:58,18:01,18:04,18:09
2130,,17:20,,,,,,,,,,,,,,,,,,,,,,,,17:51,17:55,17:59,18:03,18:06,18:09,18:15
2131,16:56,16:59,17:02,17:04,17:06,17:08,17:11,17:14,17:18,17:20,17:25,,,,,,,,,,,,,,,,,,,,,
2132,17:00,17:03,17:06,17:08,17:10,17:12,17:15,17:18,,,,,,,,17:22,17:25,17:28,17:31,17:33,17:36,17:39,17:47,17:49,17:52,17:56,17:59,18:04,,,,
2133,17:04,17:07,17:10,17:12,17:14,17:16,17:19,17:22,,,,,,,,17:26,17:29,17:32,17:35,17:37,17:40,17:43,17:51,17:53,17:56,18:00,18:03,18:06,18:10,18:13,18:16,18:21
2134,17:08,17:11,17:14,17:16,17:18,17:20,17:23,17:26,,,,,,,,17:30,17:33,17:36,17:39,17:41,17:44,17:47,17:56,,,,,,,,,
2135,,,,,,,,17:30,,,,,,,,17:35,17:38,17:41,17:43,17:46,17:49,17:52,18:00,18:02,18:05,18:09,18:12,18:15,18:19,18:22,18:25,18:30
2136,17:12,17:15,17:18,17:20,17:22,17:24,17:27,17:30,17:34,17:36,17:40,17:44,17:47,17:50,17:54,,,,,,,,,,,,,,,,,
2137,17:16,17:19,17:22,17:24,17:26,17:28,17:31,17:34,,,,,,,,17:39,17:42,17:45,17:48,17:50,17:53,17:56,18:04,18:06,18:09,18:13,18:16,18:19,18:23,18:26,18:29,18:34
2138,,16:34,,,,,,17:37,17:42,17:44,17:50,17:54,17:57,18:00,18:06,,,,,,,,,,,,,,,,,
2139,17:21,17:24,17:27,17:29,17:31,17:33,17:36,17:40,,,,,,,,17:44,17:47,17:50,17:53,17:55,17:58,18:01,18:09,18:11,18:14,18:18,18:21,18:26,,,,
2140,17:25,17:28,17:31,17:33,17:35,17:37,17:40,17:44,,,,,,,,17:48,17:51,17:54,17:57,17:59,18:02,18:05,18:15,,,,,,,,,
2141,,17:50,,,,,,,,,,,,,,,,,,,,,,,,18:21,18:25,18:29,18:33,18:36,18:39,18:44
2142,17:29,17:32,17:35,17:37,17:39,17:41,17:44,17:47,17:51,17:53,17:57,,,,,,,,,,,,,,,,,,,,,
2143,17:33,17:36,17:39,17:41,17:43,17:45,17:48,17:51,,,,,,,,17:55,17:58,18:01,18:04,18:06,18:09,18:12,18:20,18:22,18:25,18:29,18:32,18:35,18:39,18:42,18:45,18:50
2144,,,,,,,,17:55,,,,,,,,18:00,18:03,18:06,18:08,18:11,18:14,18:17,18:25,18:27,18:30,18:34,18:37,18:40,18:44,18:47,18:50,18:55
2145,17:37,17:40,17:43,17:45,17:47,17:49,17:52,17:55,17:59,18:01,18:05,18:09,18:12,18:15,18:19,,,,,,,,,,,,,,,,,
2146,17:42,17:45,17:48,17:50,17:52,17:54,17:57,18:00,,,,,,,,18:04,18:07,18:10,18:13,18:15,18:18,18:21,18:31,,,,,,,,,
2147,,16:58,,,,,,18:03,18:07,18:09,18:15,18:19,18:22,18:25,18:29,,,,,,,,,,,,,,,,,
2148,17:46,17:49,17:52,17:54,17:56,17:58,18:01,18:05,,,,,,,,18:10,18:13,18:16,18:19,18:21,18:24,18:27,18:35,18:37,18:40,18:44,18:47,18:50,18:54,18:57,19:00,19:05
2149,17:50,17:53,17:56,17:58,18:00,18:02,18:05,18:09,18:13,18:15,18:19,,,,,,,,,,,,,,,,,,,,,
2150,17:54,17:57,18:00,18:02,18:04,18:06,18:09,18:13,,,,,,,,18:17,18:20,18:23,18:26,18:28,18:31,18:34,18:42,,,,,,,,,
2151,17:58,18:01,18:04,18:06,18:08,18:10,18:13,18:17,,,,,,,,18:21,18:24,18:27,18:30,18:32,18:35,18:38,18:46,18:48,18:51,18:55,18:58,19:01,19:05,19:08,19:11,19:16
2152,18:02,18:05,18:08,18:10,18:12,18:14,18:17,18:21,,,,,,,,18:25,18:28,18:31,18:34,18:36,18:39,18:42,18:50,18:52,18:55,18:59,19:02,19:05,19:09,19:12,19:15,19:20
2153,,18:34,,,,,,,,,,,,,,,,,,,,,,,,19:05,19:09,19:13,19:17,19:20,19:23,19:28
2154,18:06,18:09,18:12,18:14,18:16,18:18,18:21,18:24,18:28,18:30,18:34,18:38,18:41,18:44,18:48,,,,,,,,,,,,,,,,,
2155,18:10,18:13,18:16,18:18,18:20,18:22,18:25,18:28,,,,,,,,18:32,18:35,18:38,18:41,18:43,18:46,18:49,19:00,,,,,,,,,
2156,18:14,18:17,18:20,18:22,18:24,18:26,18:29,18:32,,,,,,,,18:36,18:39,18:42,18:45,18:47,18:50,18:53,19:02,19:04,19:07,19:11,19:14,19:17,19:21,19:24,19:27,19:32
2157,,17:30,,,,,,18:35,18:40,18:42,18:46,18:50,18:53,18:56,19:00,,,,,,,,,,,,,,,,,
2158,18:20,18:23,18:26,18:28,18:30,18:32,18:35,18:39,18:44,18:46,18:51,,,,,,,,,,,,,,,,,,,,,
2159,18:25,18:28,18:31,18:33,18:35,18:37,18:40,18:43,,,,,,,,18:47,18:50,18:53,18:56,18:58,19:01,19:04,19:12,19:14,19:17,19:21,19:24,19:30,,,,
2160,,18:16,,,,,,18:46,,,,,,,,18:51,18:54,18:57,19:00,19:02,19:05,19:08,19:16,19:18,19:21,19:25,19:28,19:33,19:37,19:40,19:43,19:48
2161,18:31,18:34,18:37,18:39,18:41,18:43,18:46,18:49,,,,,,,,18:55,18:58,19:01,19:04,19:06,19:09,19:12,19:21,,,,,,,,,
2162,18:35,18:38,18:41,18:43,18:45,18:47,18:50,18:53,18:57,18:59,19:03,19:07,19:10,19:13,19:18,,,,,,,,,,,,,,,,,
2163,18:39,18:42,18:45,18:47,18:49,18:51,18:54,18:57,,,,,,,,19:01,19:04,19:07,19:10,19:12,19:15,19:18,19:26,19:28,19:31,19:35,19:38,19:41,19:45,19:48,19:51,19:56
2164,,19:10,,,,,,,,,,,,,,,,,,,,,,,,19:39,---,19:45,19:50,---,---,19:59
2165,,,,,,,,19:01,,,,,,,,19:06,19:09,19:12,19:15,19:17,19:20,19:23,19:31,19:34,19:37,19:42,19:45,19:49,,,,
2166,18:43,18:46,18:49,18:51,18:53,18:55,18:58,19:01,19:05,19:07,19:11,,,,,,,,,,,,,,,,,,,,,
2167,18:47,18:50,18:53,18:55,18:57,18:59,19:02,19:05,,,,,,,,19:09,19:12,19:15,19:18,19:20,19:23,19:26,19:34,19:37,19:40,19:45,19:48,19:52,19:56,19:59,20:02,20:07
2168,18:51,18:54,18:57,18:59,19:01,19:03,19:06,19:09,,,,,,,,19:13,19:16,19:19,19:22,19:24,19:27,19:30,19:39,,,,,,,,,
2169,,18:37,,,,,,19:13,,,,,,,,19:18,19:21,19:24,19:27,19:29,19:32,19:35,19:43,19:45,19:48,19:53,19:56,20:00,20:04,20:07,20:10,20:15
2170,18:56,18:59,19:02,19:04,19:06,19:08,19:11,19:14,19:18,19:20,19:24,19:28,19:31,19:34,19:38,,,,,,,,,,,,,,,,,
2171,19:00,19:03,19:06,19:08,19:10,19:12,19:15,19:18,,,,,,,,19:22,19:25,19:28,19:31,19:33,19:36,19:39,19:47,19:49,19:52,19:56,19:59,20:04,,,,
2172,19:05,19:08,19:11,19:13,19:15,19:17,19:20,19:23,,,,,,,,19:27,19:30,19:33,19:36,19:38,19:41,19:44,19:52,19:54,19:57,20:01,20:04,20:07,20:11,20:14,20:17,20:23
2173,,,,,,,,19:27,,,,,,,,19:32,19:35,19:38,19:40,19:43,19:46,19:49,19:57,19:59,20:02,20:05,20:08,20:12,20:16,20:19,20:22,20:29
2174,19:09,19:12,19:15,19:17,19:19,19:21,19:24,19:27,19:32,19:34,19:38,19:42,19:45,19:48,19:52,,,,,,,,,,,,,,,,,
2175,19:13,19:16,19:19,19:21,19:23,19:25,19:28,19:31,,,,,,,,19:36,19:39,19:42,19:45,19:47,19:50,19:53,20:01,20:03,20:06,20:10,20:13,20:18,,,,
2176,19:17,19:20,19:23,19:25,19:27,19:29,19:32,19:35,,,,,,,,19:40,19:43,19:46,19:49,19:51,19:54,19:57,20:05,20:07,20:10,20:14,20:17,20:21,20:25,20:28,20:31,20:37
2177,,18:31,,,,,,19:38,19:43,19:45,19:50,19:54,19:57,20:00,20:06,,,,,,,,,,,,,,,,,
2178,19:22,19:25,19:28,19:30,19:32,19:34,19:37,19:41,,,,,,,,19:45,19:48,19:51,19:54,19:56,19:59,20:02,20:10,,,,,,,,,
2179,,19:09,,,,,,19:44,,,,,,,,19:49,19:52,19:55,19:58,20:00,20:03,20:06,20:15,20:17,20:20,20:24,20:28,20:31,20:35,20:38,20:41,20:46
2180,19:26,19:29,19:32,19:34,19:36,19:38,19:41,19:44,19:48,19:50,19:55,,,,,,,,,,,,,,,,,,,,,
2181,19:31,19:34,19:37,19:39,19:41,19:43,19:46,19:49,,,,,,,,19:54,19:57,20:00,20:03,20:05,20:08,20:11,20:19,20:21,20:24,20:28,20:32,20:38,,,,
2182,19:37,19:40,19:43,19:45,19:47,19:49,19:52,19:55,,,,,,,,19:59,20:02,20:05,20:08,20:10,20:13,20:16,20:24,20:26,20:29,20:33,20:36,20:41,20:45,20:48,20:51,20:56
2183,,,,,,,,20:00,,,,,,,,20:05,20:08,20:11,20:13,20:16,20:19,20:22,20:30,20:32,20:35,20:38,20:41,20:45,20:49,20:52,20:55,21:00
2184,19:42,19:45,19:48,19:50,19:52,19:54,19:57,20:00,20:04,20:06,20:10,20:14,20:17,20:20,20:24,,,,,,,,,,,,,,,,,
2185,19:47,19:50,19:53,19:55,19:57,19:59,20:02,20:05,,,,,,,,20:09,20:12,20:15,20:18,20:20,20:23,20:26,20:34,,,,,,,,,
2186,19:52,19:55,19:58,20:00,20:02,20:04,20:07,20:10,,,,,,,,20:14,20:17,20:20,20:23,20:25,20:28,20:31,20:39,20:41,20:44,20:48,20:51,20:55,20:59,21:02,21:05,21:10
2187,19:56,19:59,20:02,20:04,20:06,20:08,20:11,20:14,20:18,20:20,20:24,,,,,,,,,,,,,,,,,,,,,
2188,20:00,20:03,20:06,20:08,20:10,20:12,20:15,20:18,,,,,,,,20:23,20:26,20:29,20:32,20:34,20:37,20:40,20:48,20:50,20:53,20:57,21:00,21:05,,,,
2189,,20:11,,,,,,,,,,,,,,,,,,,,,,,,20:42,20:46,20:51,,,,
2190,,,,,,,,20:14,,,,,,,,20:19,20:22,20:25,20:27,20:30,20:33,20:36,20:44,20:46,20:49,20:52,20:55,20:59,21:03,21:06,21:09,21:14
2191,19:56,19:59,20:02,20:04,20:06,20:08,20:11,20:14,20:18,20:20,20:24,,,,,,,,,,,,,,,,,,,,,
2192,20:00,20:03,20:06,20:08,20:10,20:12,20:15,20:18,,,,,,,,20:23,20:26,20:29,20:32,20:34,20:37,20:40,20:48,20:50,20:53,20:57,21:00,21:05,,,,
2193,20:05,20:08,20:11,20:13,20:15,20:17,20:20,20:23,,,,,,,,20:27,20:30,20:33,20:36,20:38,20:41,20:44,20:52,20:54,20:57,21:01,21:04,21:08,21:12,21:15,21:18,21:23
2194,20:11,20:14,20:17,20:19,20:21,20:23,20:26,20:29,20:33,20:35,20:39,20:43,20:46,20:49,20:53,,,,,,,,,,,,,,,,,
2195,,,,,,,,20:30,,,,,,,,20:35,20:38,20:41,20:43,20:46,20:49,20:52,21:00,21:02,21:05,21:08,21:11,21:15,21:19,21:22,21:25,21:30
2196,20:16,20:19,20:22,20:24,20:26,20:28,20:31,20:34,,,,,,,,20:39,20:42,20:45,20:48,20:50,20:53,20:56,21:04,21:06,21:09,21:13,21:16,21:19,21:23,21:26,21:29,21:34
2197,,20:45,,,,,,,,,,,,,,,,,,,,,,,,21:16,21:20,21:24,21:28,21:31,21:34,21:39
2198,,19:30,,,,,,20:37,20:42,20:44,20:48,20:52,20:55,20:58,21:03,,,,,,,,,,,,,,,,,
2199,20:27,20:30,20:33,20:35,20:37,20:39,20:42,20:45,20:49,20:51,20:55,,,,,,,,,,,,,,,,,,,,,
2200,20:31,20:34,20:37,20:39,20:41,20:43,20:46,20:49,,,,,,,,20:53,20:56,20:59,21:02,21:04,21:07,21:10,21:18,21:20,21:23,21:27,21:30,21:33,21:37,21:40,21:43,21:48
2201,ADH,20:19,,,,,,20:53,,,,,,,,20:58,21:01,21:04,21:07,21:09,21:12,21:15,21:23,21:25,21:28,21:32,21:35,21:38,21:42,21:45,21:48,21:53
2202,20:35,20:38,20:41,20:43,20:45,20:47,20:50,20:53,20:57,20:59,21:03,21:07,21:10,21:13,21:17,,,,,,,,,,,,,,,,,
2203,20:39,20:42,20:45,20:47,20:49,20:51,20:54,20:57,,,,,,,,21:02,21:05,21:08,21:11,21:13,21:16,21:19,21:27,21:29,21:32,21:35,21:38,21:43,,,,
2204,,,,,,,,21:01,,,,,,,,21:06,21:09,21:12,21:14,21:17,21:20,21:23,21:31,21:33,21:36,21:39,21:42,21:46,21:50,21:53,21:56,22:03
2205,20:45,20:48,20:51,20:53,20:55,20:57,21:00,21:03,21:07,21:09,21:15,21:19,21:22,21:25,21:30,,,,,,,,,,,,,,,,,
2206,20:49,20:52,20:55,20:57,20:59,21:01,21:04,21:07,,,,,,,,21:11,21:14,21:17,21:20,21:22,21:25,21:28,21:36,21:38,21:41,21:45,21:49,21:52,21:56,21:59,22:02,22:07
2207,,21:16,,,,,,,,,,,,,,,,,,,,,,,,21:47,21:51,21:56,,,,
2208,20:53,20:56,20:59,21:01,21:03,21:05,21:08,21:11,,,,,,,,21:15,21:18,21:21,21:24,21:26,21:29,21:32,21:40,,,,,,,,,
2209,20:57,21:00,21:03,21:05,21:07,21:09,21:12,21:15,21:19,21:21,21:25,,,,,,,,,,,,,,,,,,,,,
2210,21:01,21:04,21:07,21:09,21:11,21:13,21:16,21:19,,,,,,,,21:23,21:26,21:29,21:32,21:34,21:37,21:40,21:48,21:50,21:53,21:57,22:00,22:04,22:08,22:11,22:14,22:19
2211,21:05,21:08,21:11,21:13,21:15,21:17,21:20,21:23,,,,,,,,21:27,21:30,21:33,21:36,21:38,21:41,21:44,21:52,,,,,,,,,
2212,,21:34,,,,,,,,,,,,,,,,,,,,,,,,22:05,22:09,22:13,22:17,22:20,22:23,22:28
2213,21:10,21:13,21:16,21:18,21:20,21:22,21:25,21:28,21:32,21:34,21:39,21:43,21:46,21:49,21:53,,,,,,,,,,,,,,,,,
2214,21:14,21:17,21:20,21:22,21:24,21:26,21:29,21:32,,,,,,,,21:36,21:39,21:42,21:45,21:47,21:50,21:53,22:01,22:03,22:06,22:10,22:13,22:17,22:21,22:24,22:27,22:32
2215,21:19,21:22,21:25,21:27,21:29,21:31,21:34,21:37,,,,,,,,21:41,21:44,21:47,21:50,21:52,21:55,21:58,22:06,22:08,22:11,22:15,22:18,22:23,,,,
2216,21:23,21:26,21:29,21:31,21:33,21:35,21:38,21:41,,,,,,,,21:45,21:48,21:51,21:54,21:56,21:59,22:02,22:10,,,,,,,,,
2217,21:28,21:31,21:34,21:36,21:38,21:40,21:43,21:46,21:50,21:52,21:56,,,,,,,,,,,,,,,,,,,,,
2218,,21:11,,,,,,21:45,,,,,,,,21:50,21:53,21:56,21:59,22:01,22:04,22:07,22:15,22:17,22:20,22:24,22:27,22:30,22:34,22:37,22:40,22:45
2219,21:33,21:36,21:39,21:41,21:43,21:45,21:48,21:51,,,,,,,,21:55,21:58,22:01,22:04,22:06,22:09,22:12,22:20,22:22,22:25,22:29,22:32,22:38,,,,
2220,21:38,21:41,21:44,21:46,21:48,21:50,21:53,21:56,,,,,,,,22:00,22:03,22:06,22:09,22:11,22:14,22:17,22:25,22:27,22:30,22:34,22:37,22:40,22:44,22:47,22:50,22:56
2221,21:42,21:45,21:48,21:50,21:52,21:54,21:57,22:00,,,,,,,,22:04,22:07,22:10,22:13,22:15,22:18,22:21,22:29,,,,,,,,,
2222,21:46,21:49,21:52,21:54,21:56,21:58,22:01,22:04,22:08,22:10,22:14,22:18,22:21,22:24,22:29,,,,,,,,,,,,,,,,,
2223,21:51,21:54,21:57,21:59,22:01,22:03,22:06,22:09,,,,,,,,22:13,22:16,22:19,22:22,22:24,22:27,22:30,22:38,22:40,22:43,22:47,22:50,22:53,22:57,23:00,23:03,23:09
2224,21:56,21:59,22:02,22:04,22:06,22:08,22:11,22:14,,,,,,,,22:18,22:21,22:24,22:27,22:29,22:32,22:35,22:43,22:45,22:48,22:52,22:55,23:02,,,,
2225,22:00,22:03,22:06,22:08,22:10,22:12,22:15,22:18,22:22,22:24,22:28,,,,,,,,,,,,,,,,,,,,,
2226,22:05,22:08,22:11,22:13,22:15,22:17,22:20,22:23,,,,,,,,22:27,22:30,22:33,22:36,22:38,22:41,22:44,22:52,22:54,22:57,23:01,23:04,23:07,23:11,23:14,23:17,23:23
2227,22:09,22:12,22:15,22:17,22:19,22:21,22:24,22:27,,,,,,,,22:31,22:34,22:37,22:40,22:42,22:45,22:48,22:56,,,,,,,,,
2228,22:14,22:17,22:20,22:22,22:24,22:26,22:29,22:32,22:36,22:38,22:42,22:46,22:49,22:52,22:56,,,,,,,,,,,,,,,,,
2229,22:20,22:23,22:26,22:28,22:30,22:32,22:35,22:38,,,,,,,,22:42,22:45,22:48,22:51,22:53,22:56,22:59,23:07,23:09,23:12,23:16,23:19,23:22,23:26,23:29,23:32,23:37
2230,22:20,22:23,22:26,22:28,22:30,22:32,22:35,22:38,,,,,,,,22:42,22:45,22:48,22:51,22:53,22:56,22:59,23:07,23:09,23:12,23:16,23:19,23:22,23:26,23:29,23:32,23:37
2231,,22:50,,,,,,,,,,,,,,,,,,,,,,,,23:21,23:25,23:29,23:33,23:36,23:39,23:44
2232,22:27,22:30,22:33,22:35,22:37,22:39,22:42,22:45,22:49,22:51,22:55,,,,,,,,,,,,,,,,,,,,,
2233,22:32,22:35,22:38,22:40,22:42,22:44,22:47,22:50,,,,,,,,22:54,22:57,23:00,23:03,23:05,23:08,23:11,23:19,23:21,23:24,23:28,23:31,23:34,23:38,23:41,23:44,23:49
2234,22:37,22:40,22:43,22:45,22:47,22:49,22:52,22:55,,,,,,,,22:59,23:02,23:05,23:08,23:10,23:13,23:16,23:24,,,,,,,,,
2235,22:41,22:44,22:47,22:49,22:51,22:53,22:56,22:59,23:03,23:05,23:09,23:13,23:16,23:19,23:23,,,,,,,,,,,,,,,,,
2236,22:51,22:54,22:57,22:59,23:01,23:03,23:06,23:09,,,,,,,,23:13,23:16,23:19,23:22,23:24,23:27,23:30,23:38,23:40,23:43,23:47,23:50,23:53,23:57,00:00,00:03,00:08
2237,22:55,22:58,23:01,23:03,23:05,23:07,23:10,23:13,23:17,23:19,23:23,,,,,,,,,,,,,,,,,,,,,
2238,,,,,,,,23:17,,,,,,,,23:21,23:24,23:27,23:29,23:32,23:35,23:38,23:46,,,,,,,,,
2239,23:03,23:06,23:09,23:11,23:13,23:15,23:18,23:21,,,,,,,,23:25,23:28,23:31,23:34,23:36,23:39,23:42,23:50,23:52,23:55,23:59,00:02,00:05,00:09,00:12,00:15,00:20
2240,23:07,23:10,23:13,23:15,23:17,23:19,23:22,23:25,23:29,23:31,23:35,23:39,23:42,23:45,23:49,,,,,,,,,,,,,,,,,
2241,23:11,23:14,23:17,23:19,23:21,23:23,23:26,23:29,,,,,,,,23:33,23:36,23:39,23:42,23:44,23:47,23:50,23:58,,,,,,,,,
2242,23:15,23:18,23:21,23:23,23:25,23:27,23:30,23:33,,,,,,,,23:37,23:40,23:43,23:46,23:48,23:51,23:54,00:02,00:04,00:07,00:11,00:14,00:17,00:21,00:24,00:27,00:32
2243,23:23,23:26,23:29,23:31,23:33,23:35,23:38,23:41,23:45,23:47,23:51,,,,,,,,,,,,,,,,,,,,,
2244,23:30,23:33,23:36,23:38,23:40,23:42,23:45,23:48,,,,,,,,23:52,23:55,23:58,00:01,00:03,00:06,00:09,00:17,00:19,00:22,00:26,00:29,00:32,00:36,00:39,00:42,00:47
2245,23:38,23:41,23:44,23:46,23:48,23:50,23:53,23:56,,,,,,,,00:00,00:03,00:06,00:09,00:11,00:14,00:17,00:25,00:27,00:30,00:34,00:37,00:40,00:44,00:47,00:50,00:55
2246,23:43,23:46,23:49,23:51,23:53,23:55,23:58,00:01,00:05,00:07,00:11,00:15,00:18,00:21,00:25,,,,,,,,,,,,,,,,,
2247,23:50,23:53,23:56,23:58,00:00,00:02,00:05,00:08,,,,,,,,00:12,00:15,00:18,00:21,00:23,00:26,00:29,00:37,00:39,00:42,00:46,00:49,00:52,00:56,00:59,01:02,01:08
2248,23:55,23:58,00:01,00:03,00:05,00:07,00:10,00:13,,,,,,,,00:17,00:20,00:23,00:26,00:28,00:31,00:34,00:42,,,,,,,,,
