,48,55,6,5,111,51,101,3,95,57,63,30,49,83,47,12,81,96,107,7,2,103,116,43,98,31,61,28,77,42,99,74,78,10,46,113,34,112,60,97,71,24,86,23,19,16,89,70,76
1519,,,,,,,,,,,,,,,,,,,,,,,,,,,,,,,03:58,04:03,04:06,04:09,04:12,04:15,04:20,04:23,04:26,04:30,04:34,04:37,04:40,04:43,04:45,04:47,04:50,04:53,04:56
1520,,,,,,,,,,00:30,00:34,00:38,00:41,00:48,00:55,,,,,,,,,,,,,,,,,,,,,,,,,,,,,,,,,,
1521,,,,,,,,,,,,,,,02:30,02:39,02:46,02:50,02:54,03:03,03:11,03:15,03:18,03:26,03:32,03:36,03:40,03:44,03:50,03:56,04:02,04:07,04:10,04:13,04:16,04:19,04:24,04:27,04:30,04:34,04:38,04:41,04:44,04:47,04:49,04:51,04:54,04:57,05:00
1522,,,,,,,,,,,,,,,,,,,,,,,,,,,,,,,04:12,04:17,04:20,04:23,04:26,04:29,04:34,04:37,04:40,04:44,04:48,04:51,04:54,04:57,04:59,05:01,05:04,05:07,05:10
1523,,,,,,,,,,,,,,,,,,,,,,,,,,,,,,,04:27,04:32,04:35,04:38,04:41,04:44,04:49,04:52,04:55,04:59,05:03,05:06,05:09,05:12,05:14,05:16,05:19,05:22,05:25
1524,,,,,,,,,,,,,,,,,,,,,,,,,,,,,,,,,,,,,,,04:59,05:03,05:07,05:10,05:13,05:16,05:18,05:20,05:23,05:26,05:29
1525,,,,,,,,,,,,,,,,,,,,,03:51,03:57,04:00,04:06,04:11,04:14,04:17,04:22,04:26,04:32,04:36,04:40,04:43,04:46,04:49,04:52,04:57,05:00,05:03,05:07,05:11,05:14,05:17,05:20,05:22,05:24,05:27,05:30,05:33
1526,,,,,,,,,,,,,,,,,,,,,,,,,,,,,,,04:44,04:48,04:51,04:54,04:57,05:00,05:05,05:08,05:11,05:15,05:19,05:22,05:25,05:28,05:30,05:32,05:35,05:38,05:41
1527,,,,,,,04:00,04:09,04:12,,,,,,,,,,,,,,,04:18,04:23,04:26,04:29,04:34,04:38,04:44,04:48,04:52,04:55,04:58,05:01,05:04,05:09,05:12,05:15,05:19,05:23,05:26,05:29,05:32,05:34,05:36,05:39,05:42,05:45
1528,,,,,,,,,,,,,,,,,,,,,,,,,,,,,,,04:55,04:59,05:02,05:05,05:08,05:11,05:16,05:19,05:22,05:26,05:30,05:33,05:36,05:39,05:41,05:43,05:46,05:49,05:52
1529,,,,,,,,,,,,,,,,,,,,,,,,,,,,,,,05:08,05:12,,,,,05:22,,05:27,,,05:37,,,,05:43,,,05:53
1530,,,,,,,,,,,,,,,03:40,03:48,03:55,03:59,04:03,04:12,04:20,04:24,04:27,04:33,04:38,04:41,04:44,04:49,04:53,04:59,05:03,05:07,05:10,05:13,05:16,05:19,05:24,05:27,05:30,05:34,05:38,05:41,05:44,05:47,05:49,05:51,05:54,05:57,06:00
1531,,,,,,,,,,,,,,,,,,,,,,,,,,,,,,,,,,,,,,,05:38,05:42,05:46,05:49,05:52,05:55,05:57,05:59,06:02,06:05,06:08
1532,,,,,,,,,,,,,,,,,,,,,,,,04:45,04:50,04:53,04:56,05:01,05:05,05:11,05:15,05:19,05:22,05:25,05:28,05:31,05:36,05:39,05:42,05:46,05:50,05:53,05:56,05:59,06:01,06:03,06:06,06:09,06:12
1533,,,,,,,,,,,,,,,,,,,,,,,,,,,,,,,05:19,05:24,05:27,05:30,05:33,05:36,05:41,05:44,05:47,05:51,05:55,05:58,06:01,06:04,06:06,06:08,06:11,06:14,06:17
1534,,,,,,,04:33,04:42,04:45,,,,,,,,,,,,,,,04:52,04:57,05:00,05:03,05:08,05:12,05:18,05:23,05:28,05:31,05:34,05:37,05:40,05:45,05:48,05:51,05:55,05:59,06:02,06:05,06:08,06:10,06:12,06:15,06:18,06:21
1535,,,,,,,,,,,,,,,,,,,,,,,,,,,,,,,,,,,,,,,05:55,05:59,06:03,06:06,06:09,06:12,06:14,06:16,06:19,06:22,06:25
1536,,,,,,,,,,,,,,,,,,,,,,,,,,,,,,,05:31,05:36,05:39,05:42,05:45,05:48,05:53,05:56,05:59,06:03,06:07,06:10,06:13,06:16,06:18,06:20,06:23,06:26,06:29
1537,,,,,,,,,,,,,,,,,,,,,04:48,04:54,04:57,05:03,05:10,05:13,05:16,05:21,05:25,05:31,05:35,05:40,05:43,05:46,05:49,05:52,05:57,06:00,06:03,06:07,06:11,06:14,06:17,06:20,06:22,06:24,06:27,06:30,06:33
1538,,,,,,,,,,,,,,,,,,,,,,,,,,,,,,,,,,,,,,,06:07,06:11,06:15,06:18,06:21,06:24,06:26,06:28,06:31,06:34,06:37
1539,,,,,,,,,,,,,,,,,,,,,,,,,,,,,,,05:42,05:47,05:50,05:53,05:56,05:59,06:04,06:07,06:11,06:15,06:19,06:22,06:25,06:28,06:30,06:32,06:35,06:38,06:41
1540,,,,,,,,,,,,,,,,,,,,,,,,05:16,05:21,05:24,05:27,05:32,05:36,05:42,05:46,05:51,05:54,05:57,06:00,06:03,06:08,06:11,06:15,06:19,06:23,06:26,06:29,06:32,06:34,06:36,06:39,06:42,06:45
1541,,,,,,,,,,,,,,,,,,,,,,,,,,,,,,,,,,,,,,,06:15,06:19,06:23,06:26,06:29,06:32,06:34,06:36,06:39,06:42,06:45
1542,,,,,,,,,,,,,,,,,,,,,,,,05:21,05:27,05:30,05:33,05:38,05:42,05:48,05:52,05:56,05:59,06:02,06:05,06:08,06:13,06:16,06:19,06:23,06:27,06:30,06:33,06:36,06:38,06:40,06:43,06:46,06:49
1543,,,,,,,,,,,,,,,04:54,05:02,05:09,05:13,05:17,05:26,05:34,05:38,05:41,05:47,,05:54,,,,,06:07,06:11,,,,,06:21,,06:25,,06:30,06:34,06:37,,,06:42,,,06:50
1544,,,,,,,,,,,,,,,,,,,,,,,,,,,,,,,05:56,06:00,06:03,06:06,06:09,06:12,06:17,06:20,06:23,06:27,06:31,06:34,06:37,06:40,06:42,06:44,06:47,06:50,06:53
1545,,,,,,,,,,,,,,,04:36,04:44,04:51,04:55,04:59,05:08,05:16,05:20,05:23,05:29,05:35,05:38,05:41,05:46,05:50,05:56,06:00,06:04,06:07,06:10,06:13,06:16,06:21,06:24,06:27,06:31,06:35,06:38,06:41,06:44,06:46,06:48,06:51,06:54,06:57
1546,04:18,04:34,04:46,04:55,05:01,05:09,05:17,05:25,05:28,,,,,,,,,,,,,,,05:34,05:39,05:42,05:45,05:50,05:54,06:00,06:04,06:08,06:11,06:14,06:17,06:20,06:25,06:28,06:31,06:35,06:39,06:42,06:45,06:48,06:50,06:52,06:55,06:58,07:01
1547,,,,,,,,,,,,,,,,,,,,,,,,,,,,,,,06:08,06:12,06:15,06:18,06:21,06:24,06:29,06:32,06:35,06:39,06:43,06:46,06:49,06:52,06:54,06:56,06:59,07:02,07:05
1548,,,,,,,,,,,,,,,,,,,,,,,,,,05:50,05:53,05:58,06:02,06:08,06:12,06:16,06:19,06:22,06:25,06:28,06:33,06:36,06:39,06:43,06:47,06:50,06:53,06:56,06:58,07:00,07:03,07:06,07:09
1549,,,,,,,,,,,,,,,,,,,,,,,,05:44,05:51,05:54,05:57,06:02,06:06,06:12,06:16,06:20,06:23,06:26,06:29,06:32,06:37,06:40,06:43,06:47,06:51,06:54,06:57,07:00,07:02,07:04,07:07,07:10,07:13
1550,,,,,,,,,,,,,,,05:21,05:29,05:36,05:40,05:44,05:53,06:01,06:05,06:08,06:14,,06:21,,,,,06:34,,,,,,06:48,,06:52,,,07:00,,,,07:06,,,07:14
1551,,,,,,,,,,,,,,,,,,,,,,,,05:52,05:59,06:02,06:05,06:10,06:14,06:20,06:24,06:28,06:31,06:34,06:37,06:40,06:45,06:48,06:51,06:55,06:59,07:02,07:05,07:08,07:10,07:12,07:15,07:18,07:21
1552,,,,,,,,,,,,,,,,,,,,,05:46,05:52,05:55,06:01,06:06,06:09,06:12,06:17,06:21,06:27,06:31,06:35,06:38,06:41,06:44,06:47,06:52,06:55,06:58,07:02,07:06,07:09,07:12,07:15,07:17,07:19,07:22,07:25,07:28
1553,,,,,,,,,,,,,,,,,,,,,,,,06:04,06:10,06:13,06:16,06:21,06:25,06:31,06:35,06:39,06:42,06:45,06:48,06:51,06:56,06:59,07:02,07:06,07:10,07:13,07:16,07:19,07:21,07:23,07:26,07:29,07:32
1554,,,,05:29,05:36,05:44,05:52,06:00,06:03,,,,,,,,,,,,,,,06:09,06:14,06:17,06:20,06:25,06:29,06:35,06:39,06:43,06:46,06:49,06:52,06:55,07:00,07:03,07:06,07:10,07:14,07:17,07:20,07:23,07:25,07:27,07:30,07:33,07:36
1555,,,,,,,,,,,,,,,,,,,,,,,,,,,,,,,06:43,06:47,06:50,06:53,06:56,06:59,07:04,07:07,07:10,07:14,07:18,07:21,07:24,07:27,07:29,07:31,07:34,07:37,07:40
1556,,,,,,,,,,,,,,,,,,,,,,,,06:16,06:22,06:25,06:28,06:33,06:37,06:43,06:47,06:51,06:54,06:57,07:00,07:03,07:08,07:11,07:14,07:18,07:22,07:25,07:28,07:31,07:33,07:35,07:38,07:41,07:44
1557,,,,,,,,,,,,,,,05:51,05:59,06:06,06:10,06:14,06:23,06:31,06:35,06:38,06:45,,06:51,,,,,07:04,07:08,,,,07:16,,,07:24,,,07:32,,,,07:38,,,07:46
1558,,,,,,,,,,,,,,,,,,,,,06:11,06:17,06:20,06:26,06:31,06:34,06:37,06:42,06:46,06:52,06:56,07:00,07:03,07:06,07:09,07:12,07:17,07:20,07:23,07:27,07:31,07:34,07:37,07:40,07:42,07:44,07:47,07:50,07:53
1559,,,,,,,,,,,,,,,,,,,,,,,,06:29,06:35,06:38,06:41,06:46,06:50,06:56,07:00,07:04,07:07,07:10,07:13,07:16,07:21,07:24,07:27,07:31,07:35,07:39,,,,,,,
1560,,,,,,,06:14,06:23,06:26,,,,,,,,,,,,,,,06:33,06:39,06:42,06:45,06:50,06:54,07:00,07:04,07:08,07:11,07:14,07:17,07:20,07:25,07:28,07:31,07:35,07:39,07:42,07:45,07:48,07:50,07:52,07:55,07:58,08:01
1561,,,,,,,,,,,,,,,,,,,,,,,,,,,,,,,07:07,07:12,07:15,07:18,07:21,07:24,07:29,07:32,07:35,07:39,07:43,07:46,07:49,07:52,07:54,07:56,07:59,08:02,08:05
1562,,,,,,,,,,,,,,,,,,,,,,,,06:40,06:46,06:49,06:52,06:57,07:01,07:07,07:11,07:16,07:19,07:22,07:25,07:28,07:33,07:36,07:39,07:43,07:47,07:50,07:53,07:56,07:58,08:00,08:03,08:06,08:09
1563,,,,06:07,06:14,06:22,06:30,06:38,06:41,,,,,,,,,,,,,,,06:47,06:51,06:54,06:57,07:02,07:06,07:12,07:16,07:20,07:23,07:26,07:29,07:32,07:37,07:40,07:43,07:47,07:51,07:54,07:57,08:00,08:02,08:04,08:07,08:10,08:13
1564,,,,,,,,,,,,,,,,,,,,,,,,07:14,,07:21,,,,,07:34,07:38,,,,,07:49,,07:53,,,08:01,,,,08:07,,,08:16
1565,,,,,,,,,,,,,,,,,,,,,,,,,,,,,,,,,,,,,,,07:47,07:51,07:55,07:58,08:01,08:04,08:06,08:08,08:11,08:14,08:17
1566,,,,,,,,,,,,,,,,,,,,06:57,07:06,07:10,07:13,07:19,,07:25,,,,,07:38,,,,,,07:53,,07:57,,,08:05,,,,08:11,,,08:20
1567,,,,,,,,,,,,,,,,,,,,,,,,06:52,06:58,07:01,07:04,07:09,07:13,07:19,07:23,07:28,07:31,07:34,07:37,07:40,07:45,07:48,07:51,07:55,07:59,08:02,08:05,08:08,08:10,08:12,08:15,08:18,08:21
1568,06:08,06:24,06:36,06:45,06:51,06:59,07:07,07:15,07:18,,,,,,,,,,,,,,,07:24,,07:30,,,,,07:42,,,07:50,,,07:58,,08:02,,,08:10,,,TXL,08:17,,,08:25
1569,,,,,,,,,,,,,,,06:33,06:41,06:48,06:52,06:56,07:05,07:13,07:17,07:20,07:27,,07:34,,,,,07:46,07:50,,,,,08:01,,08:05,,,08:13,,,,08:20,,,08:28
1570,,,,,,,,,,,,,,,,,,,,,,,,,,,,,,,07:27,07:33,07:36,07:39,07:42,07:45,07:50,07:53,07:56,08:00,08:04,08:08,08:11,08:14,08:16,08:20,08:23,08:26,08:29
1571,,,,,,,,,,,,,,,,,,,,,07:17,07:23,07:26,07:32,,07:38,,,,,07:50,,,,,08:02,,,08:10,,,08:18,,,,08:24,,,08:32
1572,,,,,,,,,,,,,,,,,,,,,,,,07:00,07:06,07:09,07:12,07:17,07:21,07:27,07:32,07:37,07:40,07:43,07:46,07:49,07:54,07:57,08:00,08:04,08:08,08:12,08:15,08:18,08:20,08:24,08:27,08:30,08:33
1573,,,,,,,06:50,06:59,07:02,,,,,,,,,,,,,,,07:07,07:11,07:14,07:17,07:22,07:26,07:32,07:36,07:40,07:43,07:46,07:49,07:52,07:57,08:00,08:04,,,,,,,,,,
1574,,,,,,,,,,06:15,06:19,06:23,06:26,06:33,06:42,06:50,06:57,07:01,07:05,07:14,07:22,07:27,07:30,07:36,,07:42,,,,,07:54,07:58,,,,,08:10,,08:14,,,08:22,,,,08:28,,,08:36
1575,,,,,,,,,,,,,,,,,,,,,06:54,07:00,07:03,07:09,07:15,07:18,07:21,07:26,07:30,07:36,07:40,07:44,07:47,07:50,07:53,07:56,08:01,08:04,08:07,08:11,08:15,08:18,08:21,08:24,08:26,08:28,08:31,08:34,08:37
1576,,,,,,,,,,,,,,,,,,,,,,,,07:28,07:34,07:37,07:41,07:45,07:49,07:55,07:59,,,08:08,,,08:15,,08:19,,,08:28,,,,,,,
1577,,,,,,,,,,,,,,,,,,,,,,,,07:12,07:19,07:22,07:25,07:30,07:34,07:40,07:44,07:48,07:51,07:54,07:57,08:00,08:05,08:08,08:11,08:15,08:19,08:22,08:25,08:28,08:30,08:32,08:35,08:38,08:41
1578,,,,,,,07:24,07:33,07:36,,,,,,,,,,,,,,,07:42,,07:50,,,,,08:03,08:07,,,,,08:18,,08:22,,,08:31,,,,08:37,,,08:46
1579,,,,,,,,,,,,,,,,,,,,,,,,,,,,,,,07:47,07:53,07:56,07:59,08:02,08:05,08:10,08:13,08:16,08:20,08:24,08:27,08:30,08:33,08:35,08:37,08:40,08:43,08:46
1580,,,,,,,,,,,,,,,,,,,,,,,,,,,,,,,08:06,08:11,,,,08:20,,,08:28,,,08:36,,,,08:42,,,08:50
1581,,,,,,,,,,,,,,,,,,,,,,,,07:20,07:26,07:29,07:32,07:37,07:41,07:47,07:51,07:57,08:00,08:03,08:06,08:09,08:14,08:17,08:20,08:24,08:28,08:31,08:34,08:37,08:39,08:41,08:44,08:47,08:50
1582,,,,,,,,,,,,,,,,,,,,,07:34,07:40,07:43,07:49,,07:56,,,,,08:10,,,08:18,,,08:27,,08:31,,,08:39,,,,08:45,,,08:53
1583,,,,,,,,,,,,,,,,,,,,,,,,,,07:32,07:36,07:41,07:45,07:51,07:55,08:01,08:04,08:07,08:10,08:13,08:18,08:21,08:24,08:28,08:32,08:35,08:38,08:41,08:43,08:45,08:48,08:51,08:54
1584,,,,,,,,,,,,,,,07:00,07:08,07:15,07:19,07:23,07:32,07:40,07:44,07:47,07:53,,08:00,,,,,08:13,08:18,,,,08:27,,,08:35,,,08:43,,,,08:49,,,08:58
1585,,,,,,,,,,,,,,,,,,,,,,,,,,,,,,,07:59,08:05,08:08,08:11,08:14,08:17,08:22,08:25,08:28,08:32,08:36,08:39,08:42,08:45,08:47,08:49,08:52,08:55,08:58
1586,06:42,06:58,07:10,07:19,07:25,07:33,07:41,07:49,07:52,,,,,,,,,,,,,,,07:58,,08:05,,,,,08:17,,,08:25,,,08:34,,08:38,,,08:46,,,,08:52,,,09:01
1587,,,,,,,,,,,,,,,,,,,,,,,,,,,,,,,08:03,08:09,08:12,08:15,08:18,08:21,08:26,08:29,08:32,08:36,08:40,08:43,08:46,08:49,08:51,08:53,08:56,08:59,09:02
1588,,,,,,,,,,,,,,,,,,,,,,,,07:49,07:55,07:58,08:01,08:06,08:10,08:16,08:20,08:25,,,,08:33,,,08:42,,,08:50,,,,,,,09:04
1589,,,,,,,,,,,,,,,,,,,,,,,,07:39,07:45,07:48,07:51,07:56,08:00,08:06,08:10,08:14,08:17,08:20,08:23,08:26,08:31,08:34,08:37,08:41,08:45,08:48,08:51,08:54,08:56,08:58,09:01,09:04,09:07
1590,,,,,,,,,,,,,,,,,,,,,07:51,07:57,08:00,08:06,,08:13,,,,,08:25,,,08:33,,,08:41,,08:46,,,08:54,,,,09:00,,,09:08
1591,,,,,,,,,,,,,,,,,,,,,,,,,,07:51,07:55,08:00,08:04,08:10,08:14,08:18,08:21,08:24,08:27,08:30,08:35,08:38,08:41,08:45,08:49,08:52,08:55,08:58,09:00,09:02,09:05,09:08,09:11
1592,,,,,,,,,,,,,,,,,,,,,,,,,,,,,,,08:28,08:33,,,,08:41,,,08:50,,,08:58,,,,09:04,,,09:12
1593,,,,,,,,,,,,,,,07:20,07:28,07:35,07:39,07:43,07:52,08:00,08:04,08:07,08:13,,08:20,,,,,08:32,,,08:40,,,08:49,,08:53,,08:59,09:02,,,,09:08,,,09:16
1594,,,,,,,,,,,,,,,,,,,,,,,,,,,,,,,08:17,08:23,08:26,08:29,08:32,08:35,08:40,08:43,08:46,08:50,08:54,08:57,09:00,09:03,09:05,09:07,09:10,09:13,09:17
1595,,,,,,,,,,,,,,,,,,,,,,,,,,08:13,08:17,08:22,08:26,08:32,08:36,08:41,,,,,08:53,,08:57,,,09:05,,,,09:11,,,09:20
1596,,,,,,,,,,,,,,,,,,,,,,,,07:53,07:59,08:02,08:05,08:10,08:14,08:20,08:24,08:28,08:31,08:34,08:37,08:40,08:45,08:48,08:51,08:55,08:59,09:02,09:05,09:08,09:10,09:12,09:15,09:18,09:21
1597,,,,07:40,07:48,07:56,08:04,08:10,08:14,,,,,,,,,,,,,,,08:21,,08:28,,,,,08:40,,,08:49,,,08:57,,09:01,,,09:09,,,,09:15,,,09:23
1598,,,,,,,,,,,,,,,,,,,,,08:10,08:16,08:19,08:25,,08:32,,,,,08:44,08:48,,,,08:56,,,09:04,,,09:12,,,,09:18,,,09:27
1599,,,,,,,,,,,,,,,,,,,,,,,,,,,,,,,08:27,08:33,08:36,08:39,08:42,08:45,08:50,08:53,08:56,09:00,09:04,09:07,09:10,09:13,09:15,09:17,09:20,09:23,09:27
1600,,,,,,,,,,,,,,,,,,,,,,,,08:16,08:23,08:26,08:29,08:34,08:38,08:44,08:48,,,08:56,,,09:04,,,,,09:16,,,,09:22,,,09:30
1601,,,,,,,,,,,,,,,,,,,,,,,,08:02,08:07,08:10,08:13,08:18,08:22,08:28,08:32,08:37,08:40,08:43,08:46,08:49,08:54,08:57,09:00,09:04,09:08,09:11,09:14,09:17,09:19,09:21,09:24,09:27,09:30
1602,,,,,,,,,,,,,,,,,,,,08:10,08:19,08:23,08:26,08:32,,08:39,,,,,08:51,08:55,,,,,09:07,,09:11,,,09:19,,,,09:25,,,09:34
1603,,,,,,,,,,,,,,,,,,,,,,,,,,,,,,,08:36,08:42,08:45,08:48,08:51,08:54,08:59,09:02,09:05,09:09,09:13,09:16,09:19,09:22,09:24,09:26,09:29,09:32,09:35
1604,07:18,07:34,07:46,07:55,08:01,08:09,08:17,08:25,08:28,,,,,,,,,,,,,,,08:35,,08:43,,,,,08:55,08:59,,,,09:07,,,09:15,,,09:23,,,,09:29,,,09:37
1605,,,,,,,,,,,,,,,,,,,,,,,,08:07,08:14,08:17,08:20,08:25,08:29,08:35,08:40,08:45,08:48,08:51,08:54,08:57,09:02,09:05,09:08,09:12,09:16,09:19,09:22,09:25,09:27,09:29,09:32,09:35,09:39
1606,,,,,,,,,,,,,,,,,,,,,08:24,08:30,08:33,08:39,,08:46,,,,,08:58,,,09:06,,,09:14,,09:18,,,09:26,,,,09:32,,,09:41
1607,,,,,,,07:55,08:04,08:07,,,,,,,,,,,,,,,08:13,08:19,08:22,08:25,08:30,08:34,08:40,08:44,08:49,08:52,08:55,08:58,09:01,09:06,09:09,09:12,09:16,09:20,09:23,09:26,09:29,09:31,09:33,09:36,09:39,09:43
1608,,,,,,,,,,,,,,,,,,,,,,,,08:42,,08:49,,,,,09:01,09:05,,,,09:13,,,09:21,,,09:29,,,,09:35,,,09:44
1609,,,,,,,,,,,,,,,,,,,,,,,,,,,,,,,,,,,,,,,09:15,09:20,09:24,09:27,09:30,09:33,09:35,09:37,09:40,09:43,09:47
1610,,,,,,,,,,07:20,07:24,07:28,07:31,07:38,07:45,,,,,,,,,,,,,,,,,,,,,,,,,,,,,,,,,,
1611,,,,,,,,,,,,,,,07:53,08:01,08:08,08:12,08:16,08:25,08:33,08:37,08:40,08:46,,08:52,,,,,09:04,,,,,,09:20,,09:24,,,09:32,,,,09:38,,,09:48
1612,,,,,,,,,,,,,,,,,,,,,,,,08:25,08:31,08:34,08:37,08:42,08:46,08:52,08:56,09:00,09:03,09:06,09:09,09:12,09:17,09:20,09:23,09:27,09:31,09:35,,,,,,,
1613,,,,,,,,,,,,,,,,,,,,,,,,,,,,,,,08:50,08:56,08:59,09:02,09:05,09:08,09:13,09:16,09:19,09:24,09:28,09:31,09:34,09:37,09:39,09:41,09:44,09:47,09:51
1614,,,,,,,,,,,,,,,,,,,,,,,,08:39,08:45,08:48,08:51,08:56,09:00,09:06,09:10,09:16,,,,09:26,,,09:34,,,09:43,,,,09:49,,,09:57
1615,,,,,,,,,,,,,,,,,,,,,,,,,,,,,,,,,,,,,09:20,09:24,09:27,09:31,09:35,09:38,09:41,09:44,09:46,09:48,09:51,09:54,09:57
1616,,,,,,,,,,,,,,,,,,,,,,,,,,,,,,,09:17,09:23,,,,,09:35,,09:39,,,09:47,,,,09:53,,,10:01
1617,,,,,,,,,,,,,,,,,,,,,,,,,,08:38,08:42,08:47,08:51,08:57,09:02,09:07,09:10,09:13,09:16,09:19,09:24,09:28,09:31,09:35,09:39,09:42,09:45,09:48,09:50,09:52,09:55,09:58,10:01
1618,,,,,,,,,,,,,,,,,,,,,08:50,08:56,08:59,09:05,,09:11,,,,,09:23,,,09:31,,,09:39,,09:43,,,09:51,,,,09:57,,,10:05
1619,,,,,,,,,,,,,,,,,,,,,,,,,,,,,,,09:06,09:12,09:15,09:18,09:21,09:24,09:29,09:32,09:35,09:39,09:43,09:46,09:49,09:52,09:54,09:56,09:59,10:02,10:05
1620,,,,,,,,,,,,,,,,,,,,,,,,08:54,09:00,09:03,09:06,09:11,09:15,09:21,09:26,09:30,,,,09:38,,,09:46,,,09:54,,,,10:00,,,10:08
1621,,,,,,,,,,,,,,,,,,,,,,,,,,,,,,,,,,,,,,,09:39,09:43,09:47,09:50,09:53,09:56,09:58,10:00,10:03,10:06,10:09
1622,,,,08:29,08:37,08:45,08:53,08:59,09:03,,,,,,,,,,,,,,,09:10,,09:17,,,,,09:29,,,09:37,,,09:45,,09:49,,,09:57,,,,10:04,,,10:12
1623,,,,,,,,,,,,,,,,,,,,,,,,,,,,,,,09:14,09:20,09:23,09:26,09:29,09:32,09:37,09:40,09:43,09:47,09:51,09:54,09:57,10:00,10:02,10:04,10:07,10:10,10:13
1624,,,,,,,,,,,,,,,08:20,08:28,08:35,08:39,08:43,08:52,09:00,09:04,09:07,09:13,,09:20,,,,,09:32,,,,,,09:48,,09:52,,,10:00,,,,10:07,,,10:16
1625,,,,,,,08:29,08:38,08:41,,,,,,,,,,,,,,,08:47,08:53,08:56,08:59,09:04,09:08,09:14,09:19,09:24,09:27,09:30,09:33,09:36,09:41,09:44,09:47,09:51,09:55,09:58,10:01,10:04,10:06,10:08,10:11,10:14,10:17
1626,,,,,,,,,,,,,,,,,,,,,,,,09:03,09:09,09:12,09:15,09:20,09:24,09:30,09:35,09:40,,,,,09:51,,09:55,,,10:03,,,,10:11,,,10:20
1627,,,,,,,,,,,,,,,,,,,,,,,,,,,,,,,,,,,,,09:45,09:49,09:52,09:56,10:00,10:03,10:06,10:09,10:11,10:13,10:16,10:19,10:22
1628,,,,,,,,,,,,,,,,,,,,,,,,,,,,,,,09:23,09:29,09:33,09:36,09:39,09:42,09:48,09:52,09:55,09:59,10:03,10:06,10:09,10:12,10:14,10:16,10:19,10:22,10:25
1629,,,,,,,,,,,,,,,,,,,,,,,,,,09:06,09:10,09:15,09:19,09:25,09:29,09:35,09:38,09:41,09:44,09:47,09:52,09:56,09:59,10:03,10:07,10:10,10:13,10:16,10:18,10:20,10:23,10:26,10:29
1630,,,,,,,,,,,,,,,,,,,,,,,,,,,,,,,09:33,09:39,09:42,09:45,09:48,09:51,09:56,10:00,10:03,10:07,10:11,10:14,10:17,10:20,10:22,10:24,10:27,10:30,10:33
1631,,,,,,,09:00,09:09,09:12,,,,,,,,,,,,,,,09:18,09:24,09:27,09:30,09:35,09:39,09:45,09:50,,,10:00,,,10:08,,10:12,,,10:20,,,,10:26,,,10:34
1632,,,,,,,,,,,,,,,,,,,,,,,,,,,,,,,09:38,09:44,09:47,09:50,09:53,09:56,10:01,10:04,10:07,10:11,10:15,10:18,10:21,10:24,10:26,10:28,10:31,10:34,10:37
1633,,,,,,,,,,,,,,,,,,,,,,,,,,,,,,,09:53,09:59,,,,,10:11,,10:15,,,10:23,,,,10:29,,,10:38
1634,,,,,,,,,,,,,,,,,,,,,,,,,,,,,,,,,,,,,,,10:11,10:15,10:19,10:22,10:25,10:28,10:30,10:32,10:35,10:38,10:41
1635,,,,,,,,,,,,,,,,,,,,09:02,09:11,09:15,09:18,09:24,09:29,09:32,09:35,09:40,09:44,09:50,09:54,09:58,10:01,10:04,10:07,10:10,10:15,10:18,10:21,10:25,10:29,10:32,,,,,,,
1636,,,,,,,,,,,,,,,,,,,,,,,,,,,,,,,09:46,09:52,09:55,09:58,10:01,10:04,10:09,10:12,10:15,10:19,10:23,10:26,10:29,10:32,10:34,10:36,10:39,10:42,10:46
1637,08:16,08:32,08:44,08:53,08:59,09:07,09:15,09:23,09:26,,,,,,,,,,,,,,,09:32,09:37,09:40,09:43,09:48,09:52,09:58,10:03,10:08,,,,,10:20,,10:24,,,10:33,,,,10:39,,,10:48
1638,,,,,,,,,,,,,,,,,,,,09:25,09:34,09:38,09:41,09:47,,09:55,,,,,10:07,,,10:16,,,10:24,,10:28,,,10:36,,,,10:42,,,10:51
1639,,,,,,,,,,,,,,,,,,,,,,,,09:27,09:33,09:36,09:39,09:44,09:48,09:54,09:58,10:02,10:05,10:08,10:11,10:14,10:19,10:22,10:25,10:29,10:33,10:36,10:39,10:42,10:44,10:46,d 10:49,10:52,10:55
1640,,,,,,,,,,,,,,,,,,,,,,,,09:50,,09:58,,,,,10:10,,,,,,10:27,,10:31,,,10:39,,,,,,,
1641,,,,,,,,,,,,,,,,,,,,,,,,09:45,09:50,09:54,09:57,10:02,,,10:13,10:17,,,,10:25,,,10:34,,,10:42,,,,10:48,,,10:56
1642,,,,,,,,,,,,,,,,,,,,,09:41,09:47,09:50,09:56,,10:03,,,,,10:16,,,,,,10:33,,10:37,,,10:45,,,,10:51,,,11:00
1643,,,,,,,,,,,,,,,,,,,,,,,,,,,,,,,10:01,10:07,10:10,10:13,10:16,10:19,10:24,10:27,10:30,10:34,10:38,10:41,10:44,10:47,10:49,10:51,10:54,10:57,11:00
1644,,,,,,,,,,,,,,,09:07,09:15,09:22,09:26,09:30,09:39,09:47,09:51,09:54,10:00,,10:07,,,,,10:20,10:24,,,,,10:37,,10:41,,,10:49,,,,10:55,,,11:04
1645,,,,,,,,,,,,,,,,,,,,,,,,09:36,09:42,09:45,09:48,09:53,09:57,10:03,10:07,10:11,10:14,10:17,10:20,10:23,10:28,10:31,10:34,10:38,10:42,10:45,10:48,10:51,10:53,10:55,10:58,11:01,11:04
1646,,,,,,,,,,,,,,,,,,,,,,,,,,,,,,,,,,,,,,,10:38,10:42,10:46,10:49,10:52,10:55,10:57,10:59,11:02,11:05,11:08
1647,,,,,,,,,,,,,,,,,,,,,,,,,,,,,,,10:13,10:19,10:22,10:25,10:28,10:31,10:36,10:39,10:42,10:46,10:50,10:53,10:56,10:59,11:01,11:03,11:06,11:09,11:12
1648,,,,,,,,,,,,,,,,,,,,,,,,,,09:57,10:01,10:06,10:10,10:16,10:20,10:24,10:27,10:30,10:33,10:36,10:41,10:44,10:47,10:51,10:55,10:58,,,,,,,
1649,,,,,,,,,,,,,,,,,,,,,,,,09:53,09:59,10:02,10:05,10:10,10:14,10:20,10:24,10:28,10:31,10:34,10:37,10:40,10:45,10:48,10:51,10:55,10:59,11:02,11:05,11:08,11:10,11:12,11:15,11:18,11:21
1650,,,,,,,,,,,,,,,,,,,,,,,,,,,,,,,10:27,10:33,10:36,10:39,10:42,10:45,10:50,10:53,10:56,11:00,11:04,11:07,11:10,11:13,11:15,11:17,11:20,11:23,11:26
1651,,,,,,,,,,,,,,,,,,,,,,,,,,,,,,,10:46,10:53,,,,,11:03,,11:07,,,11:15,,,,11:21,,,11:30
1652,,,,09:22,09:30,09:38,09:46,09:52,09:56,,,,,,,,,,,,,,,10:02,10:07,10:10,10:13,10:18,10:22,10:28,10:32,10:37,10:40,10:43,10:46,10:49,10:54,10:57,11:00,11:04,11:08,11:11,11:14,11:17,11:19,11:21,11:24,11:27,11:30
1653,,,,,,,,,,,,,,,,,,,,,10:15,10:21,10:24,10:30,,10:37,,,,,10:50,,,,,,11:06,,11:10,,,11:18,,,,11:24,,,11:34
1654,,,,,,,,,,,,,,,,,,,,,,,,10:10,10:16,10:19,10:22,10:27,10:31,10:37,10:41,10:45,10:48,10:51,10:54,10:57,11:02,11:05,11:08,11:12,11:16,11:19,11:22,11:25,11:27,11:29,11:32,11:35,11:38
1655,,,,,,,,,,,,,,,,,,,,,,,,10:15,10:21,10:24,10:27,10:32,10:36,10:42,10:46,10:50,10:53,10:56,10:59,11:02,11:07,11:10,11:13,11:17,11:21,11:24,11:27,11:30,11:32,11:34,11:37,11:40,11:43
1656,,,,,,,,,,09:17,09:21,09:25,09:28,09:35,09:43,09:52,09:59,10:03,10:07,10:16,10:24,10:28,10:32,10:40,,10:47,,,,,11:01,11:05,,,,,11:17,,11:21,,,11:29,,,,11:35,,,11:45
1657,,,,,,,,,,,,,,,,,,,,,,,,,,,,,,,10:49,10:55,10:58,11:01,11:04,11:07,11:12,11:15,11:18,11:22,11:26,11:29,11:32,11:35,11:37,11:39,11:42,11:45,11:48
1658,,,,,,,,,,,,,,,,,,,,,,,,10:27,10:33,10:36,10:39,10:44,10:48,10:54,10:58,11:02,11:05,11:08,11:11,11:14,11:19,11:22,11:25,11:29,11:33,11:36,11:39,11:42,11:44,11:46,11:49,11:52,11:55
1659,,,,,,,,,,,,,,,,,,,,10:10,10:19,10:25,10:28,10:34,10:38,10:41,10:44,10:49,10:53,10:59,11:03,11:07,11:10,11:13,11:16,11:19,11:24,11:27,11:30,11:34,11:38,11:41,11:44,11:47,11:49,11:51,11:54,11:57,12:00
1660,,,,,,,,,,,,,,,,,,,,,,,,,,10:44,10:48,10:53,10:57,11:03,11:07,11:11,11:14,11:17,11:20,11:23,11:28,11:31,11:34,11:38,11:42,11:45,11:48,11:51,11:53,11:55,11:58,12:01,12:04
1661,,,,,,,10:42,10:51,10:54,,,,,,,,,,,,,,,11:00,,11:08,,,,,11:21,,,,,,11:37,,11:41,,,11:49,,,,11:55,,,12:05
1662,,,,10:01,10:09,10:17,10:25,10:31,10:35,,,,,,,,,,,,,,,10:41,10:46,10:49,10:52,10:57,11:01,11:07,11:11,11:15,11:18,11:21,11:24,11:27,11:32,11:35,11:38,11:42,11:46,11:49,11:52,11:55,11:57,11:59,12:02,12:05,12:08
1663,,,,,,,,,,,,,,,,,,,,,,,,,,,,,,,11:14,11:20,11:23,11:26,11:29,11:32,11:37,11:40,11:43,11:47,11:51,11:54,11:57,12:00,12:02,12:04,12:07,12:10,12:13
1664,,,,,,,,,,,,,,,,,,,,,,,,10:49,10:55,10:58,11:01,11:06,11:10,11:16,11:20,11:24,11:27,11:30,11:33,11:36,11:41,11:44,11:47,11:51,11:55,11:58,12:01,12:04,12:06,12:08,12:11,12:14,12:17
1665,,,,,,,,,,,,,,,,,,,,,,,,,,11:01,11:05,11:10,11:14,11:20,11:24,11:28,11:31,11:34,11:37,11:40,11:45,11:48,11:51,11:55,11:59,12:02,12:05,12:08,12:10,12:12,12:15,12:18,12:21
1666,,,,,,,,,,,,,,,,,,,,,10:41,10:47,10:50,10:56,11:02,11:05,11:08,11:13,11:17,11:23,11:28,11:32,11:35,11:38,11:41,11:44,11:49,11:52,11:55,11:59,12:03,12:06,12:09,12:12,12:14,12:16,12:19,12:22,12:25
1667,10:10,10:26,10:38,10:47,10:53,11:01,11:09,11:17,11:20,,,,,,,,,,,,,,,11:26,,11:34,,,,,11:47,11:51,,,,,12:03,,12:07,,,12:15,,,,12:21,,,12:30
1668,,,,,,,,,,,,,,,,,,,,10:40,10:49,10:53,10:56,11:03,11:10,11:13,11:16,11:21,11:25,11:31,11:35,11:40,11:43,11:46,11:49,11:52,11:57,12:00,12:03,12:07,12:11,12:14,12:17,12:20,12:22,12:24,12:27,12:30,12:33
1669,,,,,,,,,,,,,,,,,,,,,,,,11:08,11:14,11:17,11:20,11:25,11:29,11:35,11:39,11:44,11:47,11:50,11:53,11:56,12:01,12:04,12:07,12:11,12:15,12:18,12:21,12:24,12:26,12:28,12:31,12:34,12:37
1670,,,,,,,,,,,,,,,,,,,,,,,,,,,,,,,11:42,11:48,11:51,11:54,11:57,12:00,12:05,12:08,12:11,12:15,12:19,12:22,12:25,12:28,12:30,12:32,12:35,12:38,12:41
1671,,,,,,,11:00,11:09,11:12,,,,,,,,,,,,,,,11:18,11:23,11:26,11:29,11:34,11:38,11:44,11:48,11:52,11:55,11:58,12:01,12:04,12:09,12:12,12:15,12:19,12:23,12:26,12:29,12:32,12:34,12:36,12:39,12:42,12:45
1672,,,,,,,,,,,,,,,,,,,,11:00,11:09,11:13,11:16,11:22,11:27,11:30,11:33,11:38,11:42,11:48,11:52,11:56,11:59,12:02,12:05,12:08,12:13,12:16,12:19,12:23,12:27,12:30,12:33,12:36,12:38,12:40,12:43,12:46,12:49
1673,,,,,,,,,,,,,,,,,,,,,,,,11:25,11:31,11:34,11:37,11:42,11:46,11:52,11:56,12:00,12:03,12:06,12:09,12:12,12:17,12:20,12:23,12:27,12:31,12:34,12:37,12:40,12:42,12:44,12:47,12:50,12:53
1674,,,,,,,,,,,,,,,,,,,,,,,,11:48,,11:55,,,,,12:08,,,,,,12:23,,12:28,,,12:36,,,,12:42,,,12:52
1675,,,,,,,,,,10:20,10:24,10:28,10:31,10:38,10:45,,,,,,,,,,,,,,,,,,,,,,,,,,,,,,,,,,
1676,,,,,,,,,,,,,,,11:01,11:09,11:16,11:20,11:24,11:33,11:41,11:45,11:48,11:54,,12:01,,,,,12:14,,,,,,12:29,,12:33,,,12:41,,,,12:47,,,12:56
1677,,,,,,,,,,,,,,,,,,,,,,,,11:29,11:35,11:38,11:41,11:46,11:50,11:56,12:00,12:04,12:07,12:10,12:13,12:16,12:21,12:24,12:27,12:31,12:35,12:38,,,,,,,
1678,,,,,,,,,,,,,,,,,,,,,11:17,11:23,11:26,11:32,11:38,11:41,11:44,11:49,11:53,11:59,12:03,12:08,12:11,12:14,12:17,12:20,12:25,12:28,12:31,12:35,12:39,12:42,12:45,12:48,12:50,12:52,12:55,12:58,13:01
1679,,,,,,,,,,,,,,,,,,,,,,,,,,,,,,,12:06,12:12,12:15,12:18,12:21,12:24,12:29,12:32,12:35,12:39,12:43,12:46,12:49,12:52,12:54,12:56,12:59,13:02,13:05
1680,,,,,,,,,,,,,,,,,,,,11:17,11:26,11:30,11:33,11:39,11:45,11:48,11:51,11:56,12:00,12:06,12:11,12:16,12:19,12:22,12:25,12:28,12:33,12:36,12:39,12:43,12:47,12:50,12:53,12:56,12:58,13:00,13:03,13:06,13:09
1681,,,,,,,11:25,11:34,11:37,,,,,,,,,,,,,,,11:43,11:49,11:52,11:55,12:00,12:04,12:10,12:15,12:20,12:23,12:26,12:29,12:32,12:37,12:40,12:43,12:47,12:51,12:54,12:57,13:00,13:02,13:04,13:07,13:10,13:13
1682,,,,,,,,,,,,,,,,,,,,,,,,,,11:55,11:59,12:04,12:08,12:14,12:19,12:24,12:27,12:30,12:33,12:36,12:41,12:44,12:47,12:51,12:55,12:58,13:01,13:04,13:06,13:08,13:11,13:14,13:17
1683,,,,,,,,,,,,,,,,,,,,,11:35,11:41,11:44,11:50,11:56,11:59,12:03,12:08,12:12,12:18,12:23,12:28,12:31,12:34,12:37,12:40,12:45,12:48,12:51,12:55,12:59,13:02,13:05,13:08,13:10,13:12,13:15,13:18,13:21
1684,,,,11:16,11:24,11:32,11:40,11:46,11:50,,,,,,,,,,,,,,,11:56,12:01,12:04,12:08,12:13,12:17,12:23,12:27,12:32,12:35,12:38,12:41,12:44,12:49,12:52,12:55,12:59,13:03,13:06,13:09,13:12,13:14,13:16,13:19,13:22,13:25
1685,,,,,,,,,,,,,,,,,,,,,,,,11:59,12:05,12:08,12:12,12:17,12:21,12:27,12:31,12:36,12:39,12:42,12:45,12:48,12:53,12:56,12:59,13:03,13:07,13:10,13:13,13:16,13:18,13:20,13:23,13:26,13:29
1686,11:15,11:31,11:43,11:52,11:58,12:06,12:14,12:22,12:25,,,,,,,,,,,,,,,12:31,,12:38,,,,,12:51,12:55,,,,,13:05,,13:09,,,13:17,,,,13:23,,,13:31
1687,,,,,,,,,,,,,,,,,,,,,,,,,,,,,,,12:34,12:40,12:43,12:46,12:49,12:52,12:57,13:00,13:03,13:07,13:11,13:14,13:17,13:20,13:22,13:24,13:27,13:30,13:33
1688,,,,,,,,,,,,,,,,,,,,11:46,11:55,11:59,12:02,12:09,12:14,12:17,12:21,12:26,12:30,12:36,12:40,12:44,12:47,12:50,12:53,12:56,13:01,13:04,13:07,13:11,13:15,13:18,13:21,13:24,13:26,13:28,13:31,13:34,13:37
1689,,,,,,,,,,,,,,,,,,,,,,,,12:12,12:18,12:21,12:25,12:30,12:34,12:40,12:44,12:48,12:51,12:54,12:57,13:00,13:05,13:08,13:11,13:15,13:19,13:22,13:25,13:28,13:30,13:32,13:35,13:38,13:41
1690,,,,,,,11:57,12:06,12:09,,,,,,,,,,,,,,,12:15,12:21,12:24,12:28,12:33,12:37,12:43,12:47,12:51,12:54,12:57,13:00,13:03,13:08,13:11,13:14,13:18,13:22,13:25,13:28,13:31,13:33,13:35,13:38,13:41,13:45
1691,,,,,,,,,,,,,,,,,,,,,12:04,12:10,12:13,12:19,12:25,12:28,12:31,12:36,12:40,12:46,12:50,12:55,12:58,13:01,13:04,13:07,13:12,13:15,13:18,13:22,13:26,13:29,13:32,13:35,13:37,13:39,13:42,13:45,13:49
1692,,,,,,,,,,,,,,,,,,,,,,,,,,,,,,,12:53,12:59,13:02,13:05,13:08,13:11,13:16,13:19,13:22,13:26,13:30,13:33,13:36,13:39,13:41,13:43,13:46,13:49,13:53
1693,,,,,,,,,,,,,,,,,,,,,,,,12:22,12:29,12:32,12:35,12:40,12:44,12:50,12:55,,,,,,,,,,,,,,,,,,
1694,,,,,,,,,,,,,,,,,,,,12:03,12:12,12:16,12:19,12:26,12:33,12:36,12:39,12:44,12:48,12:54,12:58,13:03,13:06,13:09,13:12,13:15,13:20,13:23,13:26,13:30,13:34,13:37,13:40,13:43,13:45,13:47,13:50,13:53,13:57
1695,,,,,,,,,,,,,,,,,,,,,,,,,,12:39,12:43,12:48,12:52,12:58,13:02,13:07,13:10,13:13,13:16,13:19,13:24,13:27,13:30,13:34,13:38,13:41,13:44,13:47,13:49,13:51,13:54,13:57,14:01
1696,,,,,,,,,,11:30,11:34,11:38,11:41,11:48,11:55,,,,,,,,,,,,,,,,,,,,,,,,,,,,,,,,,,
1697,,,,,,,,,,,,,,,12:08,12:16,12:23,12:27,12:31,12:40,12:48,12:52,12:55,13:01,,13:08,,,,,13:21,,,,,,13:35,,13:39,,,13:47,,,,13:53,,,14:02
1698,,,,,,,,,,,,,,,,,,,,,12:22,12:28,12:31,12:37,12:43,12:46,12:49,12:54,12:58,13:04,13:08,13:12,13:15,13:18,13:21,13:24,13:29,13:32,13:35,13:39,13:43,13:46,13:49,13:52,13:54,13:56,13:59,14:02,14:05
1699,,,,,,,12:24,12:33,12:36,,,,,,,,,,,,,,,12:42,12:47,12:50,12:53,12:58,13:02,13:08,13:12,13:16,13:19,13:22,13:25,13:28,13:33,13:36,13:39,13:43,13:47,13:50,13:53,13:56,13:58,14:00,14:03,14:06,14:09
1700,,,,,,,,,,,,,,,,,,,,,,,,,,,,,,,13:15,13:21,13:24,13:27,13:30,13:33,13:38,13:41,13:44,13:48,13:52,13:55,13:58,14:01,14:03,14:05,14:08,14:11,14:14
1701,,,,,,,,,,,,,,,,,,,,12:26,12:35,12:39,12:42,12:48,12:54,12:57,13:00,13:05,13:09,13:15,13:19,13:24,13:27,13:30,13:33,13:36,13:41,13:44,13:47,13:51,13:55,13:58,14:01,14:04,14:06,14:08,14:11,14:14,14:17
1702,,,,,,,,,,,,,,,,,,,,,,,,12:51,12:58,13:01,13:04,13:09,13:13,13:19,13:24,13:28,13:31,13:34,13:37,13:40,13:45,13:48,13:51,13:55,13:59,14:02,14:05,14:08,14:10,14:12,14:15,14:18,14:21
1703,,,,,,,12:39,12:48,12:51,,,,,,,,,,,,,,,12:57,13:02,13:05,13:08,13:13,13:17,13:23,13:28,13:32,13:35,13:38,13:41,13:44,13:49,13:52,13:55,13:59,14:03,14:06,14:09,14:12,14:14,14:16,14:19,14:22,14:25
1704,,,,,,,,,,,,,,,,,,,,,,,,,,,,,,,13:31,13:37,13:40,13:43,13:46,13:49,13:54,13:57,14:00,14:04,14:08,14:11,14:14,14:17,14:19,14:21,14:24,14:27,14:30
1705,,,,,,,,,,,,,,,,,,,,,,,,13:04,13:10,13:13,13:16,13:21,13:25,13:31,13:36,13:41,13:44,13:47,13:50,13:53,13:58,14:01,14:04,14:08,14:12,14:15,14:18,14:21,14:23,14:25,14:28,14:31,14:34
1706,,,,,,,12:54,13:03,13:06,,,,,,,,,,,,,,,13:12,13:17,13:20,13:23,13:28,13:32,13:38,13:42,13:46,13:49,13:52,13:55,13:58,14:03,14:06,14:09,14:13,14:17,14:20,14:23,14:26,14:28,14:30,14:33,14:36,14:39
1707,12:20,12:36,12:48,12:57,13:03,13:11,13:19,13:27,13:30,,,,,,,,,,,,,,,13:36,13:41,13:44,13:47,13:52,13:56,14:02,14:06,,,,,,14:20,,14:24,,,14:32,,,,14:38,,,14:46
1708,,,,,,,,,,,,,,,,,,,,,13:05,13:11,13:14,13:20,13:26,13:29,13:32,13:37,13:41,13:47,13:51,13:55,13:58,14:01,14:04,14:07,14:12,14:15,14:18,14:22,14:26,14:29,14:32,14:35,14:37,14:39,14:42,14:45,14:48
1709,,,,,,,,,,,,,,,,,,,,13:26,13:35,13:39,13:42,13:48,,13:55,,,,,14:09,14:13,,,,,14:24,,14:28,,,14:36,,,,14:42,,,14:50
1710,,,,,,,,,,,,,,,,,,,,,,,,13:24,13:30,13:33,13:36,13:41,13:45,13:51,13:55,13:59,14:02,14:05,14:08,14:11,14:16,14:19,14:22,14:26,14:30,14:33,14:36,14:39,14:41,14:43,14:46,14:49,14:52
1711,,,,,,,,,,,,,,,,,,,,,,,,,,13:36,13:40,13:45,13:49,13:55,13:59,14:03,14:06,14:09,14:12,14:15,14:20,14:23,14:26,14:30,14:34,14:37,14:40,14:43,14:45,14:47,14:50,14:53,14:56
1712,,,,,,,,,,,,,,,,,,,,,,,,,,,,,,,14:02,14:08,14:11,14:14,14:17,14:20,14:25,14:28,14:31,14:35,14:39,14:42,14:45,14:48,14:50,14:52,14:55,14:58,15:01
1713,,,,,,,,,,,,,,,,,,,,,13:26,13:32,13:35,13:41,13:46,13:49,13:52,13:57,14:01,14:07,14:11,14:15,14:18,14:21,14:24,14:27,14:32,14:35,14:38,14:42,14:46,14:49,14:52,14:55,14:57,14:59,15:02,15:05,15:09
1714,,,,,,,,,,,,,,,,,,,,,,,,14:09,,14:16,,,,,14:29,,,,,,14:43,  .,14:47,,,14:55,,,,15:01,,,15:10
1715,,,,,,,,,,,,,,,,,,,,,,,,13:46,13:51,13:54,13:57,14:02,14:06,14:12,14:16,14:20,14:23,14:26,14:29,14:32,14:37,14:40,14:43,14:47,14:51,14:54,14:57,15:00,15:02,15:04,15:07,15:10,15:13
1716,,,,,,,,,,12:40,12:44,12:48,12:51,12:58,13:05,,,,,,,,,,,,,,,,,,,,,,,,,,,,,,,,,,
1717,,,,,,,,,,,,,,,13:15,13:25,13:32,13:36,13:40,13:49,13:57,14:01,14:05,14:13,,14:20,.,.,.,.,14:32,.,.,.,.,.,14:46,.,14:50,.,.,14:58,.,.,.,15:04,.,.,15:14
1718,,,,,,,13:33,13:42,13:45,,,,,,,,,,,,,,,13:51,13:56,13:59, 14:02, 14:07, 14:11, 14:17,14:21, 14:25, 14:28, 14:31, 14:34, 14:37,14:42, 14:45,14:48, 14:52, 14:56,14:59, 15:02, 15:05, 15:07,15:09, 15:12, 15:15,15:18
1719,,,,,,,,,,,,,,,,,,,,,,,,,,,,,,,14:24,14:30,14:33,14:36,14:39,14:42,14:47,14:50,14:53,14:57,15:01,15:04,15:07,15:10,15:12,15:14,15:17,15:20,15:23
1720,,,,,,,,,,,,,,,,,,,,,,,,13:58,14:04,14:07,14:10,14:15,14:19,14:25,14:29,14:34,14:37,14:40,14:43,14:46,14:51,14:54,14:57,15:01,15:05,15:08,15:11,15:14,15:16,15:18,15:21,15:24,15:27
1721,,,,,,,,,,,,,,,,,,,,,,,,,,14:10,14:14,14:19,14:23,14:29,14:33,14:38,14:41,14:44,14:47,14:50,14:55,14:58,15:01,15:05,15:09,15:12,,,,,,,
1722,,,,,,,,,,,,,,,,,,,,14:11,14:20,14:24,14:27,14:33,,14:40,,,,,14:53,14:57,,,,,15:07,,15:11,,,15:19,,,,15:25,,,15:34
1723,,,,,,,,,,,,,,,,,,,,,,,,14:06,14:12,14:15,14:18,14:23,14:27,14:33,14:37,14:42,14:45,14:48,14:51,14:54,14:59,15:02,15:05,15:09,15:13,15:16,15:19,15:22,15:24,15:26,15:29,15:32,15:35
1724,,,,,,,13:54,14:03,14:06,,,,,,,,,,,,,,,14:12,14:17,14:20,14:23,14:28,14:32,14:38,14:42,14:46,14:49,14:52,14:55,14:58,15:03,15:06,15:09,15:13,15:17,15:20,15:23,15:26,15:28,15:30,15:33,15:36,15:39
1725,,,,,,,,,,,,,,,,,,,,,,,,,,,,,,,14:45,14:51,14:54,14:57,15:00,15:03,15:08,15:11,15:14,15:18,15:22,15:25,15:28,15:31,15:33,15:35,15:38,15:41,15:44
1726,,,,,,,,,,,,,,,,,,,,,14:03,14:09,14:12,14:18,14:23,14:26,14:29,14:34,14:38,14:44,14:49,14:54,14:57,15:00,15:03,15:06,15:11,15:14,15:17,15:21,15:25,15:28,15:31,15:34,15:36,15:38,15:41,15:44,15:47
1727,13:32,13:48,14:00,14:09,14:15,14:23,14:31,14:39,14:42,,,,,,,,,,,,,,,14:48,,14:55,,,,,15:08,,,,,,15:22,,15:26,,,15:34,,,,15:40,,,15:48
1728,,,,,,,,,,,,,,,,,,,,,,,,,,,,,,,14:53,14:59,15:02,15:05,15:08,15:11,15:16,15:19,15:22,15:26,15:30,15:33,15:36,15:39,15:41,15:43,15:46,15:49,15:52
1729,,,,,,,,,,,,,,,14:00,14:09,14:16,14:20,14:24,14:33,14:41,14:45,14:48,14:54,,15:01,,,,,15:14,,,,,,15:28,,15:32,,,15:40,,,,15:46,,,15:54
1730,,,,,,,,,,,,,,,,,,,,,,,,14:26,14:32,14:35,14:38,14:43,14:47,14:53,14:58,15:03,15:06,15:09,15:12,15:15,15:20,15:23,15:26,15:30,15:34,15:37,15:40,15:43,15:45,15:47,15:50,15:53,15:57
1731,,,,,,,,,,,,,,,,,,,,,,,,,,,,,,,15:04,15:10,15:13,15:16,15:19,15:22,15:27,15:30,15:33,15:37,15:41,15:44,15:47,15:50,15:52,15:54,15:57,16:00,16:03
1732,,,,,,,,,,,,,,,,,,,,,14:24,14:30,14:33,14:39,14:45,14:48,14:51,14:56,15:00,15:06,15:10,15:14,15:17,15:20,15:23,15:26,15:31,15:34,15:37,15:41,15:45,15:48,15:51,15:54,15:56,15:58,16:01,16:04,16:07
1733,,,,,,,,,,,,,,,,,,,,,14:50,14:56,14:59,15:05,,15:12,,,,,15:25,15:29,,,,,15:40,,15:44,,,15:52,,,,15:58,,,16:07
1734,,,,,,,,,,,,,,,,,,,,,,,,14:43,14:49,14:52,14:55,15:00,15:04,15:10,15:14,15:18,15:21,15:24,15:27,15:30,15:35,15:38,15:41,15:45,15:49,15:52,15:55,15:58,16:00,16:02,16:05,16:08,16:11
1735,,,,,,,,,,13:55,13:59,14:03,14:06,14:13,14:22,14:31,14:38,14:42,14:46,14:55,15:03,15:07,15:10,15:16,,15:23,,,,,15:36,,,,,,15:50,,15:54,,,16:02,,,,16:08,,,16:17
1736,,,,,,,,,,,,,,,,,,,,,,,,,,,,,,,,,,,,,,,15:45,15:49,15:53,15:56,15:59,16:02,16:04,16:06,16:09,16:12,16:15
1737,,,,,,,,,,,,,,,,,,,,,,,,,,,,,,,15:23,15:29,15:32,15:35,15:38,15:41,15:46,15:49,15:52,15:56,16:00,16:03,,,,,,,
1738,,,,,,,,,,,,,,,,,,,,,,,,14:58,15:04,15:07,15:10,15:15,15:19,15:25,15:29,15:33,15:36,15:39,15:42,15:45,15:50,15:53,15:56,16:00,16:04,16:07,16:10,16:13,16:15,16:17,16:20,16:23,16:27
1739,,,,,,,,,,,,,,,,,,,,,,,,,,,,,,,,,,,,,,,16:00,16:04,16:08,16:11,16:14,16:17,16:19,16:21,16:24,16:27,16:30
1740,,,,,,,,,,,,,,,,,,,,,15:18,15:24,15:27,15:33,,15:40,,,,,15:53,,,,,,16:07,,16:11,,,16:19,,,,16:25,,,16:34
1741,,,,,,,,,,,,,,,,,,,,,,,,,,,,,,,15:35,15:41,15:44,15:47,15:50,15:53,15:58,16:01,16:04,16:08,16:12,16:15,16:18,16:21,16:23,16:25,16:28,16:31,16:34
1742,,,,,,,14:53,15:02,15:05,,,,,,,,,,,,,,,15:11,15:16,15:19,15:22,15:27,15:31,15:37,15:41,15:45,15:48,15:51,15:54,15:57,16:02,16:05,16:08,16:12,16:16,16:19,16:22,16:25,16:27,16:29,16:32,16:35,16:38
1743,,,,,,,,,,,,,,,,,,,,,,,,15:14,15:20,15:23,15:26,15:31,15:35,15:41,15:45,15:49,15:52,15:55,15:58,16:01,16:06,16:09,16:12,16:16,16:20,16:23,16:26,16:29,16:31,16:33,16:36,16:39,16:42
1744,,,,,,,,,,,,,,,,,,,,15:22,15:31,15:35,15:38,15:44,,15:51,,,,,16:04,16:08,,,,,16:18,,16:22,,,16:30,,,,16:36,,,16:45
1745,,,,,,,,,,,,,,,,,,,,,,,,,,,,,,,15:49,15:53,15:56,15:59,16:02,16:05,16:10,16:13,16:16,16:20,16:24,16:27,16:30,16:33,16:35,16:37,16:40,16:43,16:46
1746,,,,,,,,,,,,,,,,,,,,,,,,15:21,15:27,15:30,15:33,15:38,15:42,15:48,15:52,,,,,,,,,,,,,,,,,,
1747,,,,,,,,,,,,,,,,,,,,,,,,,,15:34,15:38,15:43,15:47,15:53,15:58,16:02,16:05,16:08,16:11,16:14,16:19,16:22,16:25,16:29,16:33,16:36,16:39,16:42,16:44,16:46,16:49,16:52,16:55
1748,,,,15:08,15:16,15:24,15:32,15:38,15:42,,,,,,,,,,,,,,,15:48,15:53,15:56,15:59,16:04,16:08,16:14,16:18,,,,,,16:32,,16:36,,,16:44,,,,16:50,,,16:59
1749,,,,,,,15:15,15:24,15:27,,,,,,,,,,,,,,,15:33,15:38,15:41,15:44,15:49,15:53,15:59,16:03,16:07,16:10,16:13,16:16,16:19,16:24,16:27,16:30,16:34,16:38,16:41,16:44,16:47,16:49,16:51,16:54,16:57,17:00
1750,,,,,,,,,,,,,,,,,,,,,,,,,,,,,,,,,,,,,,,16:34,16:38,16:42,16:45,16:48,16:51,16:53,16:55,16:58,17:01,17:04
1751,14:48,15:04,15:16,15:25,15:31,15:39,15:47,15:55,15:58,,,,,,,,,,,,,,,16:04,,16:11,,,,,16:23,,,16:31,,,16:39,,16:43,,,16:51,,,,16:57,,,17:05
1752,,,,,,,,,,,,,,,,,,,,,,,,,,,,,,,16:09,16:14,16:17,16:20,16:23,16:26,16:31,16:34,16:38,16:42,16:46,16:49,16:52,16:55,16:57,16:59,17:02,17:05,17:08
1753,,,,,,,,,,,,,,,,,,,,15:48,15:57,16:01,16:04,16:10,,16:16,,,,,16:28,16:32,,,,16:40,,,16:48,,,16:56,,,,17:02,,,17:10
1754,,,,,,,,,,,,,,,,,,,,,,,,15:41,15:47,15:50,15:53,15:58,16:02,16:08,16:12,16:18,16:21,16:24,16:27,16:30,16:35,16:38,16:42,16:46,16:50,16:53,16:56,16:59,17:01,17:03,17:06,17:09,17:12
1755,,,,,,,,,,,,,,,,,,,,,,,,,,,,,,,16:15,16:22,16:25,16:28,16:31,16:34,16:39,16:42,16:46,16:50,16:54,16:57,17:00,17:03,17:05,17:07,17:10,17:13,17:16
1756,,,,,,,,,,,,,,,,,,,,,,,,,,,,,,,16:22,16:26,16:29,16:32,16:35,16:38,16:43,16:46,16:50,16:54,16:58,17:01,17:04,17:07,17:09,17:11,17:14,17:17,17:20
1757,,,,,,,,,,,,,,,,,,,,,,,,15:54,16:00,16:03,16:06,16:11,16:15,16:21,16:26,16:30,16:33,16:36,16:39,16:42,16:47,16:50,16:54,16:58,17:02,17:05,,,,,,,
1758,,,,,,,,,,,,,,,,,,,,,16:04,16:10,16:13,16:18,,16:25,,,,,16:37,,,16:45,,,16:53,,16:57,,,17:05,,,,17:12,,,17:21
1759,,,,,,,15:51,16:01,16:04,,,,,,,,,,,,,,,16:10,16:15,16:18,16:21,16:26,16:30,16:36,16:40,16:45,,,,,16:57,,17:01,,,17:09,,,,17:16,,,17:26
1760,,,,,,,,,,,,,,,,,,,,,,,,16:00,16:06,16:09,16:12,16:17,16:21,16:27,16:31,,,,,,,,,,,,,,,,,,
1761,,,,,,,,,,,,,,,,,,,,,,,,,,,,,,,16:29,16:35,16:38,16:41,16:44,16:47,16:52,16:55,16:58,17:02,17:06,17:09,17:12,17:15,17:17,17:19,17:22,17:25,17:28
1762,,,,,,,,,,14:55,14:59,15:03,15:06,15:13,15:20,,,,,,,,,,,,,,,,,,,,,,,,,,,,,,,,,,
1763,,,,,,,,,,,,,,,15:31,15:40,15:47,15:51,15:55,16:04,16:12,16:16,16:19,16:25,,16:32,,,,,16:44,,,,,,17:00,,17:04,,,17:12,,,,17:19,,,17:29
1764,,,,,,,,,,,,,,,,,,,,,,,,16:28,,16:36,,,,,16:48,,,,,,17:04,,17:08,,,17:16,,,,,,,
1765,,,,,,,,,,,,,,,,,,,,,,,,,,,,,,,,,,,,,,,17:02,17:06,17:10,17:13,17:16,17:19,17:21,17:23,17:26,17:29,17:32
1766,,,,,,,,,,,,,,,,,,,,,,,,,,16:28,16:32,16:37,16:41,16:47,16:52,,,,,,17:08,,17:12,,,17:20,,,,17:26,,,17:34
1767,,,,,,,,,,,,,,,,,,,,,,,,,,,,,,,16:36,16:42,16:45,16:48,16:51,16:54,16:59,17:02,17:06,17:10,17:14,17:17,17:20,17:23,17:25,17:27,17:30,17:33,17:36
1768,,,,,,,16:08,16:17,16:20,,,,,,,,,,,,,,,16:26,16:31,16:34,16:37,16:42,16:46,16:52,16:56,,,,,,17:11,,17:15,,,17:23,,,,17:29,,,17:37
1769,,,,,,,,,,,,,,,,,,,,,,,,,,,,,,,,,,,,,,,17:10,17:14,17:18,17:21,17:24,17:27,17:29,17:31,17:34,17:37,17:40
1770,,,,16:00,16:08,16:16,16:24,16:30,16:34,,,,,,,,,,,,,,,16:40,,16:47,,,,,17:00,17:04,,,,,17:15,,17:19,,,17:27,,,,17:33,,,17:41
1771,,,,,,,,,,,,,,,,,,,,,,,,16:13,16:19,16:22,16:25,16:30,16:34,16:40,16:44,16:49,16:52,16:55,16:58,17:01,17:06,17:09,17:13,17:17,17:21,17:24,,,,,,,
1772,,,,,,,,,,,,,,,,,,,,,16:29,16:35,16:38,16:44,,16:51,,,,,17:03,,,17:11,,,17:19,,17:23,,,17:31,,,,17:37,,,17:45
1773,,,,,,,,,,,,,,,,,,,,,,,,,,,,,,,16:48,16:53,16:56,16:59,17:02,17:05,17:10,17:13,17:17,17:21,17:25,17:28,17:31,17:34,17:36,17:38,17:41,17:44,17:47
1774,,,,,,,,,,,,,,,,,,,,,,,,,,,,,,,,,,,,,,,17:22,17:26,17:30,17:33,17:36,17:39,17:41,17:43,17:46,17:49,17:52
1775,,,,,,,,,,,,,,,,,,,,,,,,,,16:47,16:51,16:56,17:00,17:06,17:10,,,,,,17:25,,17:29,,,17:37,,,,,,,
1776,,,,,,,,,,,,,,,,,,,,16:32,16:41,16:45,16:48,16:54,,17:01,,,,,17:14,17:18,,,,,17:29,,17:33,,,17:41,,,,17:47,,,17:56
1777,,,,,,,,,,,,,,,,,,,,,,,,,,,,,,,16:58,17:04,17:07,17:10,17:13,17:16,17:21,17:24,17:27,17:31,17:35,17:38,17:41,17:44,17:46,17:48,17:51,17:54,17:57
1778,15:43,15:59,16:11,16:20,16:26,16:34,16:42,16:50,16:53,,,,,,,,,,,,,,,16:59,,17:06,,,,,17:18,,,,,,17:33,,17:37,,,17:45,,,,17:51,,,17:59
1779,,,,,,,,,,,,,,,,,,,,,,,,16:34,16:40,16:43,16:46,16:51,16:55,17:01,17:05,17:09,17:12,17:15,17:18,17:21,17:26,17:29,17:32,17:36,17:40,17:43,17:46,17:49,17:51,17:53,17:56,17:59,18:02
1780,,,,,,,,,,,,,,,,,,,,,16:47,16:53,16:56,17:02,,17:09,,,,,17:21,,,,,,17:36,,17:40,,,17:48,,,,17:54,,,18:03
1781,,,,,,,,,,,,,,,,,,,,,,,,,,,,,,,,,,,,,,,17:36,17:40,17:44,17:47,17:50,17:53,17:55,17:57,18:00,18:03,18:07
1782,,,,,,,16:37,16:46,16:49,,,,,,,,,,,,,,,16:55,16:59,17:02,17:05,17:10,17:14,17:20,17:25,17:29,,,,,17:40,,17:44,,,17:52,,,,17:58,,,18:07
1783,,,,,,,,,,,,,,,16:15,16:24,16:31,16:35,16:39,16:48,16:56,17:00,17:03,17:09,,17:16,,,,,17:28,,,,,,17:43,,17:47,,,17:55,,,,18:01,,,18:10
1784,,,,,,,,,,,,,,,,,,,,,,,,,,,,,,,17:10,17:16,17:19,17:22,17:25,17:28,17:33,17:36,17:39,17:43,17:47,17:50,17:53,17:56,17:58,18:00,18:03,18:06,18:11
1785,,,,,,,,,,,,,,,,,,,,,,,,,,,,,,,17:14,17:20,17:23,17:26,17:29,17:32,17:37,17:40,17:43,17:47,17:51,17:54,,,,,,,
1786,,,,,,,,,,,,,,,,,,,,,,,,16:49,16:55,16:58,17:01,17:06,17:10,17:16,17:20,17:24,17:27,17:30,17:33,17:36,17:41,17:44,17:47,17:51,17:55,17:58,18:01,18:04,18:06,18:08,18:11,18:14,18:17
1787,,,,,,,,,,,,,,,,,,,,,,,,,,,,,,,,,,,,,,,17:50,17:54,17:58,18:01,18:04,18:07,18:09,18:11,18:14,18:17,18:21
1788,,,,16:44,16:52,17:00,17:08,17:14,17:18,,,,,,,,,,,,,,,17:24,,17:31,,,,,17:43,,,17:51,,,17:59,,18:03,,,18:11,,,,18:17,,,18:25
1789,,,,,,,,,,,,,,,,,,,,,,,,,,,,,,,17:24,17:30,17:33,17:36,17:39,17:42,17:47,17:50,17:53,17:57,18:01,18:04,18:07,18:10,18:12,18:14,18:17,18:20,18:25
1790,,,,,,,,,,,,,,,,,,,,,,,,,,17:06,17:09,17:14,17:18,17:24,17:29,17:34,17:37,17:40,17:43,17:46,17:51,17:54,17:57,18:01,18:05,18:08,,,,,,,
1791,,,,,,,,,,,,,,,,,,,,,,,,,,17:22,17:26,17:31,17:35,17:41,17:47,,,,,,18:03,,18:07,,,18:15,,,,18:21,,,18:29
1792,,,,,,,,,,,,,,,,,,,,,,,,17:04,17:09,17:12,17:15,17:20,17:24,17:30,17:34,17:38,17:41,17:44,17:47,17:50,17:55,17:58,18:01,18:05,18:09,18:12,18:15,18:18,18:20,18:22,18:25,18:28,18:31
1793,,,,,,,,,,,,,,,,,,,,17:07,17:17,17:21,17:24,17:32,,17:39,,,,,17:52,,,,,,18:06,,18:10,,,18:18,,,,18:24,,,18:32
1794,,,,,,,,,,,,,,,,,,,,,,,,,,,,,,,,,,,,,,,18:05,18:09,18:13,18:16,18:19,18:22,18:24,18:26,18:29,18:32,18:35
1795,,,,,,,,,,,,,,,,,,,,,,,,,,,,,,,17:40,17:46,17:49,17:52,17:55,17:58,18:03,18:06,18:09,18:13,18:17,18:20,18:23,18:26,18:28,18:30,18:33,18:36,18:39
1796,,,,,,,17:12,17:21,17:24,,,,,,,,,,,,,,,17:29,17:34,17:37,17:40,17:45,17:49,17:55,17:59,,,,,,18:13,,18:17,,,18:25,,,,18:31,,,18:40
1797,,,,,,,,,,,,,,,,,,,,,,,,,,,,,,,,,,,,,,,18:12,18:16,18:20,18:23,18:26,18:29,18:31,18:33,18:36,18:39,18:43
1798,,,,,,,,,,,,,,,,,,,,,17:29,17:35,17:38,17:44,,17:50,,,,,18:03,18:07,,,,,18:17,,18:21,,,18:29,,,,18:35,,,18:43
1799,,,,,,,,,,16:28,16:32,16:36,16:39,16:46,16:54,17:03,17:10,17:14,17:18,17:27,17:35,17:39,17:42,17:48,,17:54,,,,,18:07,,,,,,18:21,,18:25,,,18:33,,,,18:39,,,18:47
1800,,,,,,,,,,,,,,,,,,,,,,,,,,,,,,,17:45,17:52,17:55,17:58,18:01,18:04,18:09,18:12,18:16,18:20,18:24,18:27,18:30,18:33,18:35,18:37,18:40,18:43,18:47
1801,,,,,,,,,,,,,,,,,,,,,,,,17:21,17:26,17:29,17:32,17:37,17:41,17:47,17:51,17:56,17:59,18:02,18:05,18:08,18:13,18:16,18:20,18:24,18:28,18:31,,,,,,,
1802,,,,,,,,,,,,,,,,,,,,,,,,17:40,17:46,17:49,17:52,17:57,18:01,18:07,18:11,,,,,,18:25,,18:29,,,18:37,,,,18:43,,,18:51
1803,,,,,,,,,,,,,,,,,,,,,,,,,,17:33,17:36,17:41,17:45,17:51,17:55,18:00,18:03,18:06,18:09,18:12,18:17,18:20,18:24,18:28,18:32,18:35,18:38,18:41,18:43,18:45,18:48,18:51,18:55
1804,,,,,,,,,,,,,,,,,,,,17:35,17:44,17:48,17:51,17:57,,18:03,,,,,18:15,18:19,,,,,18:29,,18:33,,,18:41,,,,18:47,,,18:56
1805,,,,,,,,,,,,,,,,,,,,,,,,,,,,,,,17:59,18:05,18:08,18:11,18:14,18:17,18:22,18:25,18:28,18:32,18:36,18:39,18:42,18:45,18:47,18:49,18:52,18:55,18:59
1806,,,,,,,,,,,,,,,,,,,,,,,,,,,,,,,,,,,,,,,18:32,18:36,18:40,18:43,18:46,18:49,18:51,18:53,18:56,18:59,19:03
1807,,,,,,,,,,,,,,,,,,,,,17:47,17:53,17:56,18:02,,18:08,,,,,18:20,,,,,,18:34,,18:38,,,18:47,,,,,,,
1808,,,,,,,17:36,17:45,17:48,,,,,,,,,,,,,,,17:54,17:59,18:02,18:05,18:10,18:14,18:20,18:24,,,,,,18:39,,18:43,,,18:51,,,,18:57,,,19:05
1809,,,,,,,,,,,,,,,,,,,,,,,,,,,,,,,18:07,18:13,18:16,18:19,18:22,18:25,18:30,18:33,18:36,18:40,18:44,18:47,18:50,18:53,18:55,18:57,19:00,19:03,19:07
1810,16:53,17:09,17:21,17:30,17:36,17:44,17:52,18:00,18:03,,,,,,,,,,,,,,,18:09,,18:15,,,,,18:28,18:32,,,,,18:43,,18:47,,,18:55,,,,19:01,,,19:09
1811,,,,,,,,,,,,,,,17:20,17:29,17:36,17:40,17:44,17:53,18:01,18:05,18:08,18:14,,18:21,,,,,18:33,,,,,,18:48,,18:52,,,19:00,,,,19:06,,,19:14
1812,,,,,,,,,,,,,,,,,,,,,,,,,,,,,,,18:14,18:20,18:23,18:26,18:29,18:32,18:37,18:40,18:43,18:47,18:51,18:54,18:57,19:00,19:02,19:04,19:07,19:10,19:15
1813,,,,,,,,,,,,,,,,,,,,,,,,,,17:57,18:01,18:06,18:10,18:16,18:20,18:24,18:27,18:30,18:33,18:36,18:41,18:44,18:47,18:51,18:55,18:58,,,,,,,
1814,,,,,,,,,,,,,,,,,,,,,18:05,18:11,18:14,18:20,,18:26,,,,,18:38,,,,,18:49,,,18:58,,,19:06,,,,19:12,,,19:21
1815,,,,,,,,,,,,,,,,,,,,,,,,,,,,,,,18:23,18:29,18:32,18:35,18:38,18:41,18:46,18:49,18:52,18:56,19:00,19:03,19:06,19:09,19:11,19:13,19:16,19:19,19:22
1816,,,,,,,,,,,,,,,,,,,,,,,,,,,,,,,,,,,,,,,18:55,18:59,19:03,19:06,19:09,19:12,19:14,19:16,19:19,19:22,19:25
1817,,,,,,,,,,,,,,,,,,,,,,,,18:24,,18:31,,,,,18:43,,,,,,18:58,,19:02,,,19:10,,,,19:17,,,19:27
1818,,,,,,,,,,,,,,,,,,,,,,,,18:00,18:05,18:08,18:11,18:16,18:20,18:26,18:30,18:35,18:38,18:41,18:44,18:47,18:52,18:55,18:58,19:02,19:06,19:09,19:12,19:15,19:17,19:19,19:22,19:25,19:28
1819,,,,17:38,17:46,17:54,18:02,18:08,18:12,,,,,,,,,,,,,,,18:18,18:22,18:25,18:28,18:33,18:37,18:43,18:47,,,,,,19:02,,19:06,,,19:14,,,,19:22,,,19:30
1820,,,,,,,,,,,,,,,,,,,,,,,,,,,,,,,18:33,18:39,18:42,18:45,18:48,18:51,18:56,18:59,19:02,19:06,19:10,19:13,19:16,19:19,19:21,19:23,19:26,19:29,19:32
1821,,,,,,,,,,,,,,,,,,,,,,,,,,18:15,18:18,18:23,18:27,18:33,18:37,18:43,18:46,18:49,18:52,18:55,19:00,19:03,19:06,19:10,19:14,19:17,,,,,,,
1822,,,,,,,,,,,,,,,,,,,,,,,,,,,,,,,18:41,18:47,18:50,18:53,18:56,18:59,19:04,19:07,19:10,19:14,19:18,19:21,19:24,19:27,19:29,19:31,19:34,19:37,19:40
1823,,,,,,,,,,,,,,,,,,,,18:15,18:24,18:28,18:31,18:37,,18:43,,,,,18:55,,,19:03,,,19:11,,19:15,,,19:24,,,,19:31,,,19:42
1824,,,,,,,,,,,,,,,,,,,,,,,,,,,,,,,18:45,18:51,18:54,18:57,19:00,19:03,19:08,19:11,19:14,19:18,19:22,19:25,19:28,19:31,19:33,19:35,19:38,19:41,19:44
1825,,,,,,,18:16,18:25,18:28,,,,,,,,,,,,,,,18:34,18:39,18:42,18:45,18:50,18:54,19:00,19:04,,,,,,19:17,,19:22,,,19:31,,,,,,,
1826,,,,,,,,,,,,,,,,,,,,,,,,,,,,,,,,,,,,,,,19:20,19:24,19:28,19:31,19:34,19:37,19:39,19:41,19:44,19:47,19:50
1827,,,,,,,,,,,,,,,,,,,,,18:33,18:39,18:42,18:48,,18:54,,,,,19:07,,,,,19:17,,,19:25,,,19:36,,,,19:43,,,19:52
1828,,,,,,,,,,,,,,,,,,,,,,,,18:40,18:45,18:48,18:51,18:56,19:00,19:06,19:10,,,,,19:20,,,19:28,,,19:39,,,,19:46,,,19:56
1829,,,,,,,,,,,,,,,,,,,,,,,,,,,,,,,18:55,19:00,19:03,19:06,19:09,19:12,19:17,19:20,19:23,19:27,19:31,19:34,,,,,,,
1830,,,,,,,,,,,,,,,,,,,,,,,,18:30,18:35,18:38,18:41,18:46,18:50,18:56,19:00,19:04,19:07,19:10,19:13,19:16,19:21,19:24,19:27,19:31,19:35,19:38,19:41,19:44,19:46,19:48,19:51,19:54,19:57
1831,,,,,,,,,,,,,,,,,,,,,,,,,,,,,,,19:03,19:09,19:12,19:15,19:18,19:21,19:26,19:29,19:32,19:36,19:40,19:43,19:46,19:49,19:51,19:53,19:56,19:59,20:02
1832,,,,,,,,,,,,,,,,,,,,,,,,,,,,,,,19:10,19:15,19:18,19:21,19:24,19:27,19:32,19:35,19:38,19:42,19:46,19:49,,,,,,,
1833,,,,,,,,,,,,,,,,,,,,,,,,,,18:51,18:55,19:00,19:04,19:10,19:14,19:19,19:22,19:25,19:28,19:31,19:36,19:39,19:42,19:46,19:50,19:53,19:56,19:59,20:01,20:03,20:06,20:09,20:12
1834,,,,,,,,,,,,,,,,,,,,,,,,18:46,18:52,18:55,18:58,19:03,19:07,19:13,19:17,19:22,19:25,19:28,19:31,19:34,19:39,19:42,19:46,,,,,,,,,,
1835,,,,,,,,,,,,,,,,,,,,,,,,,,,,,,,,,,,,,,,19:47,19:51,19:55,19:58,20:01,20:04,20:06,20:08,20:11,20:14,20:17
1836,,,,,,,,,,,,,,,,,,,,,,,,18:54,18:59,19:02,19:05,19:10,19:14,19:20,19:24,19:28,19:31,19:34,19:37,19:40,19:45,19:48,19:51,19:55,19:59,20:02,20:05,20:08,20:10,20:12,20:15,20:18,20:21
1837,,,,,,,,,,17:57,18:01,18:05,18:08,18:15,18:23,18:32,18:39,18:43,18:47,18:56,19:04,19:08,19:11,19:17,,19:24,,,,,19:37,,,19:45,,,19:53,,19:58,,,20:06,,,,20:13,,,20:23
1838,,,,18:18,18:26,18:34,18:42,18:48,18:52,,,,,,,,,,,,,,,18:58,19:03,19:06,19:09,19:14,19:18,19:24,19:28,19:32,19:35,19:38,19:41,19:44,19:49,19:52,19:55,19:59,20:03,20:06,20:09,20:12,20:14,20:16,20:19,20:22,20:25
1839,,,,,,,,,,,,,,,,,,,,19:00,19:09,19:13,19:16,19:22,,19:29,,,,,19:41,19:45,,,,,19:57,,20:02,,,20:10,,,,20:17,,,20:26
1840,,,,,,,,,,,,,,,,,,,,,19:13,19:19,19:22,19:28,,19:35,,,,,19:47,,,,,19:58,,,20:07,,,20:15,,,,20:21,,,20:30
1841,,,,,,,,,,,,,,,,,,,,,,,,,,,,,,,19:32,19:37,19:40,19:43,19:46,19:49,19:54,19:57,20:00,20:04,20:08,20:11,20:14,20:17,20:19,20:21,20:24,20:27,20:30
1842,,,,,,,,,,,,,,,,,,,,,,,,,,19:13,19:17,19:22,19:26,19:32,19:36,19:41,19:44,19:47,19:50,19:53,19:58,20:01,20:04,20:08,20:12,20:15,,,,,,,
1843,18:16,18:32,18:44,18:53,18:59,19:07,19:15,19:23,19:26,,,,,,,,,,,,,,,19:32,,19:39,,,,,19:51,,,,,,20:06,,20:11,,,20:19,,,,20:26,,,20:34
1844,,,,,,,,,,,,,,,,,,,,,,,,19:07,19:13,19:17,19:21,19:26,19:30,19:36,19:40,19:45,19:48,19:51,19:54,19:57,20:02,20:05,20:08,20:12,20:16,20:19,20:22,20:25,20:27,20:29,20:32,20:35,20:38
1845,,,,,,,,,,,,,,,18:41,18:50,18:57,19:01,19:05,19:14,19:22,19:26,19:29,19:36,,19:44,,,,,19:57,,,,,,20:11,,20:16,,,20:24,,,,20:31,,,20:43
1846,,,,,,,,,,,,,,,,,,,,,,,,19:11,19:17,19:21,19:25,19:30,19:34,19:40,19:44,19:49,19:52,19:55,19:58,20:01,20:06,20:09,20:12,20:16,20:20,20:23,20:26,20:29,20:31,20:33,20:36,20:39,20:42
1847,,,,,,,18:58,19:07,19:10,,,,,,,,,,,,,,,19:16,19:22,19:25,19:29,19:34,19:38,19:44,19:48,,,,,,,,,,,,,,,,,,
1848,,,,,,,,,,,,,,,,,,,,,,,,,,19:28,19:32,19:37,19:41,19:47,19:51,19:56,19:59,20:02,20:05,20:08,20:13,20:16,20:19,20:23,20:27,20:30,20:33,20:36,20:38,20:40,20:43,20:46,20:49
1849,,,,,,,,,,,,,,,,,,,,,,,,19:24,19:30,19:33,19:36,19:41,19:45,19:51,19:55,20:00,20:03,20:06,20:09,20:12,20:17,20:20,20:23,20:27,20:31,20:34,20:37,20:40,20:42,20:44,20:47,20:50,20:53
1850,,,,19:13,19:21,19:29,19:37,19:43,19:47,,,,,,,,,,,,,,,19:53,,20:00,,,,,20:12,20:16,,,,,20:26,,20:31,,,20:39,,,,20:45,,,20:55
1851,,,,,,,,,,,,,,,,,,,,,,,,,,,,,,,20:00,20:06,20:09,20:12,20:15,20:18,20:23,20:26,20:29,20:33,20:37,20:40,20:43,20:46,20:48,20:50,20:53,20:56,
1852,,,,,,,,,,,,,,,,,,,,,,,,,,19:41,19:45,19:50,19:54,20:00,20:05,20:10,20:13,20:16,20:19,20:22,20:27,20:30,20:33,20:37,20:41,20:44,,,,,,,
1853,,,,,,,,,,,,,,,,,,,,,,,,19:38,19:44,19:47,19:50,19:55,19:59,20:05,20:09,20:14,20:17,20:20,20:23,20:26,20:31,20:34,20:37,20:41,20:45,20:48,20:51,20:54,20:56,20:58,21:01,21:04,21:07
1854,,,,,,,,,,,,,,,,,,,,,19:31,19:37,19:40,19:46,19:51,19:54,19:57,20:02,20:06,20:12,20:16,20:20,20:23,20:26,20:29,20:32,20:37,20:40,20:43,20:47,20:51,20:54,20:57,21:00,21:02,21:04,21:07,21:10,21:13
1855,,,,,,,,,,,,,,,,,,,,,,,,19:49,19:55,19:58,20:01,20:06,20:10,20:16,20:20,20:24,20:27,20:30,20:33,20:36,20:41,20:44,20:47,20:51,20:55,20:58,21:01,21:04,21:06,21:08,21:11,21:14,21:17
1856,,,,,,,,,,,,,,,,,,,,,,,,,,20:01,20:05,20:10,20:14,20:20,20:24,20:28,20:31,20:34,20:37,20:40,20:45,20:48,20:51,20:55,20:59,21:02,,,,,,,
1857,,,,,,,19:45,19:54,19:57,,,,,,,,,,,,,,,20:03,20:10,20:13,20:17,20:22,20:26,20:32,20:36,,,,,,20:49,,20:54,,,21:03,,,,21:10,,,21:21
1858,,,,,,,,,,,,,,,,,,,,,,,,19:56,20:02,20:05,20:09,20:14,20:18,20:24,20:28,,,,,,,,,,,,,,,,,,
1859,,,,,,,,,,,,,,,,,,,,19:37,19:46,19:50,19:53,19:59,20:05,20:08,20:12,20:17,20:21,20:27,20:31,20:35,20:38,20:41,20:44,20:47,20:52,20:55,20:58,21:02,21:06,21:09,21:12,21:15,21:17,21:19,21:22,21:25,21:28
1860,,,,,,,,,,,,,,,,,,,,,,,,,,,,,,,20:34,20:40,20:43,20:46,20:49,20:52,20:57,21:00,21:03,21:07,21:11,21:14,,,,,,,
1861,,,,,,,,,,,,,,,19:39,19:48,19:55,19:59,20:03,20:12,20:20,20:24,20:27,20:33,,20:39,,,,,20:51,,,,,,21:04,,21:09,,,21:17,,,,21:24,,,21:33
1862,,,,,,,,,,,,,,,,,,,,,,,,20:07,20:13,20:17,20:21,20:26,20:30,20:36,20:40,20:44,20:47,20:50,20:53,20:56,21:01,21:04,21:07,21:11,21:15,21:18,21:21,21:24,21:26,21:28,21:31,21:34,21:37
1863,,,,,,,,,,,,,,,,,,,,,,,,20:11,20:17,20:21,20:25,20:30,20:34,20:40,20:44,20:48,20:51,20:54,20:57,21:00,21:05,21:08,21:11,21:15,21:19,21:22,21:25,21:28,21:30,21:32,21:35,21:38,21:41
1864,,,,,,,,,,,,,,,,,,,,,,,,,,20:24,20:28,20:33,20:37,20:43,20:48,20:52,20:55,20:58,21:01,21:04,21:09,21:12,21:15,21:19,21:23,21:26,21:29,21:32,21:34,21:36,21:39,21:42,21:45
1865,,,,,,,,,,,,,,,,,,,,,,,,20:46,,20:53,,,,,21:06,,,,,,21:20,,21:25,,,21:33,,,,,,,21:46
1866,,,,,,,,,,,,,,,,,,,,,,,,20:19,20:25,20:28,20:32,20:37,20:41,20:47,20:52,20:56,20:59,21:02,21:05,21:08,21:13,21:16,21:19,21:23,21:27,21:30,21:33,21:36,21:38,21:40,21:43,21:46,21:49
1867,,,,,,,,,,,,,,,,,,,,,20:06,20:12,20:15,20:22,20:29,20:32,20:36,20:41,20:45,20:51,20:56,21:00,21:03,21:06,21:09,21:12,21:17,21:20,21:23,21:27,21:31,21:34,21:37,21:40,21:42,21:44,21:47,21:50,21:53
1868,,,,19:46,19:54,20:02,20:10,20:16,20:20,,,,,,,,,,,,,,,20:26,20:33,20:36,20:40,20:45,20:49,20:55,21:00,21:04,21:07,21:10,21:13,21:16,21:21,21:24,21:27,21:31,21:35,21:38,21:41,21:44,21:46,21:48,21:51,21:54,21:57
1869,,,,,,,,,,,,,,,,,,,,,,,,,,,,,,,21:03,21:09,21:12,21:15,21:18,21:21,21:26,21:29,21:32,21:36,21:40,21:43,21:46,21:49,21:51,21:53,21:56,21:59,22:02
1870,,,,,,,,,,,,,,,,,,,,,,,,20:34,20:40,20:43,20:47,20:52,20:56,21:02,21:07,21:13,21:16,21:19,21:22,21:25,21:30,21:33,21:36,21:40,21:44,21:47,,,,,,,
1871,,,,,,,,,,,,,,,,,,,,20:47,20:56,21:00,21:03,21:09,,21:16,,,,,21:28,,,,,,21:42,,21:47,,,21:55,,,,22:01,,,22:10
1872,,,,,,,20:19,20:29,20:32,,,,,,,,,,,,,,,20:39,20:43,20:47,20:51,20:56,21:00,21:06,21:11,21:17,21:20,21:23,21:26,21:29,21:34,21:37,21:40,21:44,21:48,21:51,21:54,21:57,21:59,22:01,22:04,22:07,22:10
1873,,,,,,,,,,,,,,,,,,,,,,,,20:42,20:48,20:52,20:56,21:01,21:05,21:11,21:15,21:21,21:24,21:27,21:30,21:33,21:38,21:41,21:44,21:48,21:52,21:55,21:58,22:01,22:03,22:05,22:08,22:11,22:14
1874,,,,20:37,20:45,20:53,21:01,21:07,21:11,,,,,,,,,,,,,,,21:17,,21:24,,,,,21:36,,,,,,21:50,,21:54,,,22:02,,,,22:08,,,22:16
1875,,,,,,,,,,,,,,,,,,,,20:21,20:30,20:35,20:38,20:45,20:51,20:55,20:59,21:04,21:08,21:14,21:19,21:25,21:28,21:31,21:34,21:37,21:42,21:45,21:48,21:52,21:56,21:59,22:02,22:05,22:07,22:09,22:12,22:15,22:18
1876,,,,,,,,,,,,,,,,,,,,,20:34,20:40,20:43,20:49,20:55,20:59,21:03,21:08,21:12,21:18,21:23,21:29,21:32,21:35,21:38,21:41,21:46,21:49,21:52,21:56,22:00,22:03,22:06,22:09,22:11,22:13,22:16,22:19,22:22
1877,,,,,,,20:38,20:47,20:50,,,,,,,,,,,,,,,20:56,21:01,21:04,21:07,21:12,21:16,21:22,21:27,21:33,21:36,21:39,21:42,21:45,21:50,21:53,21:56,22:00,22:04,22:07,22:10,22:13,22:15,22:17,22:20,22:23,22:26
1878,,,,,,,,,,,,,,,,,,,,21:04,21:13,21:17,21:20,21:26,,21:33,,,,,21:46,,,,,,22:00,,22:04,,,22:12,,,,22:18,,,22:26
1879,,,,,,,,,,,,,,,,,,,,,,,,,,,,,,,21:31,21:37,21:40,21:43,21:46,21:49,21:54,21:57,22:00,22:04,22:08,22:11,22:14,22:17,22:19,22:21,22:24,22:27,22:30
1880,,,,,,,,,,,,,,,,,,,,,,,,,,21:11,21:15,21:20,21:24,21:30,21:35,21:41,21:44,21:47,21:50,21:53,21:58,22:01,22:04,22:08,22:12,22:15,,,,,,,
1881,20:17,20:33,20:45,20:54,21:00,21:08,21:16,21:24,21:27,,,,,,,,,,,,,,,21:33,,21:40,,,,,21:53,21:57,,,,,22:07,,22:11,,,22:19,,,,22:25,,,22:33
1882,,,,,,,20:55,21:04,21:07,,,,,,,,,,,,,,,21:12,21:16,21:19,21:22,21:27,21:31,21:37,21:41,21:45,21:48,21:51,21:54,21:57,22:02,22:05,22:08,22:12,22:16,22:19,22:22,22:25,22:27,22:29,22:32,22:35,22:38
1883,,,,,,,,,,20:08,20:12,20:16,20:19,20:26,20:33,,,,,,,,,,,,,,,,,,,,,,,,,,,,,,,,,,
1884,,,,,,,,,,,,,,,20:46,20:54,21:01,21:05,21:09,21:18,21:26,21:30,21:33,21:39,,21:46,,,,,21:58,22:03,,,,,22:14,,22:18,,,22:26,,,,22:32,,,22:40
1885,,,,,,,,,,,,,,,,,,,,,21:05,21:11,21:14,21:20,21:25,21:28,21:31,21:36,21:40,21:46,21:50,21:54,21:57,22:00,22:03,22:06,22:11,22:14,22:17,22:21,22:25,22:28,22:31,22:34,22:36,22:38,22:41,22:44,22:47
1886,,,,,,,,,,,,,,,,,,,,,,,,,,,,,,,21:54,21:59,22:02,22:05,22:08,22:11,22:16,22:19,22:22,22:26,22:30,22:33,22:36,22:39,22:41,22:43,22:46,22:49,22:52
1887,,,,,,,,,,,,,,,,,,,,,,,,,,21:35,21:39,21:44,21:48,21:54,21:58,22:03,22:06,22:09,22:12,22:15,22:20,22:23,22:26,22:30,22:34,22:37,,,,,,,
1888,,,,,,,,,,,,,,,,,,,,,,,,21:29,21:35,21:39,21:43,21:48,21:52,21:58,22:02,22:07,22:10,22:13,22:16,22:19,22:24,22:27,22:30,22:34,22:38,22:41,22:44,22:47,22:49,22:51,22:54,22:57,23:00
1889,,,,,,,,,,,,,,,,,,,,,21:20,21:26,21:29,21:35,21:41,21:44,21:47,21:52,21:56,22:02,22:06,22:11,22:14,22:17,22:20,22:23,22:28,22:31,22:34,22:38,22:42,22:45,22:48,22:51,22:53,22:55,22:58,23:01,23:04
1890,,,,,,,,,,,,,,,21:15,21:23,21:30,21:34,21:38,21:47,21:55,21:59,22:02,22:08,,22:14,,,,,22:26,22:30,,,,,22:40,,22:44,,,22:52,,,,22:58,,,23:06
1891,,,,,,,21:28,21:37,21:40,,,,,,,,,,,,,,,21:45,21:49,21:52,21:55,22:00,22:04,22:10,22:14,22:19,22:22,22:25,22:28,22:31,22:36,22:39,22:42,22:46,22:50,22:53,22:56,22:59,23:01,23:03,23:06,23:09,23:12
1892,,,,,,,,,,,,,,,,,,,,,,,,,,21:56,22:00,22:05,22:09,22:15,22:19,22:24,22:27,22:30,22:33,22:36,22:41,22:44,22:47,22:51,22:55,22:58,23:01,23:04,23:06,23:08,23:11,23:14,23:17
1893,,,,,,,,,,,,,,,,,,,,,21:37,21:43,21:46,21:52,21:57,22:01,22:04,22:09,22:13,22:19,22:23,22:28,22:31,22:34,22:37,22:40,22:45,22:48,22:51,22:55,22:59,23:02,23:05,23:08,23:10,23:12,23:15,23:18,23:21
1894,,,,,,,,,,,,,,,,,,,,21:34,21:43,21:47,21:50,21:58,22:04,22:07,22:10,22:15,22:19,22:25,22:29,22:34,22:37,22:40,22:43,22:46,22:51,22:54,22:57,23:01,23:05,23:08,23:11,23:14,23:16,23:18,23:21,23:24,23:27
1895,21:21,21:37,21:49,21:58,22:04,22:12,22:20,22:28,22:31,,,,,,,,,,,,,,,22:37,,22:44,,,,,22:56,23:00,,,,,23:10,,23:14,,,23:22,,,,23:28,d ,,23:36
1896,,,,,,,,,,,,,,,,,,,,,,,,22:10,22:16,22:19,22:23,22:27,22:31,22:37,22:41,22:45,22:48,22:51,22:54,22:57,23:02,23:05,23:08,23:12,23:16,23:19,23:22,23:25,23:27,23:29,23:32,23:35,23:38
1897,,,,,,,22:01,22:10,22:13,,,,,,,,,,,,,,,22:18,22:22,22:25,22:29,22:34,22:38,22:44,22:48,22:52,22:55,22:58,23:01,23:04,23:09,23:12,23:15,23:19,23:23,23:26,23:29,23:32,23:34,23:36,23:39,23:42,23:45
1898,,,,,,,,,,,,,,,,,,,,22:00,22:09,22:13,22:16,22:22,22:27,22:30,22:33,22:38,22:42,22:48,22:52,22:57,23:00,23:03,23:06,23:09,23:14,23:17,23:20,23:24,23:28,23:31,23:34,23:37,23:39,23:41,23:44,23:47,23:50
1899,,,,,,,,,,,,,,,,,,,,,22:18,22:24,22:27,22:33,22:38,22:41,22:44,22:49,22:53,22:59,23:03,23:08,23:11,23:14,23:17,23:20,23:25,23:28,23:31,23:35,23:39,23:42,23:45,23:48,23:50,23:52,23:55,23:58,00:01
1900,,,,,,,,,,,,,,,,,,,,,,,,23:05,,23:12,,,,,23:25,23:29,,,,,23:39,,23:43,,,23:51,,,,23:57,,,00:05
1901,,,,,,,22:28,22:37,22:40,,,,,,,,,,,,,,,22:45,22:50,22:53,22:56,23:01,23:05,23:11,23:15,23:20,23:23,23:26,23:29,23:32,23:37,23:40,23:43,23:47,23:51,23:54,23:57,00:00,00:02,00:04,00:07,00:10,00:13
1902,,,,,,,,,,,,,,,21:56,22:04,22:11,22:15,22:19,22:28,22:36,22:40,22:43,22:49,22:54,22:57,23:00,23:05,23:09,23:15,23:19,,,,,,,,,,,,,,,,,,
1903,,,,22:13,22:21,22:29,22:37,22:43,22:47,,,,,,,,,,,,,,,22:53,22:58,23:01,23:04,23:09,23:13,23:19,23:23,23:28,23:31,23:34,23:37,23:40,23:45,23:48,23:51,23:55,23:59,00:02,00:05,00:08,00:10,00:12,00:15,00:18,00:21
1904,,,,,,,,,,21:41,21:45,21:49,21:52,21:59,22:07,22:15,22:22,22:26,22:30,22:39,22:47,22:51,22:54,22:59,23:05,23:08,23:11,23:16,23:20,23:26,23:30,23:34,23:37,23:40,23:43,23:46,23:51,23:54,23:57,00:01,00:05,00:08,00:11,00:14,00:16,00:18,00:21,00:24,00:27
1905,,,,,,,,,,,,,,,,,,,,,22:52,22:58,23:01,23:07,23:12,23:15,23:18,23:23,23:27,23:33,23:37,23:41,23:44,23:47,23:50,23:53,23:58,00:01,00:04,00:08,00:12,00:15,00:18,00:21,00:23,00:25,00:28,00:31,00:34
1906,,,,,,,22:55,23:04,23:07,,,,,,,,,,,,,,,23:12,23:17,23:20,23:23,23:28,23:32,23:38,23:42,23:46,23:49,23:52,23:55,23:58,00:03,00:06,00:09,,,,,,,,,,
1907,,,,,,,,,,,,,,,,,,,,23:04,23:13,23:17,23:20,23:26,23:31,23:34,23:37,23:42,23:46,23:52,23:56,,,,,,,,,,,,,,,,,,
1908,,,,,,,23:13,23:22,23:25,,,,,,,,,,,,,,,23:30,23:35,23:38,23:41,23:46,23:50,23:56,00:00,00:04,00:07,00:10,00:13,00:16,00:21,00:24,00:27,00:31,00:35,00:38,,,,,,,
1909,,,,,,,,,,,,,,,,,,,,,,,,23:36,23:43,23:46,23:49,23:54,23:58,00:04,00:08,00:12,00:15,00:18,00:21,00:24,00:29,00:32,00:35,,,,,,,,,,
1910,,,,,,,,,,,,,,,22:45,22:54,23:01,23:05,23:09,23:18,23:26,23:30,23:33,23:40,23:47,23:50,23:53,23:58,00:02,00:08,00:12,00:16,00:19,00:22,00:25,00:28,00:33,00:36,00:39,00:43,00:47,00:50,00:52,00:55,00:57,00:59,01:02,01:05,01:08
1911,,,,,,,,,,,,,,,,,,,,,,,,23:43,23:50,23:53,23:56,00:01,00:05,00:11,00:15,,,,,,,,,,,,,,,,,,
1912,22:35,22:51,23:03,23:12,23:18,23:26,23:34,23:42,23:45,,,,,,,,,,,,,,,23:51,23:57,00:00,00:03,00:08,00:12,00:18,00:22,00:26,00:29,00:32,00:35,00:38,00:43,00:46,00:49,00:53,00:57,01:00,01:02,01:05,01:07,01:09,01:12,01:15,01:18
1913,,,,,,,,,,,,,,,,,,,,,,,,23:58,00:04,00:07,00:10,00:15,00:19,00:25,00:29,,,,,,,,,,,,,,,,,,
1914,,,,,,,23:45,23:54,23:57,,,,,,,,,,,,,,,00:02,00:07,00:10,00:13,00:18,00:22,00:28,00:32,00:36,00:39,00:42,00:45,00:48,00:53,00:56,00:59,,,,,,,,,,
1915,,,,,,,,,,,,,,,,,,,,23:45,23:55,23:59,00:02,00:09,00:14,00:17,00:20,00:25,00:29,00:35,00:39,00:43,00:46,00:49,00:52,00:55,01:00,01:03,01:06,01:10,01:14,01:17,01:19,01:22,01:24,01:26,01:29,01:32,01:35
1916,,,,,,,,,,,,,,,,,,,,23:58,00:07,00:11,00:14,00:20,00:25,00:28,00:31,00:36,00:40,00:46,00:50,,,,,,,,,,,,,,,,,,
1917,,,,,,,,,,23:20,23:24,23:28,23:31,23:38,23:45,,,,,,,,,,,,,,,,,,,,,,,,,,,,,,,,,,
1918,,,,23:47,23:53,00:01,00:08,00:14,00:18
