,76,70,89,16,19,23,86,24,71,97,60,112,34,113,46,10,78,74,99,42,77,28,61,31,98,43,116,103,2,7,107,96,81,12,47,83,49,30,63,57,95,3,101,51,111,5,6,55,48
1117,00:02,00:05,00:07,00:10,00:12,00:14,00:17,00:20,00:23,00:27,00:31,00:34,00:37,00:42,00:45,00:47,00:50,00:53,00:57,01:01,01:07,01:11,01:16,01:19,01:22,01:28,01:33,01:36,01:42,,,,,,,,,,,,,,,,,,,,
1118,00:14,00:17,00:19,00:22,00:24,00:26,00:29,00:32,00:35,00:39,00:43,00:46,00:49,00:54,00:57,00:59,01:02,01:05,01:09,01:13,01:19,01:23,01:28,01:31,01:34,01:40,,,,,,,,,,,,,,,01:45,01:48,01:55,02:03,02:11,02:17,02:26,02:38,02:55
1119,00:18,00:21,00:23,00:26,00:28,00:30,00:33,00:36,00:39,00:43,00:47,,,,,,,,,,,,,,,,,,,,,,,,,,,,,,,,,,,,,,
1120,00:25,00:28,00:30,00:33,00:35,00:37,00:40,00:43,00:46,00:50,00:54,00:57,01:00,01:05,01:08,01:10,01:13,01:16,01:21,,,,,,,,,,,,,,,,,,,,,,,,,,,,,,
1121,00:34,00:37,00:39,00:42,00:44,00:46,00:49,00:51,00:54,00:58,01:02,,,,,,,,,,,,,,,,,,,,,,,,,,,,,,,,,,,,,,
1122,00:38,00:41,00:43,00:46,00:48,00:50,00:53,00:55,00:58,01:02,01:06,01:09,01:12,01:17,01:20,01:22,01:25,01:28,01:32,01:36,01:42,01:46,01:51,01:54,01:57,02:03,02:08,02:11,02:15,02:23,02:33,02:37,02:41,02:48,02:57,,,,,,,,,,,,,,
1123,,,,,,,,,,,,,,,,,,,,,,,,,,05:10,,,,,,,,,,,,,,,05:15,05:18,05:25,05:33,05:41,05:50,,,
1124,,,,,,,,,,,,,,,,,,,,,,,,,,,,,,,,,,,05:30,05:35,05:42,05:45,05:49,05:55,,,,,,,,,
1125,,,,,,,,,,,,,,,,,,,04:59,05:03,05:09,05:13,05:18,05:21,05:24,05:30,05:35,05:38,05:42,05:50,06:00,06:04,06:08,06:15,06:24,,,,,,,,,,,,,,
1126,04:05,04:08,04:10,04:13,04:15,04:17,04:20,04:23,04:25,04:29,04:34,04:37,04:40,04:45,04:48,04:51,04:54,04:57,05:03,05:07,05:13,05:17,05:22,05:25,05:28,05:34,,,,,,,,,,,,,,,05:39,05:42,05:49,05:57,06:05,06:14,06:23,06:35,06:52
1127,,,,,,,,,,,,04:47,04:50,04:55,04:58,05:01,05:04,05:07,05:11,05:15,05:21,05:25,05:30,05:33,05:36,05:42,,,,,,,,,,,,,,,05:47,05:50,05:59,,,,,,
1128,04:19,04:22,04:24,04:27,04:29,04:31,04:34,04:37,04:39,04:43,04:48,04:51,04:54,04:59,05:02,05:05,05:08,05:11,05:15,05:19,05:25,05:29,05:34,05:37,05:40,05:46,05:51,05:54,05:58,06:06,06:16,06:20,06:24,06:31,06:41,06:46,06:53,06:56,07:00,07:06,,,,,,,,,
1129,,,,,,,,,,,,,,,,,,,05:23,05:27,05:33,05:37,05:42,05:45,05:48,05:54,05:59,06:02,06:06,06:14,06:24,06:28,06:32,06:39,06:48,,,,,,,,,,,,,,
1130,,,,,,,,,,,,05:12,05:15,05:20,05:23,05:26,05:29,05:32,05:36,05:40,05:46,05:50,05:55,05:58,06:01,06:07,,,,,,,,,,,,,,,06:12,06:15,06:24,,,,,,
1131,04:44,04:47,04:49,04:52,04:54,04:56,04:59,05:02,05:04,05:08,05:13,05:16,05:19,05:24,05:27,05:30,05:33,05:36,05:40,05:44,05:50,05:54,05:59,06:02,06:05,06:11,06:16,06:19,06:23,06:31,06:41,06:45,06:49,06:56,07:05,,,,,,,,,,,,,,
1132,,,,,,,,,,,,05:24,05:27,05:32,05:35,05:38,05:41,05:44,05:48,05:52,05:58,06:02,06:07,06:10,06:13,06:19,06:24,06:27,06:31,06:41,,,,,,,,,,,,,,,,,,,
1133,05:00,05:03,05:05,05:08,05:10,05:12,05:15,05:18,05:20,05:24,05:29,05:32,05:35,05:40,05:43,05:46,05:49,05:52,05:56,06:00,06:06,06:10,06:15,06:18,06:21,06:27,,,,,,,,,,,,,,,06:32,06:35,06:42,06:50,06:58,07:04,07:13,07:25,07:42
1134,,,,,,,,,,,,05:36,05:39,05:44,05:47,05:50,05:53,05:56,06:00,06:04,06:10,06:14,06:19,06:22,06:25,06:31,06:36,06:39,06:45,,,,,,,,,,,,,,,,,,,,
1135,05:14,05:17,05:19,05:22,05:24,05:26,05:29,05:32,05:34,05:38,05:43,05:46,05:49,05:54,05:57,06:00,06:03,06:06,06:10,06:14,06:20,06:24,06:29,06:32,06:35,06:41,,,,,,,,,,,,,,,06:46,06:49,06:56,07:04,07:12,07:20,,,
1136,05:18,05:21,05:23,05:26,05:28,05:30,05:33,05:36,05:38,05:42,05:47,05:50,05:53,05:58,06:01,06:04,06:07,06:10,06:14,06:18,06:24,06:28,06:33,06:36,06:39,06:46,06:51,06:54,06:58,07:06,07:16,07:20,07:24,07:31,07:40,,,,,,,,,,,,,,
1137,,,,,,,,,,,,05:58,06:01,06:06,06:09,06:12,06:15,06:18,06:22,06:26,06:32,06:36,06:41,06:44,06:47,06:53,,,,,,,,,,,,,,,06:58,07:01,07:10,,,,,,
1138,05:30,05:33,05:35,05:38,05:40,05:42,05:45,05:48,05:50,05:54,05:59,06:02,06:05,06:10,06:13,06:16,06:19,06:22,06:26,06:30,06:36,06:40,06:45,06:48,06:51,06:57,07:02,07:05,07:11,,,,,,,,,,,,,,,,,,,,
1139,05:34,05:37,05:39,05:42,05:44,05:46,05:49,05:52,05:55,05:59,06:03,06:06,06:09,06:14,06:17,06:20,06:23,06:26,06:30,06:34,06:40,06:44,06:49,06:52,06:55,07:01,,,,,,,,,,,,,,,,,,,,,,,
1140,05:42,05:45,05:47,05:50,05:52,05:54,05:57,06:00,06:02,06:06,06:11,06:14,06:17,06:22,06:25,06:28,06:31,06:34,06:38,06:42,06:48,06:52,06:57,07:00,07:03,07:09,07:14,07:17,07:23,,,,,,,,,,,,,,,,,,,,
1141,,,,,,,,,,,,06:18,06:21,06:26,06:29,06:32,06:35,06:38,06:42,06:46,06:52,06:56,07:01,07:04,07:07,07:13,,,,,,,,,,,,,,,,,,,,,,,
1142,05:52,05:55,05:57,06:00,06:02,06:04,06:07,06:10,06:12,06:16,06:21,06:24,06:27,06:32,06:35,06:38,06:41,06:44,06:48,06:52,06:58,07:02,07:07,07:10,07:13,07:20,,,,,,,,,,,,,,,07:25,07:28,07:37,,,,,,
1143,05:56,05:59,06:01,06:04,06:06,06:08,06:11,06:14,06:17,06:21,06:25,06:28,06:31,06:36,06:39,06:42,06:45,06:48,06:52,06:56,07:02,07:06,07:11,07:14,07:17,07:23,,,,,,,,,,,,,,,,,,,,,,,
1144,06:04,06:07,06:09,06:12,06:14,06:16,06:19,06:22,06:24,06:28,06:33,06:36,06:39,06:44,06:47,06:50,06:53,06:56,07:00,07:04,07:10,07:14,07:19,07:22,07:25,07:33,,,,,,,,,,,,,,,07:38,07:41,07:49,07:58,08:07,08:16,,,
1145,06:06,,,06:14,,,,06:20,,,06:28,,,,,,,,06:45,,,,,06:58,,07:07,,,,,,,,,,,,,,,,,,,,,,,
1146,,,,,,,,,,,,06:40,06:43,06:48,06:51,06:54,06:57,07:00,07:04,07:08,07:14,07:18,07:23,07:26,07:29,07:35,,,,,,,,,,,,,,,,,,,,,,,
1147,06:12,06:15,06:17,06:20,06:22,06:24,06:27,06:30,06:33,06:37,06:41,06:44,06:47,06:52,06:55,06:58,07:01,07:04,07:08,07:12,07:18,07:22,07:27,07:30,07:33,07:40,07:45,07:48,07:54,,,,,,,,,,,,,,,,,,,,
1148,06:16,,,06:23,,,,06:30,,,06:37,,06:41,,,,,,06:56,,,,,07:08,,07:16,07:21,07:24,07:28,07:36,07:46,07:50,07:54,08:01,08:10,,,,,,,,
1149,,,,,,,,,,,,,,,,,,,,,,,,,,,,,,,,,,,08:15,08:20,08:27,08:30,08:34,08:40,,,
1150,06:17,06:20,06:22,06:25,06:27,06:29,06:32,06:35,06:38,06:42,06:46,06:49,06:52,06:57,07:00,07:03,07:06,07:09,07:13,07:17,07:23,07:27,07:32,07:36,,,,,,,,,,,,,,,,,,,
1151,06:21,06:24,06:26,06:29,06:31,06:33,06:36,06:39,06:42,06:46,06:50,06:53,06:56,07:01,07:04,07:07,07:10,07:13,07:17,07:21,07:27,07:31,07:36,07:39,07:42,07:48,,,,,,,,,,,,,,,,,
1152,06:25,06:28,06:30,06:33,06:35,06:37,06:40,06:43,06:46,06:50,06:54,06:57,07:00,07:05,07:08,07:11,07:14,07:17,07:21,07:25,07:31,07:35,07:40,07:43,07:46,07:53,,,,,,,,,,,,,,,07:58,08:01,08:10
1153,06:28,,,06:35,,,,06:41,,,06:48,,,06:56,,,,07:04,07:08,,,,,07:20,,07:27,07:32,07:35,07:39,07:47,,,,,,,,,,,,,
1154,06:33,06:36,06:38,06:41,06:43,06:45,06:48,06:51,06:54,06:58,07:02,07:05,07:08,07:13,07:16,07:19,07:22,07:25,07:29,07:33,07:39,07:43,07:48,07:51,07:54,08:00,,,,,,,,,,,,,,,,,
1155,06:37,06:40,06:42,06:45,06:47,06:49,06:52,06:55,06:58,07:02,07:06,07:09,07:12,07:17,07:20,07:23,07:26,07:29,07:33,07:37,07:43,07:47,07:52,07:57,,,,,,,,,,,,,,,,,,,
1156,06:41,06:44,06:46,06:49,06:51,06:53,06:56,06:59,07:02,07:06,07:10,07:13,07:16,07:21,07:24,07:27,07:30,07:33,07:38,07:42,07:48,07:52,07:57,08:02,08:05,08:12,,,,,,,,,,,,,,,,,
1157,06:45,06:48,06:50,06:53,06:55,06:57,07:00,07:03,,,07:12,,07:16,,,,,07:26,07:30,,,,,07:42,,07:50,07:55,07:58,08:02,08:10,08:19,08:23,08:27,08:34,08:43,,,,,,,,
1158,,,,,,,,,,,,07:17,07:20,07:25,07:28,07:31,07:34,07:37,07:42,07:48,07:54,07:58,08:03,08:07,08:10,08:18,08:23,08:26,08:30,08:39,,,,,,,,,,,,,
1159,06:49,06:52,06:54,06:57,06:59,07:01,07:04,07:07,07:10,07:14,07:18,07:21,07:24,07:29,07:32,07:35,07:38,07:41,07:46,,,,,,,,,,,,,,,,,,,,,,,,
1160,06:51,,,06:59,,,,07:07,,,07:16,,07:20,,,,,,07:35,,,,,07:48,,07:57,08:02,08:05,08:15,,,,,,,,,,,,,,
1161,06:53,06:56,06:58,07:01,07:03,07:05,07:08,07:11,07:14,07:18,07:22,07:25,07:28,07:33,07:36,07:39,07:42,07:45,07:49,07:53,07:59,08:03,08:08,08:11,08:14,08:20,,,,,,,,,,,,,,,,,
1162,06:57,07:00,07:02,07:05,07:07,07:09,07:12,07:15,07:18,07:22,07:26,07:29,07:32,07:37,07:40,07:43,07:46,07:49,07:54,,,,,,,,,,,,,,,,,,,,,,,,
1163,07:01,07:04,07:06,07:09,07:11,07:13,07:16,07:19,07:22,07:26,07:30,07:33,07:36,07:41,07:44,07:47,07:50,07:53,07:58,08:02,08:08,08:12,08:17,08:20,08:23,08:30,,,,,,,,,,,,,,,08:35,08:38,08:47
1164,07:05,,,07:12,,,,07:18,,,07:26,,07:30,,,,,,07:45,,,,,07:57,,08:05,,,,,,,,,,,,,,,08:10,08:13,08:20,08:28,08:36,08:42,08:51,09:03,09:20
1165,,,,,,,,,,,,07:37,07:40,07:45,07:48,07:51,07:54,07:57,08:02,08:06,08:12,08:16,08:21,08:24,,,,,,,,,,,,,,,,,,,,,,,,,
1166,07:09,07:12,07:14,07:17,07:19,07:21,07:24,07:27,07:30,07:34,07:38,07:41,07:44,07:49,07:52,07:55,07:58,08:01,08:06,,,,,,,,,,,,,,,,,,,,,,,,,,,,,,
1167,07:13,07:16,07:18,07:21,07:23,07:25,07:28,07:31,07:34,07:38,07:42,07:45,07:48,07:53,07:56,07:59,08:02,08:05,08:09,08:13,08:19,08:23,08:28,08:31,08:34,08:40,,,,,,,,,,,,,,,,,,,,,,,
1168,07:16,,,07:23,,,,07:29,,,07:36,,07:40,,,,,,07:54,07:58,08:04,08:08,08:13,08:16,08:19,08:25,,,,,,,,,,,,,,,08:30,08:33,08:40,08:48,08:56,09:05,,,
1169,07:21,07:24,07:26,07:29,07:31,07:33,07:36,07:39,07:42,07:46,07:50,07:53,07:56,08:01,08:04,08:07,08:10,08:13,08:18,,,,,,,,,,,,,,,,,,,,,,,,,,,,,,
1170,07:25,07:28,07:30,07:33,07:35,07:37,07:40,07:43,07:46,07:50,07:54,07:57,08:00,08:05,08:08,08:11,08:14,08:17,08:21,08:25,08:31,08:35,08:40,08:43,08:46,08:52,,,,,,,,,,,,,,,,,,,,,,,
1171,07:26,,,07:33,,,,07:39,,,07:46,,07:50,,,,,08:00,08:05,,,,,08:18,,08:26,08:31,08:34,08:40,,,,,,,,,,,,,,,,,,,,
1172,07:32,,,07:39,,,,07:45,,,07:52,,07:56,,,08:04,,,08:11,,,,,08:24,,08:32,,,,,,,,,,,,,,,,,,,,,,,
1173,,,,,,,,07:48,07:51,07:55,07:59,08:02,08:05,08:10,08:13,08:16,08:19,08:22,08:27,,,,,,,,,,,,,,,,,,,,,,,,,,,,,,
1174,07:36,07:39,07:41,07:44,07:46,07:48,07:51,07:54,07:57,08:01,08:05,08:08,08:11,08:16,08:19,08:22,08:25,08:28,08:32,08:36,08:42,08:46,08:51,08:55,,,,,,,,,,,,,,,,,,,,,,,,,
1175,07:40,07:43,07:45,07:48,07:50,07:52,07:55,07:58,08:01,08:05,08:09,08:12,08:15,08:20,08:23,08:26,08:29,08:32,08:36,08:40,08:46,08:50,08:55,08:58,09:01,09:07,,,,,,,,,,,,,,,09:12,09:15,09:22,09:30,09:38,09:47,,,
1176,07:44,07:47,07:49,07:52,07:54,07:56,07:59,08:02,08:05,08:09,08:13,08:16,08:19,08:24,08:27,08:30,08:33,08:36,08:41,,,,,,,,,,,,,,,,,,,,,,,,,,,,,,
1177,07:49,07:52,07:54,07:57,07:59,08:01,08:04,08:07,08:10,08:14,08:18,08:21,08:24,08:29,08:32,08:35,08:38,08:41,08:45,08:49,08:55,08:59,09:04,09:07,09:10,09:16,,,,,,,,,,,,,,,,,,,,,,,
1178,07:50,,,07:57,,,,08:03,,,08:10,,08:14,,,,,08:24,08:29,,,,,08:42,,08:50,08:55,08:58,09:02,09:10,09:19,09:23,09:27,09:34,09:43,09:48,09:55,09:58,10:02,10:08,,,,,,,,,
1179,07:55,,,08:02,,,,08:08,,,08:15,,08:19,,,08:26,,,08:34,,,,,08:47,,08:55,09:00,09:03,09:07,09:16,,,,,,,,,,,,,,,,,,,
1180,,,,,,,,,,,08:22,08:25,08:28,08:33,08:36,08:39,08:42,08:45,08:49,08:53,08:59,09:03,09:08,09:11,09:14,09:20,,,,,,,,,,,,,,,,,,,,,,,
1181,07:57,08:00,08:02,08:05,08:07,08:09,08:12,08:15,08:18,08:22,08:26,08:29,08:32,08:37,08:40,08:43,08:46,08:49,08:54,,,,,,,,,,,,,,,,,,,,,,,,,,,,,,
1182,08:05,08:08,08:10,08:13,08:15,08:17,08:20,08:23,08:26,08:30,08:34,08:37,08:40,08:45,08:48,08:51,08:54,08:57,09:01,09:05,09:11,09:15,09:20,09:23,09:26,09:32,,,,,,,,,,,,,,,,,,,,,,,
1183,08:09,08:12,08:14,08:17,08:19,08:21,08:24,08:27,08:30,08:34,08:38,08:41,08:44,08:49,08:52,08:55,08:58,09:01,09:06,,,,,,,,,,,,,,,,,,,,,,,,,,,,,,
1184,08:13,08:16,08:18,08:21,08:23,08:25,08:28,08:31,08:34,08:38,08:42,08:45,08:48,08:53,08:56,08:59,09:02,09:05,09:10,,,,,,,,,,,,,,,,,,,,,,,,,,,,,,
1185,08:17,08:20,08:22,08:25,08:27,08:29,08:32,08:35,08:38,08:42,08:46,08:49,08:52,08:57,09:00,09:03,09:06,09:09,09:13,09:17,09:23,09:27,09:32,09:35,09:38,09:44,,,,,,,,,,,,,,,,,,,,,,,
1186,08:21,08:24,08:26,08:29,08:31,08:33,08:36,08:39,08:42,08:46,08:50,08:53,08:56,09:01,09:04,09:07,09:10,09:13,09:19,,,,,,,,,,,,,,,,,,,,,,,,,,,,,,
1187,08:24,,,08:31,,,,08:37,,,08:44,,08:48,,,,,,09:01,,,,,09:13,,09:20,09:25,09:28,09:34,,,,,,,,,,,,,,,,,,,,
1188,08:25,08:28,08:30,08:33,08:35,08:37,08:40,08:43,08:46,08:50,08:54,08:57,09:00,09:05,09:08,09:11,09:14,09:17,09:22,09:26,09:32,09:36,09:41,09:46,,,,,,,,,,,,,,,,,,,,,,,,,
1189,08:28,,,08:35,,,,08:41,,,08:49,,08:54,,,,,09:04,09:08,,,,,09:21,,09:30,,,,,,,,,,,,,,,,,,,,,,,
1190,,,,,,,,08:44,,,08:52,,08:57,,,,,,09:13,,,,,,,,,,,,,,,,,,,,,,,,,,,,,,
1191,08:29,08:32,08:34,08:37,08:39,08:41,08:44,08:47,08:50,08:54,08:58,09:01,09:04,09:09,09:12,09:15,09:18,09:21,09:28,,,,,,,,,,,,,,,,,,,,,,,,,,,,,,
1192,08:33,,,08:40,,,,08:47,,,08:55,,09:00,,,,,09:10,09:15,,,,,09:27,,09:34,09:39,09:42,09:46,09:55,,,,,,,,,,,,,,,,,,,
1193,08:33,08:36,08:38,08:41,08:43,08:45,08:48,08:51,08:54,08:58,09:02,,,,,,,,,,,,,,,,,,,,,,,,,,,,,,,,,,,,,,
1194,08:36,,,08:43,,,,08:50,,,08:58,,09:02,,,,,,09:18,,,,,09:30,,09:39,,,,,,,,,,,,,,,09:44,09:47,09:54,10:02,10:10,10:16,10:25,10:37,10:54
1195,08:37,08:40,08:42,08:45,08:47,08:49,08:52,08:55,08:58,09:02,09:06,09:09,09:12,09:17,09:20,09:23,09:26,09:29,09:33,09:37,09:43,09:47,09:52,09:55,09:58,10:04,,,,,,,,,,,,,,,,,,,,,,,
1196,08:41,08:44,08:46,08:49,08:51,08:53,08:56,08:59,09:02,09:06,09:10,09:13,09:16,,,,,,,,,,,,,,,,,,,,,,,,,,,,,,
1197,08:45,08:48,08:50,08:53,08:55,08:57,09:00,09:03,09:06,09:10,09:14,,,,,,,,,,,,,,,,,,,,,,,,,,,,,,,,
1198,08:46,,,08:53,,,,09:00,,,09:08,,09:12,,,,,09:22,09:27,,,,,09:39,,09:47,09:52,09:55,09:59,10:07,10:16,10:20,10:24,10:31,10:40,,,,,,,,
1199,,,,,,,,,,,,,,,,,,,,,,,,,,,,,,,,,,,10:55,11:00,11:07,11:10,11:14,11:20,,,
1200,08:50,,,08:57,,,,09:03,,,09:11,,09:15,,,09:22,,,09:30,,,,,09:42,,09:51,09:56,09:59,10:05,,,,,,,,,,,,,,
1201,08:49,08:52,08:54,08:57,08:59,09:01,09:04,09:07,09:10,09:14,09:18,09:21,09:24,09:29,09:32,09:35,09:38,09:41,09:47,,,,,,,,,,,,,,,,,,,,,,,,
1202,08:53,,,,,,,09:06,,,09:14,,,09:22,,,,09:31,09:37,,,,,,,,,,,,,,,,,,,,,,,,
1203,08:53,08:56,08:58,09:01,09:03,09:05,09:08,09:11,09:14,09:18,09:22,09:25,09:28,09:33,09:36,09:39,09:42,09:45,09:50,09:54,10:00,10:04,10:09,10:12,10:15,10:21,,,,,,,,,,,,,,,,,
1204,08:57,,,09:04,,,,09:10,,,09:18,,09:22,,,09:29,,,09:38,09:42,09:48,09:52,09:57,10:00,10:03,10:09,,,,,,,,,,,,,,,,,
1205,08:58,09:01,09:03,09:06,09:08,09:10,09:13,09:16,09:19,09:23,09:27,,,,,,,,,,,,,,,,,,,,,,,,,,,,,,,,
1206,09:01,,,,,,,09:14,,,09:22,,,,,,,09:36,09:43,,,,,,,,,,,,,,,,,,,,,,,,
1207,09:02,09:05,09:07,09:10,09:12,09:14,09:17,09:20,09:23,09:27,09:31,09:34,09:37,09:42,09:45,09:48,09:51,09:54,10:00,,,,,,,,,,,,,,,,,,,,,,,,
1208,09:04,,,09:11,,,,09:17,,,09:25,,09:29,,,09:37,,,09:46,,,,,09:58,,10:05,10:10,10:13,10:17,10:26,,,,,,,,,,,,,
1209,09:07,09:10,09:12,09:15,09:17,09:19,09:22,09:25,09:28,09:32,09:36,09:39,09:42,,,,,,,,,,,,,,,,,,,,,,,,,,,,,,
1210,09:08,,,09:15,,,,09:21,,,09:29,,,09:37,,,,09:45,09:50,,,,,10:02,,10:09,,,,,,,,,,,,,,,10:14,10:17,10:26
1211,09:12,,,09:19,,,,09:25,,,09:33,,09:37,,,09:45,,,09:54,,,,,10:06,,10:13,10:18,10:21,10:27,,,,,,,,,,,,,,
1212,09:13,09:16,09:18,09:21,09:23,09:25,09:28,09:31,09:34,09:38,09:42,09:45,09:48,09:53,09:56,09:59,10:02,10:05,10:09,10:13,10:19,10:23,10:28,10:31,10:34,10:40,,,,,,,,,,,,,,,,,,,,
1213,09:16,,,,,,,09:28,,,09:36,,09:40,,,,,,09:56,,,,,,,,,,,,,,,,,,,,,,,,,,,
1214,09:17,09:20,09:22,09:25,09:27,09:29,09:32,09:35,09:38,09:42,09:46,09:49,09:52,09:57,10:00,10:03,10:06,10:09,10:13,10:17,10:23,10:27,10:32,10:35,,,,,,,,,,,,,,,,,,,,,,
1215,09:19,,,09:26,,,,09:32,,,09:40,,,09:48,,,,09:56,10:01,10:06,10:12,10:16,10:21,10:24,10:27,10:33,,,,,,,,,,,,,,,10:38,10:41,10:50,,,
1216,09:21,09:24,09:26,09:29,09:31,09:33,09:36,09:39,09:42,09:46,09:50,09:53,09:57,10:02,10:05,10:08,10:11,10:14,10:19,,,,,,,,,,,,,,,,,,,,,,,,,,,
1217,09:23,,,09:30,,,,09:36,,,09:44,,09:48,,,09:56,,,10:05,,,,,10:17,,10:24,10:29,10:32,10:36,10:45,,,,,,,,,,,,,,,,
1218,09:24,09:27,09:29,09:32,09:34,09:36,09:39,09:43,09:47,09:51,09:55,,,,,,,,,,,,,,,,,,,,,,,,,,,,,,,,,,,
1219,09:26,,,09:33,,,,09:39,,,09:47,,,09:55,,,,10:03,10:08,,,,,10:20,,10:28,,,,,,,,,,,,,,,10:33,10:36,10:43,10:51,10:59,11:08
1220,,,,,,,,09:46,09:50,09:54,09:58,10:01,10:05,10:10,10:13,10:16,10:19,10:22,10:27,10:32,10:38,10:42,10:47,10:50,10:53,10:59,,,,,,,,,,,,,,,,,,,,
1221,09:30,,,09:37,,,,09:43,,,09:51,,09:55,,,10:03,,,10:12,,,,,10:24,,10:33,10:38,10:41,10:45,10:53,11:02,11:06,11:10,11:17,11:26,,,,,,,,,,,
1222,,,,,,,,,,,,,,,,,,,,,,,,,,,,,,,,,,,12:05,12:10,12:17,12:20,12:24,12:30,,,,,,
1223,09:30,09:33,09:35,09:38,09:40,09:42,09:45,09:49,09:53,09:57,10:01,10:04,10:08,10:13,10:16,10:19,10:22,10:25,10:30,10:35,10:41,10:45,10:50,10:53,,,,,,,,,,,,,,,,,,,,,,
1224,09:33,,,09:40,,,,09:46,,,09:54,,10:01,10:06,10:09,10:12,10:15,10:18,10:23,,,,,,,,,,,,,,,,,,,,,,,,,,,
1225,09:35,09:38,09:40,09:43,09:45,09:47,09:50,09:53,09:57,10:01,10:05,10:08,10:11,10:16,10:19,10:22,10:25,10:28,10:33,10:38,10:44,10:48,10:53,10:56,10:59,11:05,,,,,,,,,,,,,,,,,,,,
1226,09:37,,,09:44,,,,09:50,,,09:58,,10:02,,,10:10,,,10:19,10:24,10:30,10:34,10:39,10:42,10:45,10:51,,,,,,,,,,,,,,,10:56,10:59,11:08,,,
1227,09:39,09:42,09:44,09:47,09:49,09:51,09:54,09:57,10:00,10:04,10:08,10:11,10:14,10:19,10:22,10:25,10:28,10:31,10:37,,,,,,,,,,,,,,,,,,,,,,,,,,,
1228,09:41,,,09:48,,,,09:54,,,10:02,,,10:10,,,,10:18,10:22,,,,,10:34,,10:42,10:47,10:50,10:54,11:03,,,,,,,,,,,,,,,,,,,
1229,09:43,09:46,09:48,09:51,09:53,09:55,09:58,10:01,10:04,10:08,10:12,,,,,,,,,,,,,,,,,,,,,,,,,,,,,,,,,,,,,,
1230,09:44,,,09:51,,,,09:57,,,10:05,,10:09,,,,,10:21,10:25,,,,,10:37,,10:45,,,,,,,,,,,,,,,10:50 11,10:53 11,11:00 11,11:08,11:16,11:22,11:31,11:43,12:00
1231,09:47,09:50,09:52,09:55,09:57,09:59,10:02,10:05,10:08,10:12,10:16,10:19,10:22,10:27,10:30,10:33,10:36,10:39,10:43,10:47,10:53,10:57,11:02,11:05,11:08,11:14,,,,,,,,,,,,,,,:19,:22,:31,,,,,,
1232,09:48,,,09:55,,,,10:01,,,10:09,,,10:17,,,,,10:29,,,,,10:41,,10:50,10:55,10:58,11:04,,,,,,,,,,,,,,,,,,,,
1233,09:51,09:54,09:56,09:59,10:01,10:03,10:06,10:09,10:12,10:16,10:20,10:23,10:26,10:31,10:34,10:37,10:40,10:43,10:49,,,,,,,,,,,,,,,,,,,,,,,,,,,,,,
1234,09:52,,,09:59,,,,10:05,,,10:13,,10:17,,,,,10:27,10:34,,,,,,,,,,,,,,,,,,,,,,,,,,,,,,
1235,09:55,09:58,10:00,10:03,10:05,10:07,10:10,10:13,10:16,10:20,10:24,,,,,,,,,,,,,,,,,,,,,,,,,,,,,,,,,,,,,,
1236,10:01,10:04,10:06,10:09,10:11,10:13,10:16,10:19,10:22,10:26,10:30,10:33,10:36,10:41,10:44,10:47,10:50,10:53,10:57,11:01,11:07,11:11,11:16,11:19,11:22,11:28,11:33,11:36,11:42,,,,,,,,,,,,,,,,,,,,
1237,10:04,,,10:11,,,,10:17,,,10:25,,10:29,,,10:37,,,10:46,10:51,10:57,11:01,11:06,11:09,11:12,11:18,,,,,,,,,,,,,,,,,,,,,,,
1238,10:05,10:08,10:10,10:13,10:15,10:17,10:20,10:23,10:26,10:30,10:34,10:37,10:40,10:45,10:48,10:51,10:54,10:57,11:03,,,,,,,,,,,,,,,,,,,,,,,,,,,,,,
1239,10:08,,,10:15,,,,10:21,,,10:29,,,10:37,,,,10:45,10:50,,,,,11:02,,11:09,11:14,11:17,11:23,,,,,,,,,,,,,,,,,,,,
1240,10:09,10:12,10:14,10:17,10:19,10:21,10:24,10:27,10:30,10:34,10:38,,,,,,,,,,,,,,,,,,,,,,,,,,,,,,,,,,,,,,
1241,10:12,,,10:19,,,,10:25,,,10:33,,10:37,,,10:45,,,10:54,,,,,11:06,,11:14,11:19,11:22,11:26,11:35,,,,,,,,,,,,,,,,,,,
1242,10:13,10:16,10:18,10:21,10:23,10:25,10:28,10:31,10:34,10:38,10:42,10:45,10:48,10:53,10:56,10:59,11:02,11:05,11:10,11:16,11:22,11:26,11:31,11:34,11:37,11:43,,,,,,,,,,,,,,,,,,,,,,,
1243,10:16,,,10:23,,,,10:29,,,10:37,,10:44,10:49,10:52,10:55,10:58,11:01,11:06,,,,,,,,,,,,,,,,,,,,,,,,,,,,,,
1244,10:17,10:20,10:22,10:25,10:27,10:29,10:32,10:35,10:38,10:42,10:46,,,,,,,,,,,,,,,,,,,,,,,,,,,,,,,,,,,,,,
1245,10:20,,,10:27,,,,10:33,,,10:41,,10:46,,,,,10:56,11:00,,,,,11:13,,11:22,,,,,,,,,,,,,,,11:27,11:30,11:37,11:45,11:53,11:59,12:08,12:20,12:37
1246,10:21,10:24,10:26,10:29,10:31,10:33,10:36,10:39,10:42,10:46,10:50,10:53,10:56,11:01,11:04,11:07,11:10,11:13,11:17,11:21,11:27,11:31,11:36,11:39,11:42,11:48,,,,,,,,,,,,,,,11:53,11:56,12:05,,,,,,
1247,10:24,,,10:31,,,,10:37,,,10:45,,10:49,,,,,,11:03,11:08,11:14,11:18,11:23,11:27,,,,,,,,,,,,,,,,,,,,,,,,,
1248,10:25,10:28,10:30,10:33,10:35,10:37,10:40,10:43,10:46,10:50,10:54,10:57,11:00,11:05,11:08,11:11,11:14,11:17,11:23,,,,,,,,,,,,,,,,,,,,,,,,,,,,,,
1249,10:28,,,10:35,,,,10:41,,,10:49,,,10:57,,,,11:05,11:09,,,,,11:22,,11:32,11:37,11:40,11:45,11:54,,,,,,,,,,,,,,,,,,,
1250,,,,,,,,10:45,,,10:53,,10:58,,,,,,11:12,,,,,11:25,,11:33,,,,,,,,,,,,,,,,,,,,,,,
1251,,,,,,,,10:46,10:50,10:54,10:58,11:01,11:04,11:09,11:12,11:15,11:18,11:21,11:26,11:30,11:36,11:40,11:45,11:48,11:51,11:57,12:02,12:05,12:11,,,,,,,,,,,,,,,,,,,,
1252,10:29,10:32,10:34,10:37,10:39,10:41,10:44,10:49,10:53,10:57,11:01,,,,,,,,,,,,,,,,,,,,,,,,,,,,,,,,,,,,,,
1253,10:33,10:36,10:38,10:41,10:43,10:45,10:48,10:52,10:56,11:00,11:04,11:07,11:10,11:15,11:18,11:21,11:24,11:27,11:31,11:35,11:41,11:45,11:50,11:53,11:56,12:02,,,,,,,,,,,,,,,,,,,,,,,
1254,10:37,10:40,10:42,10:45,10:47,10:49,10:52,10:56,10:59,11:03,11:07,11:10,11:13,11:18,11:21,11:24,11:27,11:30,11:35,,,,,,,,,,,,,,,,,,,,,,,,,,,,,,
1255,10:43,10:46,10:48,10:51,10:53,10:55,10:58,11:02,11:05,11:09,11:13,11:16,11:19,11:24,11:27,11:30,11:33,11:37,11:43,11:48,11:54,11:58,12:03,12:06,12:09,12:15,,,,,,,,,,,,,,,,,,,,,,,
1256,10:44,,,10:51,,,,10:57,,,11:05,,11:10,,,11:18,,,11:25,,,,,11:38,,11:47,11:52,11:55,11:59,12:07,12:16,12:20,12:24,12:31,12:40,,,,,,,,,,,,,,
1257,10:47,10:50,10:52,10:55,10:57,10:59,11:02,11:06,11:09,11:13,11:17,11:20,11:23,11:28,11:31,11:34,11:37,11:40,11:46,11:51,11:57,12:01,12:06,12:10,,,,,,,,,,,,,,,,,,,,,,,,,
1258,10:48,,,10:55,,,,11:01,,,11:09,,,11:17,,,,11:25,11:29,,,,,11:42,,11:51,11:56,11:59,12:03,12:12,,,,,,,,,,,,,,,,,,,
1259,10:50,10:53,10:55,10:58,11:00,11:02,11:05,11:09,11:12,11:16,11:20,,,,,,,,,,,,,,,,,,,,,,,,,,,,,,,,,,,,,,
1260,,,,,,,,11:12,11:15,11:19,11:23,11:26,11:29,11:34,11:37,11:40,11:43,11:46,11:51,,,,,,,,,,,,,,,,,,,,,,,,,,,,,,
1261,10:56,10:59,11:01,11:04,11:06,11:08,11:11,11:15,11:19,11:23,11:27,11:30,11:33,11:38,11:41,11:44,11:47,11:50,11:55,11:59,12:05,12:09,12:14,12:17,12:20,12:26,,,,,,,,,,,,,,,12:31,12:34,12:43,,,,,,
1262,11:00,,,11:07,,,,11:13,,,11:21,,11:25,,,,,11:35,11:39,11:44,11:50,11:54,11:59,12:02,12:05,12:12,,,,,,,,,,,,,,,12:17,12:20,12:29,,,,,,
1263,11:00,11:03,11:05,11:08,11:10,11:12,11:15,11:19,11:23,11:27,11:31,11:34,11:37,11:42,11:45,11:48,11:51,11:54,11:59,12:03,12:09,12:13,12:18,12:21,12:24,12:30,,,,,,,,,,,,,,,,,,,,,,,
1264,11:04,11:07,11:09,11:12,11:14,11:16,11:19,11:23,11:27,11:31,11:35,11:38,11:41,11:46,11:49,11:52,11:55,11:58,12:03,,,,,,,,,,,,,,,,,,,,,,,,,,,,,,
1265,11:08,11:11,11:13,11:16,11:18,11:20,11:23,11:27,11:30,11:34,11:38,,,,,,,,,,,,,,,,,,,,,,,,,,,,,,,,,,,,,,
1266,11:12,11:15,11:17,11:20,11:22,11:24,11:27,11:30,11:33,11:37,11:41,11:44,11:47,11:52,11:55,11:58,12:01,12:04,12:08,12:12,12:18,12:22,12:27,12:30,12:33,12:39,12:44,12:47,12:53,,,,,,,,,,,,,,,,,,,,
1267,11:15,,,11:22,,,,11:28,,,11:36,,11:40,,,,,,11:55,,,,,12:08,,12:17,12:22,12:25,12:29,12:37,12:46,12:50,12:54,13:01,13:10,,,,,,,,,,,,,,
1268,,,,,,,,,,,,,,,,,,,,,,,,,,,,,,,,,,,13:20,13:25,13:32,13:35,13:39,13:45,,,,,,,,,
1269,11:16,11:19,11:21,11:24,11:26,11:28,11:31,11:34,11:37,11:41,11:45,11:48,11:51,11:56,11:59,12:02,12:05,12:08,12:13,,,,,,,,,,,,,,,,,,,,,,,,,,,,,,
1270,11:22,,,11:29,,,,11:35,,,11:43,,11:48,,,,,,12:02,12:07,12:13,12:17,12:22,12:25,12:28,12:34,,,,,,,,,,,,,,,12:39,12:42,12:49,12:57,13:05,13:11,13:20,13:32,13:49
1271,11:20,11:23,11:25,11:28,11:30,11:32,11:35,11:38,11:41,11:45,11:49,11:52,11:55,12:00,12:03,12:06,12:09,12:12,12:18,,,,,,,,,,,,,,,,,,,,,,,,,,,,,,
1272,11:26,11:29,11:31,11:34,11:36,11:38,11:41,11:44,11:47,11:51,11:55,11:58,12:01,12:06,12:09,12:12,12:15,12:18,12:22,12:26,12:32,12:36,12:41,12:44,12:47,12:53,,,,,,,,,,,,,,,12:58,13:01,13:10,,,,,,
1273,11:30,11:33,11:35,11:38,11:40,11:42,11:45,11:48,11:51,11:55,11:59,12:02,12:05,12:10,12:13,12:16,12:19,12:22,12:27,,,,,,,,,,,,,,,,,,,,,,,,,,,,,,
1274,11:34,11:37,11:39,11:42,11:44,11:46,11:49,11:52,11:55,11:59,12:03,12:06,12:09,12:14,12:17,12:20,12:23,12:26,12:30,12:34,12:40,12:44,12:49,12:52,12:55,13:01,13:06,13:09,13:15,,,,,,,,,,,,,,,,,,,,
1275,11:38,,,11:45,,,,11:51,,,11:59,,12:03,,,,,12:13,12:17,12:22,12:28,12:32,12:37,12:40,12:43,12:49,,,,,,,,,,,,,,,,,,,,,,,
1276,11:43,11:46,11:48,11:51,11:53,11:55,11:58,12:01,12:04,12:08,12:12,12:15,12:18,12:23,12:26,12:29,12:32,12:35,12:41,,,,,,,,,,,,,,,,,,,,,,,,,,,,,,
1277,11:48,11:51,11:53,11:56,11:58,12:00,12:03,12:06,12:09,12:13,12:17,12:20,12:23,12:28,12:31,12:34,12:37,12:40,12:44,12:48,12:54,12:58,13:03,13:06,13:09,13:15,,,,,,,,,,,,,,,,,,,,,,,
1278,11:53,,,12:00,,,,12:06,,,12:14,,12:18,,,,,,12:33,,,,,12:46,,12:54,12:59,13:02,13:06,13:15,,,,,,,,,,,,,,,,,,,
1279,11:52,11:55,11:57,12:00,12:02,12:04,12:07,12:10,12:13,12:17,12:21,12:24,12:27,12:32,12:35,12:38,12:41,12:44,12:49,12:53,12:59,13:03,13:08,13:12,,,,,,,,,,,,,,,,,,,,,,,,,
1280,11:56,11:59,12:01,12:04,12:06,12:08,12:11,12:14,12:17,12:21,12:25,12:28,12:31,12:36,12:39,12:42,12:45,12:48,12:53,12:57,13:03,13:07,13:12,13:15,13:18,13:24,,,,,,,,,,,,,,,13:29,13:32,13:41,,,,,,
1281,12:00,12:03,12:05,12:08,12:10,12:12,12:15,12:18,12:21,12:25,12:29,12:32,12:35,12:40,12:43,12:46,12:49,12:52,12:58,,,,,,,,,,,,,,,,,,,,,,,,,,,,,,
1282,12:04,12:07,12:09,12:12,12:14,12:16,12:19,12:22,12:25,12:29,12:33,12:36,12:39,12:44,12:47,12:50,12:53,12:56,13:01,13:05,13:11,13:15,13:20,13:23,13:26,13:32,13:37,13:40,13:46,,,,,,,,,,,,,,,,,,,,
1283,,,,,,,,,,,,,,,,,,,13:05,13:10,13:16,13:20,13:25,13:28,13:31,13:37,13:42,13:45,13:49,13:58,,,,,,,,,,,,,,,,,,,
1284,12:12,12:15,12:17,12:20,12:22,12:24,12:27,12:30,12:33,12:37,12:41,12:44,12:47,12:52,12:55,12:58,13:01,13:04,13:09,13:14,13:20,13:24,13:29,13:32,13:35,13:40,,,,,,,,,,,,,,,,,,,,,,,
1285,12:16,12:19,12:21,12:24,12:26,12:28,12:31,12:34,12:37,12:41,12:45,12:48,12:51,12:56,12:59,13:02,13:05,13:08,13:14,,,,,,,,,,,,,,,,,,,,,,,,,,,,,,
1286,12:19,,,12:26,,,,12:32,,,12:40,,12:44,,,,,,12:59,,,,,13:12,,13:20,13:25,13:28,13:33,13:42,13:53,13:58,14:03,14:11,14:20,14:25,14:32,14:35,14:39,14:45,,,,,,,,,
1287,12:21,12:24,12:26,12:29,12:31,12:33,12:36,12:39,12:42,12:46,12:50,12:53,12:56,13:01,13:04,13:07,13:10,13:13,13:17,13:21,13:27,13:31,13:36,13:39,13:42,13:48,,,,,,,,,,,,,,,,,,,,,,,
1288,12:25,12:28,12:30,12:33,12:35,12:37,12:40,12:43,12:46,12:50,12:54,12:57,13:00,13:05,13:08,13:11,13:14,13:17,13:21,13:25,13:31,13:35,13:40,13:43,13:46,13:52,,,,,,,,,,,,,,,,,,,,,,,
1289,12:29,12:32,12:34,12:37,12:39,12:41,12:44,12:47,12:50,12:54,12:58,13:01,13:04,13:09,13:12,13:15,13:18,13:21,13:25,13:29,13:35,13:39,13:44,13:47,13:50,13:56,14:01,14:04,14:10,,,,,,,,,,,,,,,,,,,,
1290,12:33,,,12:40,,,,12:46,,,12:54,,12:58,,,,,13:08,13:13,13:18,13:24,13:28,13:33,13:36,13:39,13:45,,,,,,,,,,,,,,,13:50,13:53,14:00,14:08,14:16,14:22,14:31,14:43,15:00
1291,,,,,,,,12:50,12:54,12:58,13:02,13:05,13:08,13:13,13:16,13:19,13:22,13:25,13:29,13:33,13:39,13:43,13:48,13:51,,,,,,,,,,,,,,,,,,,,,,,,,
1292,12:37,12:40,12:42,12:45,12:47,12:49,12:52,12:55,12:58,13:02,13:06,13:09,13:12,13:17,13:20,13:23,13:26,13:29,13:35,,,,,,,,,,,,,,,,,,,,,,,,,,,,,,
1293,12:41,12:44,12:46,12:49,12:51,12:53,12:56,12:59,13:02,13:06,13:10,13:13,13:16,13:21,13:24,13:27,13:30,13:33,13:38,13:43,13:49,13:53,13:58,14:01,14:04,14:11,,,,,,,,,,,,,,,,,,,,,,,
1294,12:45,12:48,12:50,12:53,12:55,12:57,13:00,13:03,13:06,13:10,13:14,13:17,13:20,13:25,13:28,13:31,13:34,13:37,13:43,,,,,,,,,,,,,,,,,,,,,,,,,,,,,,
1295,12:50,12:53,12:55,12:58,13:00,13:02,13:05,13:08,13:11,13:15,13:19,13:22,13:25,13:30,13:33,13:36,13:39,13:42,13:46,13:50,13:56,14:00,14:05,14:08,14:11,14:17,14:22,14:25,14:31,,,,,,,,,,,,,,,,,,,,
1296,12:54,12:57,12:59,13:02,13:04,13:06,13:09,13:12,13:15,13:19,13:23,13:26,13:29,13:34,13:37,13:40,13:43,13:46,13:50,13:54,14:00,14:04,14:09,14:12,14:15,14:21,,,,,,,,,,,,,,,14:26,14:29,14:38,,,,,,
1297,12:55,,,13:02,,,,13:08,,,13:16,,13:20,,,,,13:30,13:34,13:39,13:45,13:49,13:54,13:57,14:00,14:06,,,,,,,,,,,,,,,14:11,14:14,14:21,14:29,14:37,14:46,,,
1298,13:00,,,13:07,,,,13:13,,,13:21,,13:26,,,,,,13:40,,,,,13:53,,14:01,,,,,,,,,,,,,,,,,,,,,,,
1299,13:01,13:04,13:06,13:09,13:11,13:13,13:16,13:19,13:22,13:26,13:30,13:33,13:36,13:41,13:44,13:47,13:50,13:53,13:57,14:02,14:08,14:12,14:17,14:20,14:23,14:30,,,,,,,,,,,,,,,,,,,,,,,
1300,13:09,13:12,13:14,13:17,13:19,13:21,13:24,13:27,13:30,13:34,13:38,13:41,13:44,13:49,13:52,13:55,13:58,14:01,14:07,,,,,,,,,,,,,,,,,,,,,,,,,,,,,,
1301,13:10,,,13:17,,,,13:23,,,13:31,,13:35,,,,,13:45,13:49,,,,,14:02,,14:11,14:16,14:19,14:23,14:31,14:40,14:44,14:48,14:55,15:04,,,,,,,,,,,,,,
1302,13:13,13:16,13:18,13:21,13:23,13:25,13:28,13:31,13:34,13:38,13:42,13:45,13:48,13:53,13:56,13:59,14:02,14:05,14:10,14:14,14:20,14:24,14:29,14:32,14:35,14:41,,,,,,,,,,,,,,,14:46,14:49,14:58,,,,,,
1303,13:17,13:20,13:22,13:25,13:27,13:29,13:32,13:35,13:38,13:42,13:46,13:49,13:52,13:57,14:00,14:03,14:06,14:09,14:14,14:18,14:24,14:28,14:33,14:36,14:39,14:45,14:50,14:53,14:57,15:06,,,,,,,,,,,,,,,,,,,
1304,13:21,13:24,13:26,13:29,13:31,13:33,13:36,13:39,13:42,13:46,13:50,13:53,13:56,14:01,14:04,14:07,14:10,14:13,14:18,14:22,14:28,14:32,14:37,14:40,14:43,14:49,,,,,,,,,,,,,,,,,,,,,,,
1305,13:25,13:28,13:30,13:33,13:35,13:37,13:40,13:43,13:46,13:50,13:54,13:57,14:00,14:05,14:08,14:11,14:14,14:17,14:22,14:26,14:32,14:36,14:41,14:44,14:47,14:54,14:59,15:02,15:08,,,,,,,,,,,,,,,,,,,,
1306,13:29,13:32,13:34,13:37,13:39,13:41,13:44,13:47,13:50,13:54,13:58,14:01,14:04,14:09,14:12,14:15,14:18,14:21,14:26,14:30,14:36,14:40,14:45,14:48,14:51,14:57,,,,,,,,,,,,,,,15:02,15:05,15:12,15:20,15:28,15:34,15:43,15:55,16:12
1307,13:33,13:36,13:38,13:41,13:43,13:45,13:48,13:51,13:54,13:58,14:02,14:05,14:08,14:13,14:16,14:19,14:22,14:25,14:30,14:34,14:40,14:44,14:49,14:52,14:55,15:01,,,,,,,,,,,,,,,,,,,,,,,
1308,13:37,13:40,13:42,13:45,13:47,13:49,13:52,13:55,13:58,14:02,14:06,14:09,14:12,14:17,14:20,14:23,14:26,14:29,14:35,,,,,,,,,,,,,,,,,,,,,,,,,,,
1309,13:40,,,13:47,,,,13:53,,,14:01,,14:05,,,,,14:15,14:20,,,,,14:32,,14:40,14:45,14:48,14:52,15:00,15:09,15:13,15:17,15:24,15:33,,,,,,,,,,,
1310,,,,,,,,,,,,,,,,,,,,,,,,,,,,,,,,,,,15:40,15:45,15:52,15:55,15:59,16:05,,,,,,
1311,13:41,13:44,13:46,13:49,13:51,13:53,13:56,13:59,14:02,14:06,14:10,14:13,14:16,14:21,14:24,14:27,14:30,14:33,14:38,14:42,14:48,14:52,14:57,15:00,15:03,15:09,,,,,,,,,,,,,,,15:14,15:17,15:24,15:32,15:40,15:49
1312,13:45,13:48,13:50,13:53,13:55,13:57,14:00,14:03,14:06,14:10,14:14,14:17,14:20,14:25,14:28,14:31,14:34,14:37,14:43,,,,,,,,,,,,,,,,,,,,,,,,,,,
1313,13:49,13:52,13:54,13:57,13:59,14:01,14:04,14:07,14:10,14:14,14:18,14:21,14:24,14:29,14:32,14:35,14:38,14:41,14:46,14:50,14:56,15:00,15:05,15:08,15:11,15:17,15:22,15:25,15:29,15:38,,,,,,,,,,,,,,,,
1314,13:53,13:56,13:58,14:01,14:03,14:05,14:08,14:11,14:14,14:18,14:22,14:25,14:28,14:33,14:36,14:39,14:42,14:45,14:50,14:54,15:00,15:04,15:09,15:12,15:15,15:21,,,,,,,,,,,,,,,15:26,15:30,15:38,,,
1315,13:57,14:00,14:02,14:05,14:07,14:09,14:12,14:15,14:18,14:22,14:26,14:29,14:32,14:37,14:40,14:43,14:46,14:49,14:55,,,,,,,,,,,,,,,,,,,,,,,,,,,
1316,14:01,14:04,14:06,14:09,14:11,14:13,14:16,14:19,14:22,14:26,14:30,14:33,14:36,14:41,14:44,14:47,14:50,14:53,14:58,15:02,15:08,15:12,15:17,15:20,15:23,15:29,,,,,,,,,,,,,,,,,,,,
1317,14:05,14:08,14:10,14:13,14:15,14:17,14:20,14:23,14:26,14:30,14:34,14:37,14:40,14:45,14:48,14:51,14:54,14:57,15:02,15:06,15:12,15:16,15:21,15:24,,,,,,,,,,,,,,,,,,,,,,
1318,14:09,14:12,14:14,14:17,14:19,14:21,14:24,14:27,14:30,14:34,14:38,14:41,14:44,14:49,14:52,14:55,14:58,15:01,15:06,15:10,15:16,15:20,15:25,15:28,15:31,15:37,,,,,,,,,,,,,,,15:42,15:46,15:56,,,
1319,14:13,14:16,14:18,14:21,14:23,14:25,14:28,14:31,14:34,14:38,14:42,14:45,14:48,14:53,14:56,14:59,15:02,15:05,15:10,15:14,15:20,15:24,15:29,15:32,15:35,15:41,15:46,15:49,15:55,,,,,,,,,,,,,,,,,
1320,14:17,14:20,14:22,14:25,14:27,14:29,14:32,14:35,14:38,14:42,14:46,14:49,14:52,14:57,15:00,15:03,15:06,15:09,15:14,15:18,15:24,15:28,15:33,15:36,15:39,15:45,,,,,,,,,,,,,,,,,,,,
1321,14:21,14:24,14:26,14:29,14:31,14:33,14:36,14:39,14:42,14:46,14:50,14:53,14:56,15:01,15:04,15:07,15:10,15:13,15:18,15:22,15:28,15:32,15:37,15:40,15:43,15:49,,,,,,,,,,,,,,,,,,,,
1322,14:25,14:28,14:30,14:33,14:35,14:37,14:40,14:43,14:46,14:50,14:54,14:57,15:00,15:05,15:08,15:11,15:14,15:17,15:22,,,,,,,,,,,,,,,,,,,,,,,,,,,
1323,14:30,14:33,14:35,14:38,14:40,14:42,14:45,14:48,14:51,14:55,14:59,15:02,15:05,15:10,15:13,15:16,15:19,15:22,15:26,15:30,15:36,15:40,15:45,15:48,15:51,15:58,16:03,16:06,16:10,16:19,,,,,,,,,,,,,,,,
1324,14:34,14:37,14:39,14:42,14:44,14:46,14:49,14:52,14:55,14:59,15:03,15:06,15:09,15:14,15:17,15:20,15:23,15:26,15:30,15:34,15:40,15:44,15:49,15:52,15:55,16:01,,,,,,,,,,,,,,,,,,,,,,,
1325,14:40,,,14:47,,,,14:53,,,15:01,,15:05,,,,,15:16,15:21,15:26,15:32,15:36,15:41,15:44,15:47,15:55,,,,,,,,,,,,,,,16:00,16:03,16:10,16:18,16:26,16:35,,,
1326,14:38,14:41,14:43,14:46,14:48,14:50,14:53,14:56,14:59,15:03,15:07,15:10,15:13,15:18,15:21,15:24,15:27,15:30,15:34,15:38,15:44,15:48,15:53,15:56,15:59,16:05,16:10,16:13,16:19,,,,,,,,,,,,,,,,,,,,
1327,14:44,14:47,14:49,14:52,14:54,14:56,14:59,15:02,15:05,15:09,15:13,15:16,15:19,15:24,15:27,15:30,15:33,15:36,15:40,15:44,15:50,15:54,15:59,16:02,16:05,16:12,,,,,,,,,,,,,,,16:17,16:21,16:29,,,,,,
1328,14:48,14:51,14:53,14:56,14:58,15:00,15:03,15:06,15:09,15:13,15:17,15:20,15:23,15:28,15:31,15:34,15:37,15:40,15:44,15:48,15:54,15:58,16:03,16:07,,,,,,,,,,,,,,,,,,,,,,,,,
1329,14:51,,,14:58,,,,15:04,,,15:12,,15:16,,,,,,15:32,,,,,15:45,,15:53,15:58,16:01,16:05,16:13,16:22,16:26,16:30,16:37,16:46,,,,,,,,,,,,,,
1330,14:52,14:55,14:57,15:00,15:02,15:04,15:07,15:10,15:13,15:17,15:21,15:24,15:27,15:32,15:35,15:38,15:41,15:44,15:48,15:52,15:58,16:02,16:07,16:10,16:13,16:19,,,,,,,,,,,,,,,16:24,16:27,16:34,16:42,16:50,16:56,17:05,17:17,17:34
1331,14:56,14:59,15:01,15:04,15:06,15:08,15:11,15:14,15:17,15:21,15:25,15:28,15:31,15:36,15:39,15:42,15:45,15:48,15:52,15:56,16:02,16:06,16:11,16:14,16:17,16:23,16:28,16:31,16:37,,,,,,,,,,,,,,,,,,,,
1332,15:01,15:04,15:06,15:09,15:11,15:13,15:16,15:19,15:22,15:26,15:30,15:33,15:36,15:41,15:44,15:47,15:50,15:53,15:57,16:01,16:07,16:11,16:16,16:19,16:22,16:28,,,,,,,,,,,,,,,,,,,,,,,
1333,15:05,15:08,15:10,15:13,15:15,15:17,15:20,15:23,15:26,15:30,15:34,15:37,15:40,15:45,15:48,15:51,15:54,15:57,16:03,,,,,,,,,,,,,,,,,,,,,,,,,,,,,,
1334,,,,,,,,,,,,,,,,,,,16:02,16:06,16:12,16:16,16:21,16:24,16:27,16:33,16:38,16:41,16:45,16:54,,,,,,,,,,,,,,,,,,,
1335,,,,,,,,15:26,15:30,15:34,15:38,15:41,15:44,15:49,15:52,15:55,15:58,16:01,16:06,16:10,16:16,16:20,16:25,16:28,16:31,16:37,,,,,,,,,,,,,,,,,,,,,,,
1336,15:13,15:16,15:18,15:21,15:23,15:25,15:28,15:31,15:34,15:38,15:42,15:45,15:48,15:53,15:56,15:59,16:02,16:05,16:10,16:14,16:20,16:24,16:29,16:32,16:35,16:42,,,,,,,,,,,,,,,16:47,16:51,16:59,,,,,,
1337,15:17,,,15:24,,,,15:31,,,15:39,,15:44,,,,,,15:57,,,,,16:10,,16:18,,,,,,,,,,,,,,,,,,,,,,,
1338,15:18,15:21,15:23,15:26,15:28,15:30,15:33,15:36,15:39,15:43,15:47,15:50,15:53,15:58,16:01,16:04,16:07,16:10,16:15,16:19,16:25,16:29,16:34,16:37,,,,,,,,,,,,,,,,,,,,,,,,,
1339,15:23,15:26,15:28,15:31,15:33,15:35,15:38,15:41,15:44,15:48,15:52,15:55,15:58,16:03,16:06,16:09,16:12,16:15,16:20,,,,,,,,,,,,,,,,,,,,,,,,,,,,,,
1340,15:25,,,15:32,,,,15:40,,,15:48,,15:53,,,,,16:04,16:08,,,,,16:20,,16:28,16:33,16:36,16:40,16:48,16:57,17:01,17:05,17:12,17:22,17:27,17:34,17:37,17:41,17:47,,,,,,
1341,15:31,15:34,15:36,15:39,15:41,15:43,15:46,15:49,15:52,15:56,16:00,16:03,16:06,16:11,16:14,16:17,16:20,16:23,16:27,16:31,16:37,16:41,16:46,16:49,16:52,16:58,,,,,,,,,,,,,,,,,,,,
1342,15:39,,,15:46,,,,15:53,15:56,,16:02,,16:06,,,,,,16:19,16:23,16:29,16:33,16:38,16:41,16:44,16:50,,,,,,,,,,,,,,,16:54,16:57,17:04,17:12,17:20,17:29
1343,15:39,15:42,15:44,15:47,15:49,15:51,15:54,15:57,16:00,16:04,16:08,16:11,16:14,16:19,16:22,16:25,16:28,16:31,16:35,16:39,16:45,16:49,16:54,16:57,,,,,,,,,,,,,,,,,,,,,,
1344,15:43,15:46,15:48,15:51,15:53,15:55,15:58,16:01,16:04,16:08,16:12,16:15,16:18,16:23,16:26,16:28,16:31,16:34,16:38,16:42,16:48,16:52,16:57,17:00,17:03,17:09,,,,,,,,,,,,,,,17:14,17:18,17:26,,,
1345,15:47,15:50,15:52,15:55,15:57,15:59,16:02,16:05,16:08,16:12,16:16,,,,,,,,,,,,,,,,,,,,,,,,,,,,,,,,,,,
1346,,,,,,,,16:09,16:12,16:16,16:20,16:23,16:26,16:31,16:34,16:37,16:40,16:43,16:49,,,,,,,,,,,,,,,,,,,,,,,,,,,
1347,,,,,,,,,,,,,,,,,,,16:47,16:51,16:57,17:01,17:06,17:09,17:12,17:20,17:25,17:28,17:35,,,,,,,,,,,,,,,,,
1348,15:53,15:56,15:58,16:01,16:03,16:05,16:08,16:12,16:16,16:20,16:24,16:27,16:30,16:35,16:38,16:41,16:44,16:47,16:52,16:56,17:02,17:06,17:11,17:14,,,,,,,,,,,,,,,,,,,,,,
1349,15:53,,,16:00,,,,16:06,,,16:14,,16:18,,,,,,16:33,,,,,16:46,,16:54,16:59,17:02,17:06,17:15,,,,,,,,,,,,,,,,
1350,15:59,16:02,16:04,16:07,16:09,16:11,16:14,16:17,16:20,16:24,16:28,16:31,16:34,16:39,16:42,16:45,16:48,16:51,16:56,,,,,,,,,,,,,,,,,,,,,,,,,,,
1351,16:03,,,16:10,,,16:15,16:18,16:21,,16:27,,,16:35,,,,,16:45,,,,,16:58,,17:06,17:11,17:14,17:20,,,,,,,,,,,,,,,,,
1352,16:03,16:06,16:08,16:11,16:13,16:15,16:18,16:21,16:24,16:28,16:32,16:35,16:38,16:43,16:46,16:49,16:52,16:55,16:59,17:03,17:09,17:13,17:18,17:21,17:24,17:30,,,,,,,,,,,,,,,,,,,,
1353,16:07,16:10,16:12,16:15,16:17,16:19,16:22,16:25,16:28,16:32,16:36,16:39,16:42,16:47,16:50,16:53,16:56,16:59,17:03,17:07,17:13,17:17,17:22,17:27,,,,,,,,,,,,,,,,,,,,,,
1354,16:11,16:14,16:16,16:19,16:21,16:23,16:26,16:29,16:32,16:36,16:40,16:43,16:46,16:51,16:54,16:57,17:00,17:03,17:07,17:12,17:18,17:22,17:27,17:30,17:33,17:39,17:44,17:47,17:53,,,,,,,,,,,,,,,,,
1355,16:15,,,16:22,,,,16:29,,,16:37,,16:41,,,,,16:51,16:55,17:00,17:06,17:10,17:15,17:18,17:21,17:27,,,,,,,,,,,,,,,17:32,17:35,17:42,17:50,17:58,18:07
1356,16:15,16:18,16:20,16:23,16:25,16:27,16:30,16:33,16:36,16:40,16:44,16:47,16:50,16:55,16:58,17:01,17:04,17:07,17:13,,,,,,,,,,,,,,,,,,,,,,,,,,,,,,
1357,16:20,16:23,16:25,16:28,16:30,16:32,16:35,16:38,16:41,16:45,16:49,16:52,16:55,17:00,17:03,17:06,17:09,17:12,17:16,17:20,17:26,17:30,17:35,17:38,17:41,17:46,,,,,,,,,,,,,,,17:51,17:55,18:03,,,,,,
1358,16:24,16:27,16:29,16:32,16:34,16:36,16:39,16:42,16:45,16:49,16:53,,,,,,,,,,,,,,,,,,,,,,,,,,,,,,,,,,,,,,
1359,,,,,,,,,,,16:55,16:58,17:01,17:06,17:09,17:12,17:15,17:18,17:22,17:26,17:32,17:36,17:41,17:44,17:47,17:53,,,,,,,,,,,,,,,,,,,,,,,
1360,16:30,,,16:37,,,,16:44,,,16:51,,16:55,,,,,17:05,17:10,,,,,17:23,,17:31,17:36,17:39,17:43,17:51,18:00,18:04,18:08,18:15,18:24,,,,,,,,,,,,,,
1361,16:30,16:33,16:35,16:38,16:40,16:42,16:45,16:48,16:51,16:55,16:59,17:02,17:05,17:10,17:13,17:16,17:19,17:22,17:26,17:30,17:36,17:40,17:45,17:49,,,,,,,,,,,,,,,,,,,,,,,,,
1362,16:34,16:37,16:39,16:42,16:44,16:46,16:49,16:52,16:55,16:59,17:03,17:06,17:09,17:14,17:17,17:20,17:23,17:26,17:32,,,,,,,,,,,,,,,,,,,,,,,,,,,,,,
1363,16:38,16:41,16:43,16:46,16:48,16:50,16:53,16:56,16:59,17:03,17:07,17:10,17:13,17:18,17:21,17:24,17:27,17:30,17:36,,,,,,,,,,,,,,,,,,,,,,,,,,,,,,
1364,16:45,16:48,16:50,16:53,16:55,16:57,17:00,17:03,17:06,17:10,17:14,17:17,17:20,17:25,17:28,17:31,17:34,17:37,17:41,17:45,17:51,17:55,18:00,18:03,,,,,,,,,,,,,,,,,,,,,,,,,
1365,16:45,,,16:52,,,,16:59,,,17:06,,17:11,,,,,,17:25,,,,,17:38,,17:45,17:50,17:53,17:57,18:06,,,,,,,,,,,,,,,,,,,
1366,16:50,,,16:57,,,,17:03,,,17:12,,17:16,,,,,,17:31,17:36,17:42,17:46,17:51,17:54,17:57,18:05,,,,,,,,,,,,,,,18:10,18:13,18:20,18:28,18:36,18:42,18:51,19:03,19:20
1367,16:52,16:55,16:57,17:00,17:02,17:04,17:07,17:10,17:13,17:17,17:21,17:24,17:27,17:32,17:35,17:38,17:41,17:44,17:50,,,,,,,,,,,,,,,,,,,,,,,,,,,,,,
1368,17:00,,,,,,,17:12,,,,,,,,,,,17:36,17:41,17:47,17:51,17:56,17:59,18:02,18:08,18:13,18:16,18:22,,,,,,,,,,,,,,,,,,,,
1369,,,,,,,,,,,,,,,,,,,17:49,17:53,17:59,18:03,18:08,18:11,18:14,18:20,18:25,18:28,18:32,18:40,18:49,18:53,18:57,19:04,19:13,,,,,,,,,,,,,,
1370,,,,,,,,17:14,17:17,17:21,17:25,17:28,17:31,17:36,17:39,17:42,17:45,17:48,17:53,17:57,18:03,18:07,18:12,18:15,18:18,18:23,,,,,,,,,,,,,,,,,,,,,,,
1371,17:00,17:03,17:05,17:08,17:10,17:12,17:15,17:18,17:21,17:25,17:29,17:32,17:35,17:40,17:43,17:46,17:49,17:52,17:58,,,,,,,,,,,,,,,,,,,,,,,,,,,,,,
1372,17:04,17:07,17:09,17:12,17:14,17:16,17:19,17:22,17:25,17:29,17:33,,,,,,,,,,,,,,,,,,,,,,,,,,,,,,,,,,,
1373,17:08,17:11,17:13,17:16,17:18,17:20,17:23,17:26,17:29,17:33,17:37,17:40,17:43,17:48,17:51,17:54,17:57,18:00,18:06,,,,,,,,,,,,,,,,,,,,,,,,,,,
1374,,,,,,,,17:29,,,17:37,,17:42,,,,,17:52,17:56,,,,,18:09,,18:18,,,,,,,,,,,,,,,,,,,,
1375,17:12,17:15,17:17,17:20,17:22,17:24,17:27,17:30,17:33,17:37,17:41,17:44,17:47,17:52,17:55,17:58,18:01,18:04,18:09,18:13,18:19,18:23,18:28,18:31,18:34,18:40,,,,,,,,,,,,,,,,,,,,
1376,17:16,17:19,17:21,17:24,17:26,17:28,17:31,17:34,17:37,17:41,17:45,17:48,17:51,17:56,17:59,18:02,18:05,18:08,18:13,,,,,,,,,,,,,,,,,,,,,,,,,,,
1377,17:18,,,17:27,,,,17:33,,,17:41,,17:45,,,,,,17:59,,,,,18:12,,18:23,,,,,,,,,,,,,,,18:28,18:31,18:38,18:46,18:54,19:03
1378,17:22,,,17:30,,,,17:36,,,17:44,,17:48,,,,,17:58,18:03,18:07,18:13,18:17,18:22,18:25,18:28,18:34,,,,,,,,,,,,,,,,,,,,
1379,,,,,,,,17:38,17:41,17:45,17:49,17:52,17:55,18:00,18:03,18:06,18:09,18:12,18:16,18:20,18:26,18:30,18:35,18:38,18:41,18:47,,,,,,,,,,,,,,,,,,,,
1380,17:24,17:27,17:29,17:32,17:34,17:36,17:39,17:42,17:45,17:49,17:53,17:56,17:59,18:04,18:07,18:10,18:13,18:16,18:23,,,,,,,,,,,,,,,,,,,,,,,,,,,
1381,17:25,,,17:33,,,,17:39,,,17:47,,,17:55,,,,,18:07,,,,,18:20,,18:28,18:33,18:36,18:40,18:49,,,,,,,,,,,,,,,,
1382,17:28,17:31,17:33,17:36,17:38,17:40,17:43,17:46,17:49,17:53,17:57,,,,,,,,,,,,,,,,,,,,,,,,,,,,,,,,,,,
1383,17:29,,,17:36,,,,17:42,,,17:50,,17:54,,,,,18:05,18:10,,,,,18:23,,18:32,,,,,,,,,,,,,,,18:37,18:41,18:49,,,
1384,17:32,17:35,17:37,17:40,17:42,17:44,17:47,17:50,17:53,17:57,18:01,18:04,18:07,18:12,18:15,18:18,18:21,18:24,18:29,,,,,,,,,,,,,,,,,,,,,,,,,,,
1385,17:33,,,17:40,,,,17:46,,,17:54,,17:58,,,,,,18:14,,,,,18:27,,18:36,18:41,18:44,18:48,18:56,19:05,19:09,19:13,19:20,19:30,19:35,19:42,19:45,19:49,19:56,,,,,,
1386,17:36,17:39,17:41,17:44,17:46,17:48,17:51,17:54,17:57,18:01,18:05,18:08,18:11,18:16,18:19,18:22,18:25,18:28,18:33,18:37,18:43,18:47,18:52,18:55,18:58,19:04,,,,,,,,,,,,,,,,,,,,
1387,17:37,,,17:44,,,,17:50,,,,,18:02,,,18:10,,,18:20,18:24,18:30,18:34,18:39,18:42,,,,,,,,,,,,,,,,,,,,,,
1388,17:41,,,17:48,,,,17:54,,,18:02,,,18:10,,,,18:19,18:23,,,,,18:35,,18:43,,,,,,,,,,,,,,,18:48,18:51,18:58,19:06,19:14,19:23
1389,17:40,17:43,17:45,17:48,17:50,17:52,17:55,17:58,18:01,18:05,18:09,18:12,18:15,18:20,18:23,18:26,18:29,18:32,18:38,,,,,,,,,,,,,,,,,,,,,,,,,,,
1390,,,,,,,,18:02,18:05,18:09,18:13,18:16,18:19,18:24,18:27,18:30,18:33,18:36,18:41,18:45,18:51,18:55,19:00,19:04,,,,,,,,,,,,,,,,,,,,,,
1391,17:45,,,17:52,,,,17:58,,,18:06,,18:10,,,,,,18:26,,,,,18:38,,18:47,18:52,18:55,19:01,,,,,,,,,,,,,,,,,
1392,17:48,17:51,17:53,17:56,17:58,18:00,18:03,18:06,18:09,18:13,18:17,18:20,18:23,18:28,18:31,18:34,18:37,18:40,18:46,,,,,,,,,,,,,,,,,,,,,,,,,,,
1393,,,,,,,,18:01,,,18:09,,18:13,,,,,18:24,18:29,18:33,18:39,18:43,18:48,18:51,18:54,19:00,,,,,,,,,,,,,,,,,,,,
1394,17:52,17:55,17:57,18:00,18:02,18:04,18:07,18:10,18:13,18:17,18:21,,,,,,,,,,,,,,,,,,,,,,,,,,,,,,,,,,,
1395,17:56,,,18:03,,,,18:10,,,18:18,,18:22,,,,,,18:37,,,,,18:50,,18:58,19:03,19:06,19:10,19:19,,,,,,,,,,,,,,,,
1396,17:56,17:59,18:01,18:04,18:06,18:08,18:11,18:14,18:17,18:21,18:26,18:29,18:32,18:37,18:40,18:43,18:46,18:49,18:54,18:59,19:05,19:09,19:14,19:18,,,,,,,,,,,,,,,,,,,,,,
1397,17:59,,,18:06,,,,18:13,,,18:21,,18:25,,,,,,18:40,,,,,18:53,,19:02,,,,,,,,,,,,,,,19:07,19:11,19:19,,,
1398,,,,,,,,18:18,18:21,18:25,18:30,18:33,18:36,18:41,18:44,18:47,18:50,18:53,18:59,19:03,19:09,19:13,19:18,19:22,19:25,19:31,,,,,,,,,,,,,,,,,,,,
1399,18:03,18:06,18:08,18:11,18:13,18:15,18:18,18:22,18:25,18:29,18:34,18:37,18:40,18:45,18:48,18:51,18:54,18:57,19:02,,,,,,,,,,,,,,,,,,,,,,,,,,,
1400,18:03,,,,,,,18:16,,,18:24,,,18:32,,,,18:40,18:44,18:49,18:55,18:59,19:04,19:07,19:10,19:16,,,,,,,,,,,,,,,,,,,,
1401,18:06,,,18:13,,,,18:20,,,18:28,,18:32,,,,,,18:47,,,,,19:00,,19:08,19:13,19:16,19:22,,,,,,,,,,,,,,,,,
1402,18:07,18:10,18:12,18:15,18:17,18:19,18:22,18:26,18:29,18:33,18:38,18:41,18:44,18:49,18:52,18:55,18:58,19:01,19:06,19:10,19:16,19:20,19:25,19:28,19:31,19:37,,,,,,,,,,,,,,,,,,,,
1403,18:10,,,,,,,18:23,,,18:31,,,,,18:40,,18:45,18:51,,,,,,,,,,,,,,,,,,,,,,,,,,,
1404,18:12,18:15,18:17,18:20,18:22,18:24,18:27,18:30,18:33,18:37,18:42,18:45,18:48,18:53,18:56,18:59,19:02,19:05,19:10,19:14,19:20,19:24,19:29,19:33,,,,,,,,,,,,,,,,,,,,,,,,,
1405,18:17,18:20,18:22,18:25,18:27,18:29,18:32,18:35,18:38,18:42,18:46,,,,,,,,,,,,,,,,,,,,,,,,,,,,,,,,,,,,,,
1406,18:20,18:23,18:25,18:28,18:30,18:32,18:35,18:38,18:41,18:45,18:50,18:53,18:56,19:01,19:04,19:07,19:10,19:13,19:19,,,,,,,,,,,,,,,,,,,,,,,,,,,,,,
1407,18:21,,,18:28,,,,18:35,,,18:43,,18:47,,,,,,19:02,,,,,19:15,,19:23,19:28,19:31,19:35,19:43,19:52,19:56,20:00,20:07,20:16,,,,,,,,,,,,,,
1408,,,,,,,,,,,,,,,,,,,,,,,,,,,,,,,,,,,20:43,20:48,20:55,20:58,21:02,21:08,,,,,,,,,
1409,18:25,,,18:32,,,,18:39,,,18:47,,18:51,,,,,19:01,19:06,,,,,19:19,,19:27,,,,,,,,,,,,,,,19:32,19:35,19:42,19:50,19:58,20:04,20:13,20:25,20:42
1410,,,,,,,,18:42,18:45,18:49,18:54,18:57,19:00,19:05,19:08,19:11,19:14,19:17,19:22,19:26,19:32,19:36,19:41,19:44,19:47,19:53,,,,,,,,,,,,,,,,,,,,,,,
1411,18:29,,,18:36,,,,18:43,,,18:51,,18:55,,,19:03,,,19:10,,,,,19:23,,19:31,19:36,19:39,19:45,,,,,,,,,,,,,,,,,,,,
1412,18:30,18:33,18:35,18:38,18:40,18:42,18:45,18:48,18:51,18:55,18:59,19:02,19:05,19:10,19:13,19:16,19:19,19:22,19:26,19:30,19:36,19:40,19:45,19:49,,,,,,,,,,,,,,,,,,,,,,,,,
1413,18:32,,,,,,,18:46,,,18:54,,18:58,,,,,19:08,19:14,19:18,19:24,19:28,19:33,19:36,19:39,19:45,,,,,,,,,,,,,,,,,,,,,,,
1414,18:35,18:38,18:40,18:43,18:45,18:47,18:50,18:53,18:56,19:00,19:04,19:07,19:10,19:15,19:18,19:21,19:24,19:27,19:32,,,,,,,,,,,,,,,,,,,,,,,,,,,,,,
1415,18:36,,,18:43,,,,18:50,,,18:58,,,19:06,,,,,19:17,,,,,19:30,,19:38,,,,,,,,,,,,,,,19:43,19:46,19:53,20:01,20:09,20:18,,,
1416,18:39,18:42,18:44,18:47,18:49,18:51,18:54,18:57,19:00,19:04,19:08,19:11,19:14,19:19,19:22,19:25,19:28,19:31,19:36,19:40,19:46,19:50,19:55,19:58,20:01,20:07,,,,,,,,,,,,,,,20:12,20:16,20:24,,,,,,
1417,18:40,,,,,,,18:53,,,19:01,,19:05,,,,,19:15,19:20,,,,,19:33,,19:42,19:47,19:50,19:54,20:03,,,,,,,,,,,,,,,,,,,
1418,18:43,,,18:50,,,,18:57,,,19:05,,19:09,,,19:17,,,19:24,,,,,19:37,,19:46,,,,,,,,,,,,,,,19:51,19:55,20:03,,,,,,
1419,18:43,18:46,18:48,18:51,18:53,18:55,18:58,19:01,19:04,19:08,19:12,,,,,,,,,,,,,,,,,,,,,,,,,,,,,,,,,,,,,,
1420,,,,,,,,19:01,,,19:10,,19:14,,,,,19:25,19:29,19:34,19:40,19:44,19:49,19:52,19:55,20:01,,,,,,,,,,,,,,,,,,,,,,,
1421,,,,,,,,19:05,19:08,19:12,19:16,19:19,19:22,19:27,19:30,19:33,19:36,19:39,19:44,19:49,19:55,19:59,20:04,20:07,20:10,20:16,,,,,,,,,,,,,,,,,,,,,,,
1422,18:51,18:54,18:56,18:59,19:01,19:03,19:06,19:09,19:12,19:16,19:20,19:23,19:26,19:31,19:34,19:37,19:40,19:45,19:51,,,,,,,,,,,,,,,,,,,,,,,,,,,,,,
1423,18:52,,,18:59,,,,19:06,,,19:14,,19:18,,,,,19:29,19:34,,,,,19:47,,19:56,20:01,20:04,20:11,,,,,,,,,,,,,,,,,,,,
1424,18:55,18:58,19:00,19:03,19:05,19:07,19:10,19:13,19:16,19:20,19:24,19:27,19:30,19:35,19:38,19:41,19:44,19:48,19:54,19:58,20:04,20:08,20:13,20:16,,,,,,,,,,,,,,,,,,,,,,,,,
1425,18:56,,,19:03,,,,19:10,,,19:18,,,19:26,,19:31,,,19:39,19:44,19:50,19:54,19:59,20:03,20:06,20:12,,,,,,,,,,,,,,,,,,,,,,,
1426,18:59,19:02,19:04,19:07,19:09,19:11,19:14,19:17,19:20,19:24,19:28,19:31,19:34,19:39,19:42,19:45,19:48,19:51,19:57,20:01,20:07,20:11,20:16,20:19,20:22,20:27,,,,,,,,,,,,,,,,,,,,,,,
1427,19:00,,,19:07,,,,19:14,,,19:22,,19:26,,,,,,19:43,,,,,19:56,,20:03,20:08,20:11,20:15,20:23,20:32,20:36,20:40,20:47,20:56,,,,,,,,,,,,,,
1428,,,,,,,,,,,,,,,,,,,20:00,20:04,20:10,20:14,20:19,20:22,20:25,20:31,20:36,20:39,20:43,20:53,21:02,21:06,21:10,21:17,21:26,,,,,,,,,,,,,,
1429,19:03,19:06,19:08,19:11,19:13,19:15,19:18,19:21,19:24,19:28,19:32,,,,,,,,,,,,,,,,,,,,,,,,,,,,,,,,,,,,,,
1430,19:04,,,,,,,19:17,,,,,,19:31,,19:36,,19:41,19:47,,,,,,,,,,,,,,,,,,,,,,,,,,,,,,
1431,,,,,,,,19:25,19:28,19:32,19:36,19:39,19:42,19:47,19:50,19:53,19:56,19:59,20:04,20:08,20:14,20:18,20:23,20:26,20:29,20:35,,,,,,,,,,,,,,,,,,,,,,,
1432,19:12,19:15,19:17,19:20,19:22,19:24,19:27,19:30,19:33,19:37,19:41,19:44,19:47,19:52,19:55,19:58,20:01,20:04,20:10,,,,,,,,,,,,,,,,,,,,,,,,,,,,,,
1433,19:17,19:20,19:22,19:25,19:27,19:29,19:32,19:35,19:38,19:42,19:46,19:49,19:52,19:57,20:00,20:03,20:06,20:09,20:15,20:20,20:26,20:30,20:35,20:38,20:41,20:47,,,,,,,,,,,,,,,,,,,,,,,
1434,19:17,,,19:24,,,,19:31,,,19:39,,19:43,,,,,19:53,19:57,,,,,20:09,,20:16,20:21,20:24,20:28,20:37,,,,,,,,,,,,,,,,,,,
1435,19:21,,,19:28,,,,19:35,,,19:43,,19:47,,,,,19:57,20:01,,,,,20:13,,20:21,,,,,,,,,,,,,,,20:26,20:29,20:36,20:44,20:52,20:58,21:07,21:19,21:36
1436,19:21,19:24,19:26,19:29,19:31,19:33,19:36,19:39,19:42,19:46,19:50,19:53,19:56,20:01,20:04,20:07,20:10,20:13,20:19,,,,,,,,,,,,,,,,,,,,,,,,
1437,19:24,,,19:31,,,,19:38,,,19:46,,19:50,,,,,,20:04,,,,,20:16,,20:25,20:30,20:33,20:37,20:46,,,,,,,,,,,,,
1438,19:27,,,19:34,,,,19:41,,,19:49,,,19:57,,,,20:05,20:08,,,,,20:20,,20:29,,,,,,,,,,,,,,,20:34,20:38,20:46
1439,,,,,,,,19:43,19:46,19:50,19:54,19:57,20:00,20:05,20:08,20:11,20:14,20:17,20:23,,,,,,,,,,,,,,,,,,,,,,,,
1440,19:29,19:32,19:34,19:37,19:39,19:41,19:44,19:47,19:50,19:54,19:58,20:01,20:04,20:09,20:12,20:15,20:18,20:21,20:27,,,,,,,,,,,,,,,,,,,,,,,,
1441,,,,,,,,19:44,,,,,19:55,,,20:03,,,20:11,20:15,20:21,20:25,20:30,20:33,20:36,20:42,20:47,20:50,20:56,,,,,,,,,,,,,,
1442,19:33,,,19:41,,,,19:47,,,19:55,,20:00,,,,,20:10,20:14,,,,,20:27,,20:35,,,,,,,,,,,,,,,,,
1443,19:33,19:36,19:38,19:41,19:43,19:45,19:48,19:51,19:54,19:58,20:02,20:05,20:08,20:13,20:16,20:19,20:22,20:25,20:30,20:35,20:41,20:45,20:50,20:53,20:56,21:03,21:08,21:11,21:15,21:24,,,,,,,,,,,,,
1444,,,,,,,,,,,20:05,20:09,20:12,20:17,20:20,20:23,20:26,20:29,20:34,20:39,20:45,20:49,20:54,20:57,,,,,,,,,,,,,,,,,,,
1445,19:39,19:42,19:44,19:47,19:49,19:51,19:54,19:57,20:01,20:05,20:08,20:12,20:15,20:20,20:23,20:26,20:29,20:32,20:39,,,,,,,,,,,,,,,,,,,,,,,,
1446,19:47,,,19:54,,,,20:01,,,20:09,,20:14,,,,,20:25,20:29,,,,,20:42,,20:49,20:54,20:57,21:01,21:09,21:18,21:22,21:26,21:33,21:42,,,,,,,,
1447,,,,,,,,,,,,,,,,,,,20:38,20:43,20:49,20:53,20:58,21:01,21:04,21:12,21:18,21:21,21:27,,,,,,,,,,,,,,
1448,,,,,,,,20:00,20:04,20:09,20:12,20:15,20:18,20:23,20:26,20:29,20:32,20:35,20:42,,,,,,,,,,,,,,,,,,,,,,,,
1449,19:46,19:49,19:51,19:54,19:56,19:58,20:01,20:04,20:08,20:13,20:16,20:19,20:22,20:27,20:30,20:33,20:36,20:39,20:45,20:51,20:57,21:01,21:06,21:09,21:12,21:18,,,,,,,,,,,,,,,,,
1450,19:51,,,19:58,,,,20:05,,,20:13,,20:18,,,,,,20:33,,,,,20:45,,20:53,,,,,,,,,,,,,,,20:58,21:02,21:10
1451,19:51,19:54,19:56,19:59,20:01,20:03,20:06,20:09,20:12,20:17,20:20,20:23,20:26,20:31,20:34,20:37,20:40,20:43,20:49,,,,,,,,,,,,,,,,,,,,,,,,
1452,19:56,,,20:03,,,,20:10,,,20:18,,20:22,,,20:30,,,20:38,,,,,20:50,,20:58,21:03,21:06,21:12,,,,,,,,,,,,,,,,,
1453,19:56,19:59,20:01,20:04,20:06,20:08,20:11,20:14,20:17,20:22,20:25,20:28,20:31,20:36,20:39,20:42,20:45,20:48,20:52,20:56,21:02,21:06,21:11,21:14,21:17,21:23,21:28,21:31,21:35,21:45,,,,,,,,,,,,,,,,
1454,20:00,,,20:07,,,,20:14,,,20:22,,20:26,,,,,20:37,20:42,20:47,20:53,20:57,21:02,21:05,21:08,21:15,,,,,,,,,,,,,,,21:19,21:22,21:30,21:38,21:46,21:55
1455,20:00,20:03,20:05,20:08,20:10,20:12,20:15,20:18,20:21,20:26,20:29,20:32,20:35,20:40,20:43,20:46,20:49,20:52,20:58,,,,,,,,,,,,,,,,,,,,,,,,,,,
1456,20:04,20:07,20:09,20:12,20:14,20:16,20:19,20:22,20:25,20:30,20:33,20:36,20:39,20:44,20:47,20:50,20:53,20:56,21:01,21:05,21:11,21:15,21:20,21:24,,,,,,,,,,,,,,,,,,,,,,
1457,20:09,20:12,20:14,20:17,20:19,20:21,20:24,20:27,20:30,20:35,20:38,20:41,20:44,20:49,20:52,20:55,20:58,21:01,21:05,21:09,21:15,21:19,21:24,21:27,21:30,21:36,,,,,,,,,,,,,,,21:40,21:44,21:52,,,
1458,,,,,,,,20:31,20:34,20:39,20:42,20:45,20:48,20:53,20:56,20:59,21:02,21:05,21:09,21:13,21:19,21:23,21:28,21:31,21:34,21:40,,,,,,,,,,,,,,,,,,,,
1459,20:17,20:20,20:22,20:25,20:27,20:29,20:32,20:35,20:38,20:43,20:46,20:49,20:52,20:57,21:00,21:03,21:06,21:09,21:13,21:18,21:24,21:28,21:33,21:36,21:39,21:47,21:52,21:55,22:01,,,,,,,,,,,,,,,,,
1460,20:21,20:24,20:26,20:29,20:31,20:33,20:36,20:39,20:42,20:46,20:50,,,,,,,,,,,,,,,,,,,,,,,,,,,,,,,,,,,
1461,20:26,20:29,20:31,20:34,20:36,20:38,20:41,20:44,20:47,20:52,20:55,20:58,21:02,21:07,21:10,21:13,21:16,21:19,21:24,21:28,21:34,21:38,21:43,21:46,,,,,,,,,,,,,,,,,,,,,,
1462,20:30,,,20:37,,,,20:44,,,20:52,,20:58,21:03,21:06,21:09,21:12,21:15,21:21,,,,,,,,,,,,,,,,,,,,,,,,,,,
1463,20:30,20:33,20:35,20:38,20:40,20:42,20:45,20:48,20:51,20:56,20:59,21:02,21:06,21:11,21:14,21:17,21:20,21:23,21:28,21:32,21:38,21:42,21:47,21:50,21:53,21:59,,,,,,,,,,,,,,,22:04,22:08,22:16,,,
1464,,,,,,,,20:52,20:55,21:00,21:03,21:06,21:10,21:15,21:18,21:21,21:24,21:27,21:32,,,,,,,,,,,,,,,,,,,,,,,,,,,
1465,20:37,20:40,20:42,20:45,20:47,20:49,20:52,20:55,20:59,21:04,21:07,21:10,21:14,21:19,21:22,21:25,21:28,21:31,21:36,21:41,21:47,21:51,21:56,21:59,22:02,22:08,22:13,22:16,22:23,,,,,,,,,,,,,,,,,
1466,20:40,,,20:47,,,,20:55,,,21:03,,21:08,,,,,21:18,21:23,,,,,21:35,,21:44,21:49,21:52,21:56,22:04,22:13,22:17,22:21,22:28,22:38,22:43,22:50,22:53,22:57,23:03,,,,,,
1467,20:41,20:44,20:46,20:49,20:51,20:53,20:56,20:59,21:03,21:08,21:11,21:14,21:18,21:23,21:26,21:29,21:32,21:35,21:40,21:45,21:51,21:55,22:00,22:03,22:06,22:12,,,,,,,,,,,,,,,,,,,,
1468,20:45,20:48,20:50,20:53,20:55,20:57,21:00,21:03,21:07,21:12,21:15,21:18,21:22,21:27,21:30,21:33,21:36,21:39,21:44,,,,,,,,,,,,,,,,,,,,,,,,,,,,,,
1469,20:47,,,20:54,,,,21:01,,,21:09,,21:13,,,,,21:23,21:28,,,,,21:41,,21:52,,,,,,,,,,,,,,,21:57,22:00,22:07,22:15,22:23,22:29,22:38,22:50,23:07
1470,20:51,,,20:58,,,,21:05,,,21:13,,21:17,,,,,21:27,21:32,21:36,21:42,21:46,21:51,21:54,21:57,22:02,,,,,,,,,,,,,,,,,,,,,,,
1471,,,,,,,,21:08,21:12,21:17,21:20,21:23,21:27,21:32,21:35,21:38,21:41,21:44,21:48,21:53,21:59,22:03,22:08,22:12,,,,,,,,,,,,,,,,,,,,,,,,,
1472,20:54,20:57,20:59,21:02,21:04,21:06,21:09,21:12,21:16,21:21,21:24,21:27,21:31,21:36,21:39,21:42,21:45,21:48,21:52,21:57,22:03,22:07,22:12,22:15,22:18,22:24,,,,,,,,,,,,,,,,,,,,,,,
1473,20:58,21:01,21:03,21:06,21:08,21:10,21:13,21:16,21:20,21:25,21:28,21:31,21:35,21:40,21:43,21:46,21:49,21:52,21:56,22:01,22:07,22:11,22:16,22:19,22:22,22:28,,,,,,,,,,,,,,,22:33,22:37,22:45,,,,,,
1474,21:03,21:06,21:08,21:11,21:13,21:15,21:18,21:21,21:24,21:28,21:32,,,,,,,,,,,,,,,,,,,,,,,,,,,,,,,,,,,,,,
1475,21:07,21:10,21:12,21:15,21:17,21:19,21:22,21:25,21:28,21:33,21:36,21:39,21:43,21:48,21:51,21:54,21:57,22:00,22:04,22:08,22:14,22:18,22:23,22:26,22:29,22:35,22:40,22:43,22:47,22:56,,,,,,,,,,,,,,,,,,,
1476,21:12,21:15,21:17,21:20,21:22,21:24,21:27,21:30,21:33,21:38,21:41,21:44,21:48,21:53,21:56,21:59,22:02,22:05,22:10,,,,,,,,,,,,,,,,,,,,,,,,,,,,,,
1477,21:17,21:20,21:22,21:25,21:27,21:29,21:32,21:35,21:38,21:43,21:46,21:49,21:53,21:58,22:01,22:04,22:07,22:10,22:14,22:18,22:24,22:28,22:33,22:36,22:39,22:45,,,,,,,,,,,,,,,22:50,22:54,23:02,,,,,,
1478,21:20,,,21:27,,,,21:34,,,21:43,,21:47,,,,,21:57,22:01,,,,,22:14,,22:22,22:27,22:30,22:34,22:42,22:51,22:55,22:59,23:06,23:15,,,,,,,,,,,,,,
1479,,,,,,,,21:39,21:42,21:47,21:50,21:53,21:57,22:02,22:05,22:08,22:11,22:14,22:19,,,,,,,,,,,,,,,,,,,,,,,,,,,,,,
1480,21:25,21:28,21:30,21:33,21:35,21:37,21:40,21:43,21:46,21:51,21:54,21:57,22:01,22:06,22:09,22:12,22:15,22:18,22:22,22:26,22:32,22:36,22:41,22:44,22:47,22:53,,,,,,,,,,,,,,,,,,,,,,,
1481,21:29,21:32,21:34,21:37,21:39,21:41,21:44,21:47,21:50,21:54,21:58,22:01,22:05,22:10,22:13,22:16,22:19,22:22,22:26,22:30,22:36,22:40,22:45,22:48,22:51,22:57,,,,,,,,,,,,,,,23:02,23:05,23:12,23:20,23:28,23:37,,,
1482,21:37,21:40,21:42,21:45,21:47,21:49,21:52,21:55,21:58,22:02,22:06,22:09,22:13,22:18,22:21,22:24,22:27,22:30,22:34,22:38,22:44,22:48,22:53,22:56,22:59,23:05,23:10,23:13,23:17,23:26,,,,,,,,,,,,,,,,,,,
1483,21:42,,,21:49,,,,21:55,,,22:03,,22:09,22:14,22:17,22:20,22:23,22:26,22:30,22:34,22:40,22:44,22:49,22:52,,,,,,,,,,,,,,,,,,,,,,,,,
1484,,,,,,,,21:59,22:02,22:06,22:10,22:13,22:16,22:21,22:24,22:27,22:30,22:33,22:37,22:41,22:47,22:51,22:56,22:59,23:02,23:08,,,,,,,,,,,,,,,,,
1485,21:45,21:48,21:50,21:53,21:55,21:57,22:00,22:03,22:06,22:10,22:14,22:17,22:20,22:25,22:28,22:31,22:34,22:37,22:41,22:45,22:51,22:55,23:00,23:03,23:06,23:12,23:17,23:20,23:26,,,,,,,,,,,,,,
1486,21:49,21:52,21:54,21:57,21:59,22:01,22:04,22:07,22:10,22:14,22:18,22:21,22:24,22:29,22:32,22:35,22:38,22:41,22:45,22:49,22:55,22:59,23:04,23:07,23:10,23:16,,,,,,,,,,,,,,,,,
1487,21:53,21:56,21:58,22:01,22:03,22:05,22:08,22:11,22:14,22:18,22:22,22:25,22:28,22:33,22:36,22:39,22:42,22:45,22:49,22:53,22:59,23:03,23:08,23:11,23:14,23:20,,,,,,,,,,,,,,,23:24,23:28,23:36
1488,21:54,,,,,,,22:07,,,22:15,,22:20,,,,,22:30,22:34,,,,,22:47,,22:55,,,,,,,,,,,,,,,,,
1489,21:57,22:00,22:02,22:05,22:07,22:09,22:12,22:15,22:18,22:22,22:26,22:29,22:32,22:37,22:40,22:43,22:46,22:49,22:53,22:57,23:03,23:07,23:12,23:15,23:18,23:24,,,,,,,,,,,,,,,,,
1490,21:58,,,22:05,,,,22:11,,,22:19,,22:23,,,22:31,,,22:38,,,,,22:51,,22:59,23:04,23:07,23:11,23:19,23:28,23:32,23:36,23:43,23:53,23:58,00:05,00:08,00:12,00:18,,,
1491,22:02,22:05,22:07,22:10,22:12,22:14,22:17,22:20,22:23,22:27,22:31,22:34,22:37,22:42,22:45,22:48,22:51,22:54,22:58,23:02,23:08,23:12,23:17,23:20,23:23,23:28,,,,,,,,,,,,,,,,,
1492,22:06,22:09,22:11,22:14,22:16,22:18,22:21,22:24,22:27,22:31,22:35,,,,,,,,,,,,,,,,,,,,,,,,,,,,,,,,
1493,,,,,,,,22:28,22:31,22:35,22:39,22:42,22:45,22:50,22:53,22:56,22:59,23:02,23:06,23:11,23:17,23:21,23:26,23:29,23:32,23:38,,,,,,,,,,,,,,,,,
1494,22:14,22:17,22:19,22:22,22:24,22:26,22:29,22:32,22:35,22:39,22:43,22:46,22:49,22:54,22:57,23:00,23:03,23:06,23:10,23:15,23:21,23:25,23:30,23:33,23:36,23:42,,,,,,,,,,,,,,,23:47,23:51,23:59
1495,22:18,22:21,22:23,22:26,22:28,22:30,22:33,22:36,22:39,22:43,22:47,22:50,22:53,22:58,23:01,23:04,23:07,23:10,23:16,,,,,,,,,,,,,,,,,,,,,,,,
1496,22:25,,,22:32,,,,22:38,,,22:46,,22:51,,,,,23:01,23:06,,,,,23:19,,23:29,23:34,23:37,23:41,23:50,,,,,,,,,,,,,
1497,22:22,22:25,22:27,22:30,22:32,22:34,22:37,22:40,22:43,22:47,22:51,22:54,22:57,23:02,23:05,23:08,23:11,23:14,23:19,23:24,23:30,23:34,23:39,23:42,23:45,23:50,,,,,,,,,,,,,,,,,
1498,22:26,22:29,22:31,22:34,22:36,22:38,22:41,22:44,22:47,22:51,22:55,22:58,23:01,23:06,23:09,23:12,23:15,23:18,23:23,23:28,23:34,23:38,23:43,23:46,23:49,23:55,00:00,00:03,00:07,00:15,00:24,00:28,00:32,00:39,00:48,,,,,,,,
1499,22:30,22:33,22:35,22:38,22:40,22:42,22:45,22:48,22:51,22:55,22:59,,,,,,,,,,,,,,,,,,,,,,,,,,,,,,,,
1500,,,,,,,,22:51,22:54,22:58,23:02,23:05,23:08,23:13,23:16,23:18,23:21,23:24,23:28,23:32,23:38,23:42,23:47,23:50,23:53,23:58,,,,,,,,,,,,,,,,,,,,,,,
1501,22:38,22:41,22:43,22:46,22:48,22:50,22:53,22:56,23:00,23:04,23:08,23:11,23:14,23:19,23:22,23:24,23:27,23:30,23:35,23:41,23:47,23:51,23:56,23:59,00:02,00:09,00:14,00:17,00:23,,,,,,,,,,,,,,,,,,,,
1502,22:42,22:45,22:47,22:50,22:52,22:54,22:57,23:00,23:04,23:08,23:12,23:15,23:18,23:23,23:26,23:28,23:31,23:34,23:40,,,,,,,,,,,,,,,,,,,,,,,,,,,,,,
1503,22:46,22:49,22:51,22:54,22:56,22:58,23:01,23:04,23:07,23:11,23:15,23:18,23:21,23:26,23:29,23:32,23:35,23:38,23:43,23:48,23:54,23:58,00:03,00:06,00:09,00:15,,,,,,,,,,,,,,,00:20,00:24,00:32,,,,,,
1504,22:50,,:,22:57,,,,23:04,,,23:12,,23:17,,,,,23:27,23:31,23:36,23:42,23:46,23:51,23:54,23:57,00:03,,,,,,,,,,,,,,,00:08,00:11,00:18,00:26,00:34,00:40,00:49,01:01,01:18
1505,22:50,22:53,22:55,22:58,23:00,23:02,23:05,23:08,23:11,23:15,23:19,23:22,23:25,23:30,23:33,23:36,23:39,23:42,23:47,,,,,,,,,,,,,,,,,,,,,,,,,,,,,,
1506,22:54,22:57,22:59,23:02,23:04,23:06,23:09,23:12,23:15,23:19,23:23,,,,,,,,,,,,,,,,,,,,,,,,,,,,,,,,,,,,,,
1507,23:00,23:03,23:05,23:08,23:10,23:12,23:15,23:18,23:21,23:25,23:29,23:32,23:35,23:40,23:43,23:46,23:49,23:52,23:57,,,,,,,,,,,,,,,,,,,,,,,,,,,,,,
1508,23:05,23:08,23:10,23:13,23:15,23:17,23:20,23:23,23:26,23:30,23:34,23:37,23:40,23:45,23:48,23:51,23:54,23:57,00:01,00:06,00:12,00:16,00:21,00:24,00:27,00:33,00:38,00:41,00:47,,,,,,,,,,,,,,,,,,,,
1509,23:15,23:18,23:20,23:23,23:25,23:27,23:30,23:33,23:36,23:40,23:44,23:47,23:50,23:55,23:58,00:01,00:04,00:07,00:12,,,,,,,,,,,,,,,,,,,,,,,,,,,,,,
1510,23:18,,,23:25,,,,23:31,,,23:39,,23:44,,,,,23:54,23:58,,,,,00:11,,00:18,00:23,00:26,00:30,00:38,00:47,00:51,00:55,01:02,01:11,,,,,,,,,,,,,,
1511,23:20,23:23,23:25,23:28,23:30,23:32,23:35,23:38,23:41,23:45,23:49,23:52,23:55,00:00,00:03,00:06,00:09,00:12,00:16,00:20,00:26,00:30,00:35,00:38,00:41,00:47,,,,,,,,,,,,,,,00:51,00:55,01:03,,,,,,
1512,23:25,23:28,23:30,23:33,23:35,23:37,23:40,23:43,23:46,23:50,23:54,,,,,,,,,,,,,,,,,,,,,,,,,,,,,,,,,,,,,,
1513,23:30,23:33,23:35,23:38,23:40,23:42,23:45,23:48,23:51,23:55,23:59,00:02,00:05,00:10,00:13,00:16,00:19,00:22,00:26,00:30,00:36,00:40,00:45,00:48,00:51,00:57,01:02,01:05,01:09,01:17,01:26,01:30,01:34,01:41,01:50,,,,,,,,,,,,,,
1514,23:40,23:43,23:45,23:48,23:50,23:52,23:55,23:58,00:01,00:05,00:09,00:12,00:15,00:20,00:23,00:25,00:28,00:31,00:36,00:41,00:47,00:51,00:56,00:59,01:02,01:09,01:14,01:17,01:23,,,,,,,,,,,,,,,,,,,,
1515,23:44,23:47,23:49,23:52,23:54,23:56,23:59,00:02,00:05,00:09,00:13,00:16,00:19,00:24,00:27,00:29,00:32,00:35,00:39,,,,,,,,,,,,,,,,,,,,,,,,,,,,,,
1516,23:48,23:51,23:53,23:56,23:58,00:00,00:03,00:06,00:09,00:13,00:17,00:20,00:23,00:28,00:31,00:33,00:36,00:39,00:43,00:47,00:53,00:57,01:02,01:05,01:08,01:14,,,,,,,,,,,,,,,01:18,01:22,01:30
1517,23:52,23:55,23:57,00:00,00:02,00:04,00:07,00:10,00:13,00:17,00:21,00:24,00:27,00:32,00:35,00:37,00:40,00:43,00:48,,,,,,,,,,,,,,,,,,,,,,,,
1518,23:56,23:59,00:01,00:04,00:06,00:08,00:11,00:14,00:17,00:21,00:25,,,,,,,,,,,,,,,,,,,,,,,,,,,,,,,,
