,115,79,109,80,11,73,27,15,45,66,35,39,4,114,91,53,8,65,72,25,32,62,64,75,37,17,69,21
577,,,,,,,,,,,,,04:04,04:07,04:10,04:13,04:17,04:20,04:23,04:27,04:29,04:32,04:35,04:38,04:40,04:42,04:45,04:48
578,,,,,,,,03:50,03:54,03:57,04:00,04:05,04:11,04:14,04:17,04:20,04:24,04:27,04:30,04:34,04:36,04:39,04:42,04:45,04:47,04:49,04:52,04:56
579,03:25,03:31,03:36,03:40,03:46,03:51,03:55,04:00,,,,,04:16,04:19,04:22,04:25,04:29,04:32,04:35,04:39,04:41,04:44,04:47,04:50,04:52,04:54,04:57,05:01
580,,,,,,,,04:03,04:07,04:10,04:13,04:18,04:24,04:27,04:30,04:33,04:37,04:40,04:43,04:47,04:49,04:52,04:55,04:58,05:00,05:02,05:05,05:10
581,,,,,,,,04:15,04:20,04:23,04:26,04:31,04:36,04:39,04:42,04:45,04:49,04:52,04:55,04:59,05:01,05:04,05:07,05:10,05:12,05:14,05:17,05:20
582,,,,,,,,04:18,04:23,04:26,04:29,04:34,04:39,04:42,04:45,04:48,04:52,04:55,04:58,05:02,05:04,05:07,05:10,05:13,05:15,05:17,05:20,05:23
583,,,,,,,,,,,,,04:42,04:46,04:49,04:52,04:56,04:59,05:02,05:06,05:08,05:11,05:14,05:17,05:19,05:21,05:24,05:27
584,03:53,03:59,04:04,04:08,04:14,04:19,04:23,04:28,04:32,04:35,04:38,04:43,04:48,04:51,04:54,04:57,05:01,05:04,05:07,05:11,05:13,05:16,05:19,05:22,05:24,05:26,05:29,05:32
585,,,,,,,,04:32,04:36,04:39,04:42,04:47,04:53,04:56,04:59,05:02,05:07,05:10,05:13,05:17,05:19,05:22,05:25,05:28,05:30,05:32,05:35,05:39
586,,,,,,,,04:40,04:44,04:47,04:50,04:55,05:01,,,,05:11,,,05:17,,,,05:25,05:27,05:29,05:32,05:35
587,,,,,,,,04:45,04:49,04:52,04:55,05:00,05:05,05:08,05:11,05:14,05:18,05:21,05:24,05:28,05:30,05:33,05:36,05:39,05:41,05:43,05:46,05:49
588,,,,,,,,,,,,,05:09,05:12,05:15,05:18,05:22,05:25,05:28,05:32,05:34,05:37,05:40,05:43,05:45,05:47,05:50,05:54
589,,,,,04:33,04:38,04:42,04:47,04:52,04:55,04:58,05:03,05:09,,,,05:19,,,05:25,,,,05:32,05:34,05:36,05:39,05:43
590,,,,,,,,04:56,05:00,05:03,05:06,05:11,05:17,05:20,05:23,05:26,05:30,05:33,05:36,05:40,05:42,05:45,05:48,05:51,05:53,05:55,05:58,06:02
591,04:24,04:30,04:35,04:39,04:45,04:50,04:54,04:59,,,,,05:14,05:17,05:20,05:23,05:27,05:30,05:33,05:37,05:39,05:42,05:45,05:48,05:50,05:52,05:55,05:58
592,,,,,,,,,,,,,05:20,05:23,05:26,05:29,05:33,05:36,05:39,05:43,05:45,05:48,05:51,05:54,05:56,05:58,06:01,06:04
593,,,,,,,,05:03,05:07,05:10,05:13,05:18,05:24,05:27,05:30,05:33,05:37,05:40,05:43,05:47,05:49,05:52,05:55,05:58,06:00,06:02,06:05,06:08
594,,,,,,,,05:10,05:14,05:17,05:20,05:25,05:30,05:33,05:36,05:39,05:43,05:46,05:49,05:53,05:55,05:58,06:01,06:04,06:06,06:08,06:11,06:14
595,,,,,,,,05:15,05:19,05:22,05:25,05:30,05:35,05:38,05:41,05:44,05:48,05:51,05:54,05:58,06:00,06:03,06:06,06:09,06:11,06:13,06:16,06:20
596,04:45,04:51,04:57,05:01,05:07,05:12,05:16,05:22,,,,,05:38,,,,05:48,,,05:54,,,,06:01,06:03,06:05,06:08,06:14
597,,,,,,,,05:20,05:24,05:27,05:30,05:35,05:42,05:45,05:48,05:51,05:55,05:58,06:01,06:05,06:07,06:10,06:13,06:16,06:18,06:20,06:23,06:27
598,,,,,05:12,05:18,05:22,05:26,05:30,05:33,05:36,05:41,05:47,05:50,05:53,05:56,06:00,06:03,06:06,06:10,06:12,06:15,06:18,06:21,06:23,06:25,06:28,06:31
599,,,,,,,,05:31,05:35,05:38,05:41,05:46,05:52,05:55,05:58,06:01,06:05,06:08,06:11,06:15,06:17,06:20,06:23,06:26,06:28,06:30,06:33,06:36
600,,,,,,,,05:37,05:41,05:44,05:47,05:52,05:57,06:00,06:03,06:06,06:10,06:13,06:16,06:20,06:22,06:25,06:28,06:32,06:34,06:36,06:39,06:43
601,05:00,05:06,05:11,05:15,05:21,05:26,05:30,05:35,,,,,05:50,,,,05:59,,,06:05,,,,06:12,06:14,06:16,06:19,06:24
602,,,,,05:30,05:36,05:40,05:45,05:49,05:52,05:55,06:00,06:05,,,,06:15,,,06:21,,,,06:29,06:31,06:33,06:36,06:40
603,,,,,,,,05:48,05:52,05:55,05:58,06:03,06:09,06:12,06:15,06:18,06:22,06:25,06:28,06:32,06:34,06:37,06:40,06:43,06:45,06:47,06:50,06:53
604,,,,,05:38,05:44,05:48,05:52,05:56,05:59,06:02,06:07,06:12,06:15,06:18,06:21,06:25,06:28,06:31,06:35,06:37,06:40,06:43,06:46,06:48,06:50,06:53,06:56
605,,,,,,,,,,,,,06:15,06:18,06:21,06:24,06:29,06:32,06:35,06:39,06:41,06:44,06:47,06:50,06:52,06:54,06:57,07:00
606,,,,,,,,05:57,06:01,06:04,06:07,06:12,06:18,06:21,06:24,06:27,06:32,06:35,06:38,06:42,06:44,06:47,06:50,06:53,06:55,06:57,07:00,07:04
607,05:22,05:28,05:33,05:37,05:43,05:48,05:52,05:58,,,,,06:13,,,,06:22,,,06:28,,,,06:35,06:37,06:39,06:42,06:46
608,,,,,,,,06:00,06:04,06:07,06:10,06:15,06:21,06:24,06:27,06:30,06:35,06:38,06:41,06:45,06:47,06:50,06:53,06:56,06:58,07:00,07:03,07:07
609,05:30,05:36,05:42,,05:52,05:57,,06:06,,,,,06:20,,,,06:29,,,06:36,,,,,,,,06:52
610,05:30,05:36,05:41,05:45,05:51,05:56,06:00,06:04,06:09,06:12,06:15,06:20,06:26,06:29,06:32,06:35,06:41,,,,,,,,,,,
611,,,,,,,,06:08,06:12,06:15,06:18,06:23,06:29,06:32,06:35,06:38,06:43,06:46,06:49,06:53,06:55,06:58,07:01,07:04,07:06,07:08,07:11,07:15
612,05:37,05:43,05:48,05:52,05:58,06:03,06:07,06:13,,,,,,,,,,,,,,,,,,,,
613,,,,,,,,06:13,06:17,06:20,06:23,06:28,06:33,06:36,06:39,06:42,06:46,06:49,06:52,06:56,06:58,07:01,07:04,07:07,07:09,07:11,07:14,07:18
614,,,,,,,,06:18,06:22,06:25,06:28,06:33,06:38,06:41,06:44,06:47,06:52,06:55,06:58,07:02,07:04,07:07,07:10,07:13,07:15,07:17,07:20,07:23
615,05:45,05:51,05:56,06:00,06:06,06:11,06:15,06:20,,,,,06:35,,,,06:44,,,06:50,,,,06:57,06:59,07:01,07:04,07:07
616,,,06:00,06:04,06:10,06:15,06:19,06:24,,,,,06:38,,,,06:47,,,06:54,,,,,,,,
617,,,,,,,,,,,,,06:41,06:44,06:47,06:50,06:55,06:58,07:01,07:05,07:07,07:10,07:13,07:16,07:18,07:20,07:23,07:26
618,,,,,,,,06:24,06:28,06:31,06:34,06:39,06:45,06:48,06:51,06:54,06:59,07:02,07:05,07:09,07:11,07:14,07:17,07:20,07:22,07:24,07:27,07:30
619,,,,,,,,06:27,06:31,06:34,06:38,06:43,06:49,,,,06:59,,,07:06,,,,07:13,07:15,07:17,07:20,07:23
620,,,,,,,,06:30,06:34,06:37,06:41,06:46,06:52,06:55,06:58,07:01,07:06,07:09,07:12,07:16,07:18,07:21,07:24,07:27,07:29,07:31,07:34,07:38
621,05:53,05:59,06:04,06:08,06:14,06:19,06:23,06:28,06:32,06:35,06:38,06:42,06:49,,,,,,,,,,,,,,,
622,,,,,,,,06:33,06:38,06:41,06:46,06:51,06:55,06:58,07:01,07:04,07:09,07:12,07:15,07:19,07:21,07:24,07:27,07:30,07:32,07:34,07:37,07:41
623,,,,,06:18,06:23,06:26,06:32,06:36,06:39,06:42,06:47,06:53,,,,07:03,,,07:10,,,,07:17,07:19,07:21,07:24,07:30
624,,,,,,,,06:39,06:44,06:47,06:50,06:55,07:00,07:03,07:06,07:09,07:13,07:16,07:19,07:23,07:25,07:28,07:31,07:34,07:36,07:38,07:41,07:45
625,06:04,06:10,06:15,06:19,06:25,06:30,06:34,06:40,,,,,,,,,,,,,,,,,,,,
626,,,,,,,,06:42,06:47,06:50,06:53,06:58,07:03,,,,07:12,,,07:18,,,,07:25,07:27,07:29,07:32,07:38
627,06:09,06:15,06:20,06:24,06:30,06:35,06:39,06:44,,,,,06:59,,,,07:09,,,07:15,,,,07:22,07:24,07:26,07:29,07:33
628,,,,,,,,06:46,06:50,06:53,06:56,07:01,07:06,07:09,07:12,07:15,07:19,07:22,07:25,07:29,07:31,07:34,07:37,07:40,07:42,07:44,07:47,07:51
629,,,,,,,,06:50,06:54,06:57,07:00,07:05,07:10,07:13,07:16,07:19,07:23,07:26,07:29,07:33,07:35,07:38,07:41,07:44,07:46,07:48,07:51,07:54
630,06:19,06:25,06:30,06:34,06:40,06:45,06:49,06:54,,,,,07:09,,,,07:18,,,07:25,,,,,,,,
631,06:23,06:29,06:34,06:38,06:44,06:49,06:53,06:59,,,,,,,,,,,,,,,,,,,,
632,,,,,,,,06:53,06:57,07:00,07:03,07:08,07:13,07:16,07:19,07:22,07:26,07:29,07:32,07:36,07:38,07:41,07:44,07:47,07:49,07:51,07:54,07:58
633,,,,,,,,,,,,,07:17,07:20,07:23,07:26,07:31,07:34,07:37,07:41,07:43,07:46,07:49,07:52,07:54,07:56,07:59,08:03
634,,,,,,,,07:00,07:04,07:07,07:10,07:15,07:20,,,,07:30,,,07:36,,,,07:43,07:45,07:47,07:50,07:53
635,,,,,,,,,,,,,,,,,07:34,07:37,07:40,07:44,07:46,07:49,07:52,07:55,07:57,07:59,08:02,08:06
636,,,,,,,,07:04,07:08,07:11,07:14,07:19,07:24,07:27,07:30,07:33,07:38,07:41,07:44,07:48,07:50,07:53,07:56,07:59,08:01,08:03,08:06,08:10
637,06:33,06:39,06:44,06:48,06:54,06:59,07:03,07:08,,,,,07:25,,,,07:35,,,07:42,,,,07:50,07:52,07:54,07:57,08:00
638,,,,,,,,07:07,07:11,07:14,07:17,07:22,07:27,07:30,07:33,07:36,07:41,07:44,07:47,07:51,07:53,07:56,07:59,08:02,08:04,08:06,08:09,08:13
639,,,,,,,,07:12,07:16,07:19,07:22,07:27,07:33,,,,07:43,,,07:50,,,,07:57,07:59,08:01,08:04,08:07
640,,,06:48,06:53,06:59,07:04,07:08,,,,,,07:28,,,,,,,07:46,,,,,,,,
641,,,,,,,,07:15,07:19,07:22,07:25,07:30,07:36,07:39,07:42,07:45,07:49,07:52,07:55,07:59,08:01,08:04,08:07,08:10,08:12,08:14,08:17,08:20
642,06:41,06:47,06:52,06:57,07:03,07:08,07:12,07:18,07:22,07:25,07:28,07:33,07:39,07:42,07:45,07:48,07:54,,,,,,,,,,,
643,06:45,06:51,06:56,07:00,07:06,07:11,07:15,07:21,07:25,07:28,07:31,07:36,07:43,,,,,,,,,,,,,,,
644,,,,,,,,07:24,07:28,07:31,07:34,07:39,07:44,07:47,07:50,07:53,07:58,08:01,08:04,08:08,08:10,08:13,08:16,08:19,08:21,08:23,08:26,08:30
645,,,,,,,,,,,,,07:47,07:50,07:53,07:56,08:01,08:04,08:07,08:11,08:13,08:16,08:19,08:22,08:24,08:26,08:29,08:33
646,,,,,,,,07:27,07:31,07:34,07:37,07:42,07:47,,,,07:57,,,08:03,,,,08:10,08:12,08:14,08:17,08:20
647,06:54,07:00,07:05,07:09,07:15,07:20,07:24,07:29,,,,,07:43,,,,07:53,,,07:59,,,,08:06,08:08,08:10,08:13,08:16
648,,,,,,,,07:32,07:37,07:40,07:44,07:49,07:54,,,,08:03,,,08:09,,,,08:16,08:18,08:20,08:23,08:27
649,07:00,07:06,07:11,07:15,07:21,07:26,07:30,07:34,,,,,07:50,,,,08:00,,,08:07,,,,,,,,
650,07:04,07:10,07:15,07:19,07:25,07:30,07:34,07:40,,,,,,,,,,,,,,,,,,,,
651,,,,,,,,,,,,,,,,,08:04,08:07,08:10,08:14,08:16,08:19,08:22,08:25,08:27,08:29,08:32,08:36
652,,,,,,,,,,,,,07:53,07:56,07:59,08:02,08:07,08:10,08:13,08:17,08:19,08:22,08:25,08:28,08:30,08:32,08:35,08:39
653,,,,,,,,07:36,07:40,07:43,07:46,07:51,07:56,07:59,08:02,08:05,08:10,08:13,08:16,08:20,08:22,08:25,08:28,08:31,08:33,08:35,08:38,08:42
654,,,,,,,,,,,,,07:59,08:02,08:05,08:08,08:13,08:16,08:19,08:23,08:25,08:28,08:31,08:34,08:36,08:38,08:41,08:45
655,,,,,,,,07:39,07:43,07:46,07:49,07:54,08:00,,,,08:10,,,08:16,,,,08:23,08:25,08:27,08:30,08:33
656,,,,,,,,07:42,07:47,07:50,07:53,07:58,08:03,08:06,08:09,08:12,08:16,08:19,08:22,08:26,08:28,08:31,08:34,08:37,08:39,08:41,08:44,08:48
657,,,07:18,07:23,07:29,07:34,07:38,07:43,,,,,07:57,,,,08:07,,,08:13,,,,08:20,08:22,08:24,08:27,08:30
658,07:11,07:17,07:22,07:27,07:33,07:38,07:42,07:47,,,,,08:03,,,,08:13,,,08:19,,,,08:27,08:29,08:31,08:34,08:38
659,,,,,,,,,,,,,08:06,08:09,08:12,08:15,08:19,08:22,08:25,08:29,08:31,08:34,08:37,08:40,08:42,08:44,08:47,08:51
660,,,,,,,,07:48,07:52,07:55,07:58,08:03,08:09,08:12,08:15,08:18,08:22,08:25,08:28,08:32,08:34,08:37,08:40,08:43,08:45,08:47,08:50,08:54
661,07:15,07:21,07:26,07:31,07:37,07:42,07:46,07:51,07:55,07:58,08:01,08:06,08:11,,,,,,,,,,,,,,,
662,,,,,,,,,,,,,08:13,08:16,08:19,08:22,08:27,08:30,08:33,08:37,08:39,08:42,08:45,08:48,08:50,08:52,08:55,08:58
663,,,,,,,,07:54,07:58,08:01,08:04,08:09,08:15,,,,08:25,,,08:31,,,,08:38,08:40,08:42,08:45,08:48
664,,,,,07:43,07:48,07:52,07:57,,,,,08:12,,,,08:21,,,08:27,,,,08:34,08:36,08:38,08:41,08:44
665,,,,,,,,07:57,08:01,08:04,08:07,08:12,08:18,,,,08:28,,,08:34,,,,08:41,08:43,08:45,08:48,08:51
666,,,,,,,,,,,,,,,,,08:30,08:33,08:36,08:40,08:42,08:45,08:48,08:51,08:53,08:55,08:58,09:01
667,,,,,,,,,,,,,08:18,08:22,08:25,08:28,08:33,08:36,08:39,08:43,08:45,08:48,08:51,08:54,08:56,08:58,09:01,09:05
668,07:27,07:33,07:38,07:43,07:49,07:54,07:58,08:02,08:06,08:09,08:12,08:17,08:21,08:25,08:28,08:31,08:36,,,,,,,,,,,
669,,,,,,,,,,08:08,08:12,08:16,08:21,,,,08:31,,,08:37,,,,08:44,08:46,08:48,08:51,08:54
670,,,,,,,,,,,,,08:24,08:28,08:31,08:34,08:38,08:41,08:44,08:48,08:50,08:53,08:56,08:59,09:01,09:03,09:06,09:09
671,,,,,,,,08:05,08:09,08:12,08:15,08:20,08:27,08:31,08:34,08:37,08:41,08:44,08:47,08:51,08:53,08:56,08:59,09:02,09:04,09:06,09:09,09:13
672,07:31,07:37,07:42,07:47,07:53,07:58,08:02,08:07,,,,,08:24,,,,08:33,,,08:39,,,,08:47,08:49,08:51,08:54,08:57
673,,,,,,,,,,,08:18,08:22,08:27,,,,08:37,,,08:43,,,,08:50,08:52,08:54,08:57,09:00
674,,,,,,,,08:10,08:14,08:17,08:20,08:25,08:31,,,,08:41,,,08:47,,,,08:54,08:56,08:58,09:01,09:04
675,,,07:46,07:51,07:57,08:02,08:06,08:11,08:15,08:18,08:23,08:27,08:32,,,,,,,,,,,,,,,
676,07:39,07:45,07:50,07:54,08:00,08:05,08:09,08:14,08:18,08:21,08:24,08:29,08:34,08:37,08:40,08:43,08:47,08:50,08:53,08:57,08:59,09:02,09:05,09:08,09:10,09:12,09:15,09:19
677,,,,,,,,08:17,08:21,08:24,08:27,08:32,08:37,08:40,08:43,08:46,08:50,08:53,08:56,09:00,09:02,09:05,09:08,09:11,09:13,09:15,09:18,09:22
678,07:43,07:49,07:54,07:59,08:05,08:10,08:14,08:19,,,,,08:35,,,,08:44,,,08:50,,,,08:57,08:59,09:01,09:04,09:07
679,07:47,07:53,07:58,08:03,08:09,08:14,08:18,08:24,,,,,,,,,,,,,,,,,,,,
680,,,,,,,,,,,,,08:40,08:43,08:46,08:49,08:54,08:57,09:00,09:04,09:06,09:09,09:12,09:15,09:17,09:19,09:22,09:26
681,,,,,,,,08:22,08:26,08:29,08:32,08:37,08:43,,,,08:53,,,08:59,,,,09:06,09:08,09:10,09:13,09:16
682,,,,,,,,,,,,,08:43,08:47,08:50,08:53,08:57,09:00,09:03,09:07,09:09,09:12,09:15,09:18,09:20,09:22,09:25,09:29
683,,,,,,,,,,,,,,,,,09:00,09:03,09:06,09:10,09:12,09:15,09:18,09:21,09:23,09:25,09:28,09:32
684,,,,,,,,,,08:35,08:39,08:43,08:48,,,,08:57,,,09:03,,,,09:10,09:12,09:14,09:17,09:20
685,,,,,,,,,,,,,08:48,08:51,08:54,08:57,09:03,09:06,09:09,09:13, 9:15,09:18,09:21,09:24,09:26,09:28,09:31,09:35
686,,,,,,,,08:28,08:33,08:36,08:39,08:44,08:51,08:54,08:57,09:00,09:06,09:09,09:12,09:16,09:18,09:21,09:24,09:27,09:29,09:31,09:34,09:38
687,,,,,,,,08:33,08:37,08:40,08:43,08:48,08:54,08:57,09:00,09:03,09:09,09:12,09:15,09:19,09:21,09:24,09:27,09:30,09:32,09:34,09:37,09:41
688,08:00,08:06,08:11,08:15,08:21,08:26,08:30,08:35,,,,,08:51,,,,09:00,,,09:06,,,,09:13,09:15,09:17,09:20,09:23
689,,,,,,,,08:36,08:40,08:43,08:46,08:51,08:57,,,,09:07,,,09:13,,,,09:20,09:22,09:24,09:27,09:30
690,,,,,08:25,08:30,08:34,08:39,,,,,08:54,,,,09:04,,,09:10,,,,09:17,09:19,09:21,09:24,09:27
691,,,,,,,,,,,,,08:57,09:02,09:05,09:08,09:12,09:15,09:18,09:22,09:24,09:27,09:30,09:33,09:35,09:37,09:40,09:44
692,,,,,,,,08:41,08:45,08:48,08:51,08:56,09:02,09:05,09:08,09:11,09:15,09:18,09:21,09:25,09:27,09:30,09:33,09:36,09:38,09:40,09:43,09:47
693,,,08:19,08:24,08:30,08:35,08:39,08:43,,,,,09:00,,,,09:10,,,09:16,,,,09:23,09:25,09:27,09:30,09:33
694,,,,,,,,08:45,08:49,08:52,08:55,09:00,09:06,,,,09:16,,,09:22,,,,09:29,09:31,09:33,09:36,09:40
695,08:11,08:17,08:23,08:27,08:33,08:38,08:42,08:47,,,,,09:03,,,,09:13,,,09:19,,,,09:26,09:28,09:30,09:33,09:37
696,,,,,,,,,,,,,,,,,09:18,09:21,09:24,09:28,09:30,09:33,09:36,09:39,09:41,09:43,09:46,09:50
697,,,,,,,,,,,,,09:08,09:11,09:14,09:17,09:21,09:24,09:27,09:31,09:33,09:36,09:39,09:42,09:44,09:46,09:49,09:53
698,,,,,,,,,,,09:01,09:05,09:11,,,,09:20,,,09:27,,,,09:34,09:36,09:38,09:41,09:45
699,,,,,,,,08:48,08:52,08:55,08:58,09:03,09:11,09:14,09:17,09:20,09:24,09:27,09:30,09:34,09:36,09:39,09:42,09:45,09:47,09:49,09:52,09:56
700,08:15,08:21,08:27,08:31,08:37,08:42,08:46,08:52,08:56,08:59,09:02,09:07,09:13,,,,,,,,,,,,,,,
701,08:19,08:25,08:31,08:35,08:41,08:46,08:50,08:55,,,,,,,,,,,,,,,,,,,,
702,,,,,,,,,,,,,09:16,09:19,09:22,09:25,09:30,09:33,09:36,09:40,09:42,09:45,09:48,09:51,09:53,09:55,09:58,10:02
703,,,,,,,,08:57,09:01,09:04,09:07,09:12,09:17,,,,09:27,,,09:34,,,,09:41,09:43,09:45,09:48,09:52
704,08:24,08:30,08:35,08:39,08:45,08:50,08:54,08:59,,,,,09:14,,,,09:24,,,09:31,,,,09:38,09:40,09:42,09:45,09:48
705,,,,,,,,09:00,09:04,09:07,09:10,09:15,09:20,09:23,09:26,09:29,09:33,09:36,09:39,09:43,09:45,09:48,09:51,09:54,09:56,09:58,10:01,10:05
706,08:28,08:34,08:39,08:43,08:49,08:54,08:58,09:03,,,,,09:20,,,,09:30,,,09:37,,,,09:44,09:46,09:48,09:51,09:55
707,,,,,,,,09:03,09:07,09:10,09:13,09:18,09:23,09:26,09:29,09:32,09:37,09:40,09:43,09:47,09:49,09:52,09:55,09:58,10:00,10:02,10:05,10:08
708,,,,,,,,,,,,,09:25,09:29,09:32,09:35,09:40,09:43,09:46,09:50,09:52,09:55,09:58,10:01,10:03,10:05,10:08,10:12
709,,,08:42,08:47,08:53,08:58,09:02,09:07,,,,,09:23,,,,09:33,,,09:40,,,,09:47,09:49,09:51,09:54,09:58
710,,,,,,,,,,,,,09:28,09:32,09:35,09:38,09:43,09:46,09:49,09:53,09:55,09:58,10:01,10:04,10:06,10:08,10:11,10:15
711,,,,,,,,09:10,09:14,09:17,09:20,09:25,09:31,,,,09:40,,,09:46,,,,09:53,09:55,09:57,10:00,10:04
712,08:36,08:42,08:47,08:51,08:57,09:02,09:06,09:11,,,,,09:26,,,,09:35,,,09:42,,,,09:49,09:51,09:53,09:56,10:01
713,08:41,08:47,08:52,08:56,09:02,09:07,09:11,09:16,,,,,,,,,,,,,,,,,,,,
714,,,,,,,,,,,,,,,,,09:46,09:49,09:52,09:56,09:58,10:01,10:04,10:07,10:09,10:11,10:14,10:18
715,,,,,,,,09:16,09:20,09:23,09:26,09:31,09:36,09:39,09:42,09:45,09:49,09:52,09:55,09:59,10:01,10:04,10:07,10:10,10:12,10:14,10:17,10:21
716,,,,,,,,,,,09:31,09:35,09:39,,,,09:48,,,09:54,,,,10:01,10:03,10:05,10:08,10:11
717,,,,,,,,,,,,,09:39,09:42,09:45,09:48,09:53,09:56,09:59,10:03,10:05,10:08,10:11,10:14,10:16,10:18,10:21,10:25
718,,,,,09:06,09:11,09:15,09:21,09:25,09:28,09:31,09:36,09:42,09:45,09:48,09:51,09:56,09:59,10:02,10:06,10:08,10:11,10:14,10:17,10:19,10:21,10:24,10:29
719,,,,,,,,09:25,09:29,09:32,09:35,09:40,09:46,,,,09:56,,,10:02,,,,10:09,10:11,10:13,10:16,10:20
720,08:50,08:56,09:01,09:05,09:11,09:16,09:20,09:25,,,,,,,,,,,,,,,,,,,,
721,08:54,09:00,09:05,09:09,09:15,09:20,09:24,09:29,,,,,09:43,,,,09:52,,,09:58,,,,10:05,10:07,10:09,10:12,10:16
722,,,,,,,,,,,,,09:46,09:49,09:52,09:55,10:00,10:03,10:06,10:10,10:12,10:15,10:18,10:21,10:23,10:25,10:28,10:32
723,,,,,,,,,,,,,09:49,09:52,09:55,09:58,10:03,10:06,10:09,10:13,10:15,10:18,10:21,10:24,10:26,10:28,10:31,10:35
724,,,,,,,,09:29,09:34,09:37,09:40,09:45,09:52,09:55,09:58,10:01,10:06,10:09,10:12,10:16,10:18,10:21,10:24,10:27,10:29,10:31,10:34,10:38
725,,,09:10,09:14,09:20,09:25,09:29,09:33,09:37,09:40,09:43,09:48,09:55,,,,,,,,,,,,,,,
726,,,,,,,,09:37,09:41,09:44,09:47,09:52,09:57,,,,10:06,,,10:12,,,,10:19,10:21,10:23,10:26,10:29
727,09:00,09:09,09:14,09:18,09:24,09:29,09:33,09:38,,,,,09:53,,,,10:02,,,10:09,,,,,,,,
728,09:05,09:11,09:17,,09:27,09:32,,09:42,,,,,09:58,,,,,,,,,,,,,,,
729,09:07,09:13,09:18,09:22,09:28,09:33,09:37,09:43,,,,,,,,,,,,,,,,,,,,
730,,,,,,,,,,,,,,,,,10:11,10:14,10:17,10:21,10:23,10:26,10:29,10:32,10:34,10:36,10:39,10:43
731,,,,,,,,,,,,,10:00,10:03,10:06,10:09,10:14,10:17,10:20,10:24,10:26,10:29,10:32,10:35,10:37,10:39,10:42,10:46
732,,,,,,,,09:43,09:47,09:50,09:53,09:58,10:04,10:07,10:10,10:13,10:18,10:21,10:24,10:28,10:30,10:33,10:36,10:39,10:41,10:43,10:46,10:49
733,09:11,09:17,09:22,09:26,09:32,09:37,09:41,09:46,,,,,10:00,,,,10:09,,,10:15,,,,10:22,10:24,10:26,10:29,10:32
734,,,,,,,,,,,09:56,10:00,10:04,,,,10:13,,,10:19,,,,10:26,10:28,10:30,10:33,10:37
735,,,,,,,,,,,,,10:08,10:11,10:14,10:17,10:21,10:24,10:27,10:31,10:33,10:36,10:39,10:42,10:44,10:46,10:49,10:52
736,,,,,,,,09:48,09:53,09:56,09:59,10:04,10:10,,,,10:19,,,10:25,,,,10:32,10:34,10:36,10:39,10:42
737,,,,,09:37,09:42,09:46,09:52,,,,,10:07,,,,10:16,,,10:24,,,,,,,,
738,,,,,,,,09:53,09:57,10:00,10:03,10:08,10:13,10:16,10:19,10:22,10:26,10:29,10:32,10:36,10:38,10:41,10:44,10:47,10:49,10:51,10:54,10:58
739,,,,,,,,,,,,,10:14,10:18,10:21,10:24,10:30,10:33,10:36,10:40,10:42,10:45,10:48,10:51,10:53,10:55,10:58,11:03
740,09:21,09:27,09:32,09:36,09:42,09:47,09:51,09:56,,,,,10:13,,,,10:22,,,10:28,,,,10:35,10:37,10:39,10:42,10:45
741,09:25,09:32,09:37,09:41,09:47,09:52,09:56,10:01,,,,,10:17,,,,,,,,,,,,,,,
742,,,,,,,,09:57,10:01,10:04,10:07,10:12,10:17,,,,10:27,,,10:33,,,,10:40,10:42,10:44,10:47,10:51
743,,,,,,,,10:01,10:05,10:08,10:11,10:16,10:23,,,,10:33,,,10:39,,,,10:46,10:48,10:50,10:53,11:00
744,,,,,09:52,09:56,10:01,10:06,,,,,10:20,,,,10:30,,,10:36,,,,10:43,10:45,10:47,10:50,10:54
745,09:35,09:41,09:46,09:50,09:56,10:01,10:05,10:10,,,,,10:25,,,,,,,,,,,,,,,
746,,,,,,,,,,,,,,,,,10:33,10:36,10:39,10:43,10:45,10:48,10:51,10:54,10:56,10:58,11:01,11:05
747,,,,,,,,,,,,,10:21,10:24,10:27,10:30,10:36,10:39,10:42,10:46,10:48,10:51,10:54,10:57,10:59,11:01,11:04,11:08
748,,,,,,,,10:05,10:09,10:12,10:15,10:20,10:26,10:29,10:33,10:36,10:40,10:43,10:46,10:50,10:52,10:55,10:58,11:01,11:03,11:05,11:08,11:12
749,,,,,,,,,,,,,10:27,10:32,10:36,10:39,10:44,10:47,10:50,10:54,10:56,10:59,11:02,11:05,11:07,11:09,11:12,11:15
750,,,,,,,,10:10,10:14,10:17,10:20,10:25,10:31,,,,10:40,,,10:46,,,,10:53,10:55,10:57,11:00,11:06
751,09:39,09:45,09:50,09:54,10:00,10:05,10:09,10:14,,,,,10:28,,,,10:37,,,10:43,,,,10:50,10:52,10:54,10:57,11:03
752,,,,,,,,,,,,,10:32,10:35,10:39,10:42,10:47,10:50,10:53,10:57,10:59,11:02,11:05,11:08,11:10,11:12,11:15,11:18
753,,,,,,,,10:14,10:18,10:21,10:24,10:29,10:35,10:38,10:42,10:45,10:50,10:53,10:56,11:00,11:02,11:05,11:08,11:11,11:13,11:15,11:18,11:21
754,09:43,09:49,09:54,09:58,10:04,10:09,10:13,,,,,,10:34,,,,,,,10:51,,,,,,,,
755,,,,,,,,10:17,10:21,10:24,10:27,10:32,10:38,,,,10:47,,,10:53,,,,11:00,11:02,11:04,11:07,11:10
756,,,,,,,,,,,,,10:39,10:43,10:46,10:49,10:53,10:56,10:59,11:03,11:05,11:08,11:11,11:14,11:16,11:18,11:21,11:24
757,,,,,,,,10:21,10:25,10:28,10:31,10:36,10:43,,,,10:52,,,10:58,,,,11:05,11:07,11:09,11:12,11:16
758,,,,,,,,,,,,,10:42,10:45,10:48,10:51,10:56,10:59,11:02,11:06,11:08,11:11,11:14,11:17,11:19,11:21,11:24,11:27
759,,,,,,,,,,,,,,,,,10:59,11:02,11:05,11:09,11:11,11:14,11:17,11:20,11:22,11:24,11:27,11:30
760,,,,,,,,10:27,10:31,10:34,10:37,10:42,10:49,,,,10:58,,,11:04,,,,11:11,11:13,11:15,11:18,11:22
761,09:56,10:02,10:07,10:11,10:17,10:22,10:26,10:31,,,,,10:46,,,,10:55,,,11:01,,,,11:08,11:10,11:12,11:15,11:19
762,,,,,,,,10:30,10:34,10:37,10:40,10:45,10:52,10:55,10:58,11:01,11:05,11:08,11:11,11:15,11:17,11:20,11:23,11:26,11:28,11:30,11:33,11:36
763,,,,,,,,10:33,10:37,10:40,10:43,10:48,10:53,,,,11:03,,,11:09,,,,11:16,11:18,11:20,11:23,11:26
764,,,,,,,,,,,,,10:56,10:59,11:02,11:05,11:10,11:13,11:16,11:20,11:22,11:25,11:28,11:31,11:33,11:35,11:38,11:42
765,,,,,,,,10:35,10:39,10:42,10:45,10:50,10:57,,,,11:07,,,11:13,,,,11:20,11:22,11:24,11:27,11:30
766,10:03,10:09,10:14,10:18,10:24,10:29,10:33,10:38,10:42,10:45,10:50,10:55,11:00,,,,,,,,,,,,,,,
767,,,,,,,,10:42,10:46,10:49,10:54,10:58,11:03,11:06,11:09,11:12,11:16,11:19,11:22,11:26,11:28,11:31,11:34,11:37,11:39,11:41,11:44,11:47
768,10:08,10:14,10:19,10:23,10:29,10:34,10:38,10:44,,,,,,,,,,,,,,,,,,,,
769,,,,,,,,,,,,,11:06,11:09,11:12,11:15,11:20,11:23,11:26,11:30,11:32,11:35,11:38,11:41,11:43,11:45,11:48,11:51
770,,,,,,,,10:46,10:50,10:53,10:58,11:02,11:07,,,,11:17,,,11:23,,,,11:30,11:32,11:34,11:37,11:40
771,10:15,10:21,10:26,10:30,10:36,10:41,10:45,,,,,,11:04,,,,,,,11:21,,,,,,,,
772,,,,,,,,10:50,10:54,10:57,11:02,11:06,11:11,11:14,11:17,11:20,11:24,11:27,11:30,11:34,11:36,11:39,11:42,11:45,11:47,11:49,11:52,11:56
773,,,,,,,,10:53,10:57,11:00,11:05,11:09,11:15,,,,11:24,,,11:30,,,,11:37,11:39,11:41,11:44,11:47
774,10:20,10:26,10:31,10:35,10:41,10:46,10:50,10:55,,,,,11:11,,,,11:21,,,11:27,,,,11:34,11:36,11:38,11:41,11:44
775,,,,,,,,10:57,11:01,11:04,11:08,11:12,11:18,11:21,11:24,11:27,11:31,11:34,11:37,11:41,11:43,11:46,11:49,11:52,11:54,11:56,11:59,12:03
776,,,,,,,,11:02,11:06,11:09,11:12,11:17,11:23,11:26,11:29,11:32,11:36,11:39,11:42,11:46,11:48,11:51,11:54,11:57,11:59,12:01,12:04,12:08
777,,,,,,,,,,,,,11:26,11:29,11:32,11:35,11:39,11:42,11:45,11:49,11:51,11:54,11:57,12:00,12:02,12:04,12:07,12:12
778,,,,,,,,11:07,11:11,11:14,11:17,11:22,11:27,,,,11:37,,,11:43,,,,11:50,11:52,11:54,11:57,12:00
779,10:35,10:41,10:46,10:51,10:57,11:02,11:06,11:10,11:14,11:17,11:20,11:25,11:30,11:33,11:36,11:39,11:45,,,,,,,,,,,
780,,,,,,,,11:13,11:17,11:20,11:23,11:28,11:33,11:36,11:39,11:42,11:47,11:50,11:53,11:57,11:59,12:02,12:05,12:08,12:10,12:12,12:15,12:19
781,10:41,10:47,10:52,10:56,11:02,11:07,11:11,11:16,,,,,11:31,,,,11:41,,,11:47,,,,11:54,11:56,11:58,12:01,12:04
782,,,,,,,,,,,,,11:37,11:40,11:43,11:46,11:51,11:54,11:57,12:01,12:03,12:06,12:09,12:12,12:14,12:16,12:19,12:23
783,,,,,,,,11:20,11:24,11:27,11:30,11:35,11:40,11:43,11:46,11:49,11:54,11:57,12:00,12:04,12:06,12:09,12:12,12:15,12:17,12:19,12:22,12:26
784,,,,,,,,11:23,11:27,11:30,11:33,11:38,11:43,11:46,11:49,11:52,11:57,12:00,12:03,12:07,12:09,12:12,12:15,12:18,12:20,12:22,12:25,12:29
785,,,,,11:08,11:13,11:17,11:23,,,,,11:38,,,,11:46,,,11:52,,,,11:59,12:01,12:03,12:06,12:09
786,,,,,,,,11:26,11:30,11:33,11:36,11:41,11:46,,,,11:54,,,12:00,,,,12:07,12:09,12:11,12:14,12:17
787,10:52,10:58,11:04,11:08,11:14,11:19,11:23,11:29,11:33,11:36,11:39,11:44,11:49,,,,11:58,,,12:04,,,,12:11,12:13,12:15,12:18,12:21
788,,,,,,,,11:31,11:35,11:38,11:41,11:46,11:51,11:54,11:57,12:00,12:04,12:07,12:10,12:14,12:16,12:19,12:22,12:25,12:27,12:29,12:32,12:36
789,11:02,11:08,11:13,11:17,11:23,11:28,11:33,11:39,,,,,11:55,,,,12:05,,,12:11,,,,12:18,12:20,12:22,12:25,12:28
790,,,,,,,,,,,,,11:54,11:57,12:00,12:03,12:08,12:11,12:14,12:18,12:20,12:23,12:26,12:29,12:31,12:33,12:36,12:40
791,,,,,,,,11:40,11:44,11:47,11:50,11:55,12:01,,,,12:11,,,12:17,,,,12:24,12:26,12:28,12:31,12:34
792,11:09,11:15,11:20,11:24,11:30,11:35,11:39,11:44,,,,,11:58,,,12:08,,,,12:14,,,,12:21,12:23,12:25,12:28,12:31
793,11:12,11:18,11:24,,11:34,11:39,,11:48,,,,,12:04,,,12:14,,,,12:21,,,,,,,,12:37
794,,,,,,,,11:44,11:48,11:51,11:54,11:59,12:04,12:07,12:10,12:13,12:17,12:20,12:23,12:27,12:29,12:32,12:35,12:38,12:40,12:42,12:45,12:49
795,,,,,,,,11:47,11:51,11:54,11:57,12:02,12:08,12:11,12:14,12:17,12:21,12:24,12:27,12:31,12:33,12:36,12:39,12:42,12:44,12:46,12:49,12:53
796,11:15,11:21,11:26,11:30,11:36,11:41,11:45,11:50,11:54,11:57,12:00,12:05,12:11,,,,,,,,,,,,,,,
797,,,,,,,,,,,,,12:13,12:16,12:19,12:22,12:27,12:30,12:33,12:37,12:39,12:42,12:45,12:48,12:50,12:52,12:55,12:59
798,11:23,11:29,11:34,11:38,11:44,11:49,11:53,11:58,,,,,12:14,,,,,,,,,,,,,,,
799,,,,,,,,11:56,12:00,12:03,12:06,12:11,12:16,12:19,12:22,12:25,12:30,12:33,12:36,12:40,12:42,12:45,12:48,12:51,12:53,12:55,12:58,13:02
800,11:28,11:34,11:39,11:43,11:49,11:54,11:58,12:03,,,,,12:17,,,,12:26,,,12:32,,,,12:39,12:41,12:43,12:46,12:49
801,,,,,,,,12:02,12:06,12:09,12:12,12:17,12:22,12:25,12:28,12:31,12:35,12:38,12:41,12:45,12:47,12:50,12:53,12:56,12:58,13:00,13:03,13:07
802,,,,,11:52,11:57,12:01,12:06,,,,,12:21,,,,12:30,,,12:36,,,,12:43,12:45,12:47,12:50,12:53
803,,,,,,,,12:08,12:12,12:15,12:18,12:23,12:28,12:31,12:34,12:37,12:41,12:44,12:47,12:51,12:53,12:56,12:59,13:02,13:04,13:06,13:09,13:12
804,11:34,11:40,11:45,11:49,11:56,12:01,12:05,12:10,,,,,12:25,,,,12:34,,,12:41,,,,,,,,
805,,,,,,,,12:14,12:19,12:22,12:25,12:30,12:35,12:38,12:41,12:44,12:48,12:51,12:54,12:58,13:00,13:03,13:06,13:09,13:11,13:13,13:16,13:20
806,11:38,11:44,11:49,11:54,12:00,12:05,12:09,12:15,,,,,,,,,,,,,,,,,,,,
807,,,,,,,,12:17,12:22,12:25,12:28,12:33,12:38,12:41,12:44,12:47,12:51,12:54,12:57,13:01,13:03,13:06,13:09,13:12,13:14,13:16,13:19,13:23
808,,,,,,,,12:19,12:23,12:26,12:29,12:34,12:39,,,,12:49,,,12:55,,,,13:02,13:04,13:06,13:09,13:12
809,,,,,,,,12:21,12:25,12:28,12:31,12:36,12:42,12:45,12:48,12:51,12:56,12:59,13:02,13:06,13:08,13:11,13:14,13:17,13:19,13:21,13:24,13:28
810,11:49,11:55,12:00,12:04,12:10,12:15,12:19,12:24,12:28,12:31,12:34,12:39,12:45,,,,,,,,,,,,,,,
811,11:54,12:00,12:05,12:09,12:15,12:20,12:24,12:29,,,,,12:43,,,,12:53,,,13:00,,,,13:07,13:09,13:11,13:14,13:17
812,11:59,12:05,12:10,12:14,12:20,12:25,12:29,,,,,,12:47,,,,,,,13:04,,,,,,,,
813,,,,,,,,,,,,,12:46,12:49,12:52,12:55,13:00,13:03,13:06,13:10,13:12,13:15,13:18,13:21,13:23,13:25,13:28,13:31
814,,,,,,,,12:32,12:36,12:39,12:42,12:47,12:52,12:55,12:58,13:01,13:05,13:08,13:11,13:15,13:17,13:20,13:23,13:26,13:28,13:30,13:33,13:36
815,,,,,12:23,12:28,12:32,12:36,12:40,12:43,12:46,12:51,12:56,12:59,13:02,13:05,13:09,13:12,13:15,13:19,13:21,13:24,13:27,13:30,13:32,13:34,13:37,13:40
816,,,,,,,,12:39,12:43,12:46,12:49,12:54,12:59,13:02,13:05,13:08,13:12,13:15,13:18,13:22,13:24,13:27,13:30,13:33,13:35,13:37,13:40,13:43
817,12:05,12:11,12:16,12:20,12:27,12:32,12:36,12:41,,,,,12:56,,,,13:05,,,13:13,,,,,,,,
818,,,,,,,,,,,,,13:02,13:05,13:08,13:11,13:16,13:19,13:22,13:26,13:28,13:31,13:34,13:37,13:39,13:41,13:44,13:47
819,12:10,12:16,12:21,12:25,12:31,12:36,12:40,12:44,12:48,12:51,12:54,12:59,13:06,,,,,,,,,,,,,,,
820,,,,,,,,12:47,12:51,12:54,12:57,13:02,13:08,13:11,13:14,13:17,13:21,13:24,13:27,13:31,13:33,13:36,13:39,13:42,13:44,13:46,13:49,13:52
821,12:14,12:20,12:25,12:29,12:35,12:40,12:44,12:50,,,,,,,,,,,,,,,,,,,,
822,12:19,12:25,12:30,12:34,12:40,12:45,12:49,12:53,,,,,13:08,,,,13:17,,,13:23,,,,13:30,13:32,13:34,13:37,13:40
823,,,,,,,,12:54,12:58,13:01,13:04,13:09,13:14,13:17,13:20,13:23,13:27,13:30,13:33,13:37,13:39,13:42,13:45,13:48,13:50,13:52,13:55,13:59
824,,,,,,,,12:59,13:03,13:06,13:09,13:14,13:19,13:22,13:25,13:28,13:32,13:35,13:38,13:42,13:44,13:47,13:50,13:53,13:55,13:57,14:00,14:04
825,,,,,12:46,12:51,12:55,13:01,,,,,13:16,,,,13:25,,,13:31,,,,13:38,13:40,13:42,13:45,13:48
826,,,,,,,,13:02,13:06,13:09,13:12,13:17,13:22,13:25,13:28,13:31,13:35,13:38,13:41,13:45,13:47,13:50,13:53,13:56,13:58,14:00,14:03,14:07
827,12:32,12:38,12:43,12:47,12:53,12:58,13:02,13:06,13:10,13:13,13:16,13:21,13:26,13:29,13:32,13:35,13:41,,,,,,,,,,,
828,,,,,,,,13:09,13:13,13:16,13:19,13:24,13:29,13:32,13:35,13:38,13:43,13:46,13:49,13:53,13:55,13:58,14:01,14:04,14:06,14:08,14:11,14:14
829,,,,,,,,,,,,,13:33,13:37,13:40,13:43,13:48,13:51,13:54,13:58,14:00,14:03,14:06,14:09,14:12,14:14,14:17,14:20
830,,,,,,,,13:13,13:17,13:20,13:23,13:28,13:34,,,,13:44,,,13:50,,,,13:57,13:59,14:01,14:04,14:08
831,12:40,12:46,12:51,12:55,13:01,13:06,13:10,13:15,,,,,13:29,,,,13:38,,,13:44,,,,13:51,13:53,13:55,13:58,14:01
832,,,,,,,,13:18,13:22,13:25,13:28,13:33,13:38,13:41,13:44,13:47,13:52,13:55,13:58,14:02,14:04,14:07,14:10,14:13,14:15,14:17,14:20,14:24
833,,,,,,,,13:25,13:29,13:32,13:35,13:40,13:45,13:48,13:51,13:54,13:58,14:01,14:04,14:08,14:10,14:13,14:16,14:19,14:21,14:23,14:26,14:30
834,,,,,,,,13:29,13:33,13:36,13:39,13:44,13:49,13:52,13:55,13:58,14:02,14:05,14:08,14:12,14:14,14:17,14:20,14:23,14:25,14:27,14:30,14:34
835,12:54,13:00,13:06,13:10,13:16,13:21,13:25,13:30,,,,,13:45,,,,13:54,,,14:00,,,,14:07,14:09,14:11,14:14,14:17
836,,,,,,,,13:32,13:36,13:39,13:42,13:47,13:52,,,,14:02,,,14:08,,,,14:15,14:17,14:19,14:22,14:25
837,,,13:11,13:16,13:22,13:27,13:31,,,,,,13:49,,,,,,,14:06,,,,,,,,
838,,,,,,,,13:37,13:41,13:44,13:47,13:52,13:57,14:00,14:03,14:06,14:10,14:13,14:16,14:20,14:22,14:25,14:28,14:31,14:33,14:35,14:38,14:41
839,,,,,,,,,,,,,14:00,14:03,14:06,14:09,14:14,14:17,14:20,14:24,14:26,14:29,14:32,14:35,14:37,14:39,14:42,14:45
840,,,,,,,,13:41,13:46,13:49,13:52,13:57,14:03,14:06,14:09,14:12,14:17,14:20,14:23,14:27,14:29,14:32,14:35,14:38,14:40,14:42,14:45,14:48
841,,,,,13:27,13:32,13:36,13:42,,,,,13:56,,,,14:05,,,14:11,,,,14:18,14:20,14:22,14:25,14:28
842,13:10,13:16,13:21,13:25,13:31,13:36,13:40,13:46,,,,,14:01,,,,14:10,,,14:16,,,,14:23,14:25,14:27,14:30,14:33
843,,,,,,,,13:47,13:51,13:54,13:57,14:02,14:07,14:10,14:13,14:16,14:20,14:23,14:26,14:30,14:32,14:35,14:38,14:41,14:43,14:45,14:48,14:51
844,13:14,13:20,13:26,13:30,13:36,13:41,13:45,13:50,13:54,13:57,14:00,14:05,14:10,,,,14:19,,,14:25,,,,14:32,14:34,14:36,14:39,14:42
845,,,,,,,,13:52,13:56,13:59,14:02,14:07,14:12,14:15,14:18,14:21,14:25,14:28,14:31,14:35,14:37,14:40,14:43,14:46,14:48,14:50,14:53,14:57
846,,,,,,,,13:56,14:00,14:03,14:06,14:11,14:16,14:19,14:22,14:25,14:29,14:32,14:35,14:39,14:41,14:44,14:47,14:50,14:52,14:54,14:57,15:01
847,13:22,13:28,13:33,13:37,13:43,13:48,13:52,13:57,,,,,14:13,,,,14:22,,,14:30,,,,,,,,
848,13:26,13:32,13:37,13:41,13:47,13:52,13:56,,,,,,14:16,,,,,,,14:31,,,,14:38,14:40,14:42,14:45,14:48
849,,,,,,,,14:01,14:05,14:08,14:11,14:16,14:22,,,,14:32,,,14:38,,,,14:45,14:47,14:49,14:52,14:56
850,,,,,,,,14:04,14:08,14:11,14:14,14:19,14:25,14:28,14:31,14:34,14:38,14:41,14:44,14:48,14:50,14:53,14:56,14:59,15:01,15:03,15:06,15:09
851,13:30,13:36,13:41,13:45,13:51,13:56,14:00,14:05,,,,,14:19,,,,14:28,,,14:34,,,,14:41,14:43,14:45,14:48,14:52
852,13:35,13:41,13:46,13:50,13:56,14:01,14:05,14:10,,,,,14:26,,,,,,,,,,,,,,,
853,13:42,13:48,13:53,13:57,14:03,14:08,14:12,14:17,,,,,14:31,,,,14:41,,,14:48,,,,14:56,14:58,15:00,15:03,15:07
854,,,,,,,,14:10,14:14,14:17,14:20,14:25,14:30,14:33,14:36,14:39,14:43,14:46,14:49,14:53,14:55,14:58,15:01,15:04,15:06,15:08,15:11,15:15
855,,,,,,,,14:13,14:17,14:20,14:23,14:28,14:33,14:36,14:39,14:42,14:46,14:49,14:52,14:56,14:58,15:01,15:04,15:07,15:09,15:11,15:14,15:18
856,,,,,,,,14:17,14:21,14:24,14:27,14:32,14:38,,,,14:48,,,14:54,,,,15:01,15:03,15:05,15:08,15:12
857,,,,,,,,14:20,14:24,14:27,14:30,14:35,14:41,14:44,14:47,14:50,14:54,14:57,15:00,15:04,15:06,15:09,15:12,15:15,15:17,15:19,15:22,15:25
858,,,,,14:07,14:13,14:17,14:21,,,,,14:35,,,,14:44,,,14:51,,,,,,,,
859,13:50,13:56,14:01,14:05,14:11,14:16,14:20,14:24,14:28,14:31,14:34,14:39,14:46,,,,,,,,,,,,,,,
860,13:55,14:01,14:06,14:10,14:16,14:21,14:25,14:29,14:33,14:36,14:39,14:44,14:49,,,,14:58,,,15:04,,,,15:11,15:13,15:15,15:18,15:21
861,,,,,,,,14:27,14:32,14:35,14:38,14:43,14:49,14:52,14:55,14:58,15:02,15:05,15:08,15:12,15:14,15:17,15:20,15:23,15:25,15:27,15:30,15:34
862,,,,,,,,14:33,14:37,14:40,14:43,14:48,14:53,14:56,14:59,15:02,15:06,15:09,15:12,15:16,15:18,15:21,15:24,15:27,15:29,15:31,15:34,15:38
863,14:00,14:06,14:11,14:15,14:21,14:26,14:30,14:35,,,,,14:52,,,,15:01,,,15:07,,,,15:14,15:16,15:18,15:21,15:24
864,,,,,,,,14:37,14:42,14:45,14:48,14:53,14:58,,,,15:08,,,15:14,,,,15:21,15:23,15:25,15:28,15:31
865,,,,,,,,,,,,,14:56,15:00,15:03,15:06,15:11,15:14,15:17,15:21,15:23,15:26,15:29,15:32,15:34,15:36,15:39,15:42
866,,,,,,,,14:41,14:45,14:48,14:51,14:56,15:01,15:04,15:07,15:10,15:14,15:17,15:20,15:24,15:26,15:29,15:32,15:35,15:37,15:39,15:42,15:46
867,14:10,14:16,14:21,14:25,14:31,14:36,14:40,14:45,,,,,15:01,,,,15:11,,,15:17,,,,15:24,15:26,15:28,15:31,15:35
868,,,,,,,,14:45,14:49,14:52,14:55,15:00,15:05,15:08,15:11,15:14,15:18,15:21,15:24,15:28,15:30,15:33,15:36,15:39,15:41,15:43,15:46,15:49
869,14:15,14:21,14:26,14:30,14:36,14:41,14:45,14:50,,,,,15:04,,,,15:14,,,15:21,,,,,,,,
870,,,,,,,,,,,,,15:08,15:11,15:14,15:17,15:22,15:25,15:28,15:32,15:34,15:37,15:40,15:43,15:45,15:47,15:50,15:54
871,,,,,,,,14:50,14:54,14:57,15:00,15:05,15:12,15:15,15:18,15:21,15:25,15:28,15:31,15:35,15:37,15:40,15:43,15:46,15:48,15:50,15:53,15:58
872,14:20,14:26,14:31,14:35,14:41,14:46,14:50,14:54,14:58,15:01,15:04,15:09,15:15,15:18,15:21,15:24,15:30,,,,,,,,,,,
873,,,,,,,,14:57,15:01,15:04,15:07,15:12,15:18,,,,15:27,,,15:33,,,,15:40,15:42,15:44,15:47,15:51
874,14:26,14:32,14:37,14:41,14:47,14:52,14:56,15:01,,,,,15:15,,,,15:24,,,15:30,,,,15:37,15:39,15:41,15:44,15:47
875,,,,,,,,15:00,15:04,15:07,15:10,15:15,15:21,15:24,15:27,15:30,15:34,15:37,15:40,15:44,15:46,15:49,15:52,15:55,15:57,15:59,16:02,16:06
876,14:32,14:38,14:44,,14:54,14:59,,15:08,,,,,15:22,,,,15:31,,,15:38,,,,,,,,15:54
877,,,,,,,,,,,,,15:24,15:27,15:30,15:33,15:38,15:41,15:44,15:48,15:50,15:53,15:56,15:59,16:01,16:03,16:06,16:10
878,,,,,,,,15:09,15:13,15:16,15:19,15:24,15:29,15:32,15:35,15:38,15:42,15:45,15:48,15:52,15:54,15:57,16:00,16:03,16:05,16:07,16:10,16:14
879,14:37,14:43,14:48,14:52,14:58,15:03,15:07,15:12,,,,,15:27,,,,15:36,,,15:44,,,,,,,,
880,,,,,,,,15:14,15:18,15:21,15:24,15:29,15:34,15:37,15:40,15:43,15:47,15:50,15:53,15:57,15:59,16:02,16:05,16:08,16:10,16:12,16:15,16:19
881,14:43,14:49,14:54,14:58,15:04,15:09,15:13,15:18,,,,,15:33,,,,15:42,,,15:48,,,,15:55,15:57,15:59,16:02,16:05
882,,,,,,,,15:20,15:24,15:27,15:30,15:35,15:40,15:43,15:46,15:49,15:53,15:56,15:59,16:03,16:05,16:08,16:11,16:14,16:16,16:18,16:21,16:25
883,,,,,15:08,15:13,15:17,15:23,,,,,15:38,,,,15:47,,,15:53,,,,16:00,16:02,16:04,16:07,16:10
884,,,,,,,,,,,,,15:44,15:47,15:50,15:53,15:58,16:01,16:04,16:08,16:10,16:13,16:16,16:20,16:22,16:24,16:27,16:31
885,,,,,,,,15:28,15:32,15:35,15:38,15:43,15:48,15:51,15:54,15:57,16:02,16:05,16:08,16:12,16:14,16:17,16:20,16:23,16:25,16:27,16:30,16:34
886,,,,,,,,,,,,,15:53,15:56,15:59,16:02,16:07,16:10,16:13,16:17,16:19,16:22,16:25,16:28,16:30,16:32,16:35,16:39
887,,,,,,,,15:34,15:38,15:41,15:44,15:49,15:56,,,,16:06,,,16:13,,,,16:20,16:22,16:24,16:27,16:30
888,15:01,15:07,15:12,15:16,15:22,15:27,15:31,15:36,,,,,15:50,,,,15:58,,,16:04,,,,16:11,16:13,16:15,16:18,16:21
889,,,,,,,,15:38,15:42,15:45,15:48,15:53,15:59,16:02,16:05,16:08,16:12,16:15,16:18,16:22,16:24,16:27,16:30,16:33,16:35,16:37,16:40,16:44
890,,,15:19,15:23,15:29,15:34,15:38,15:43,,,,,15:59,,,,,,,,,,,,,,,
891,,,,,,,,15:42,15:46,15:49,15:52,15:57,16:03,,,,16:13,,,16:19,,,,16:26,16:28,16:30,16:33,16:37
892,,,,,,,,15:45,15:49,15:52,15:55,16:00,16:05,16:08,16:11,16:14,16:18,16:21,16:24,16:28,16:30,16:33,16:36,16:39,16:41,16:43,16:46,16:50
893,15:15,15:21,15:26,15:30,15:36,15:41,15:45,15:50,,,,,16:06,,,,16:16,,,16:22,,,,16:29,16:31,16:33,16:36,16:41
894,,,,,,,,15:50,15:54,15:57,16:00,16:05,16:10,16:13,16:16,16:19,16:23,16:26,16:29,16:33,16:35,16:38,16:41,16:44,16:46,16:48,16:51,16:54
895,,,,,,,,,,,,,,,,,16:26,16:29,16:32,16:36,16:38,16:41,16:44,16:47,16:49,16:51,16:54,16:58
896,,,,,,,,15:56,16:00,16:03,16:06,16:11,16:16,16:19,16:22,16:25,16:29,16:32,16:35,16:39,16:41,16:44,16:47,16:50,16:52,16:54,16:57,17:01
897,15:27,15:33,15:38,15:42,15:48,15:53,15:57,16:01,,,,,16:16,,,,16:25,,,16:31,,,,16:38,16:40,16:42,16:45,16:48
898,,,,,,,,,,,,,16:19,16:23,16:26,16:29,16:33,16:36,16:39,16:43,16:45,16:48,16:51,16:54,16:56,16:58,17:01,17:04
899,,,,,,,,16:01,16:06,16:09,16:12,16:17,16:23,,,,16:33,,,16:40,,,,16:47,16:49,16:51,16:54,16:57
900,,,,,,,,16:05,16:09,16:12,16:15,16:20,16:26,16:29,16:32,16:35,16:39,16:42,16:45,16:49,16:51,16:54,16:57,17:00,17:02,17:04,17:07,17:10
901,,,,,15:52,15:57,16:01,16:06,,,,,16:20,,,,16:29,,,16:37,,,,,,,,
902,,,,,,,,16:08,16:12,16:15,16:18,16:23,16:29,16:32,16:35,16:38,16:42,16:45,16:48,16:52,16:54,16:57,17:00,17:03,17:05,17:07,17:10,17:13
903,,,,,,,,16:11,16:15,16:18,16:21,16:26,16:32,16:35,16:38,16:41,16:45,16:48,16:51,16:55,16:57,17:00,17:03,17:06,17:08,17:10,17:13,17:16
904,15:35,15:41,15:46,15:51,15:57,16:02,16:06,16:11,,,,,16:27,,,,,,,,,,,,,,,
905,,,,,,,,16:14,16:18,16:21,16:24,16:29,16:35,16:38,16:41,16:44,16:48,16:51,16:54,16:58,17:00,17:03,17:06,17:09,17:11,17:13,17:16,17:19
906,15:40,15:46,15:51,15:55,16:01,16:06,16:10,16:15,,,,,16:30,,,,16:39,,,16:45,,,,16:52,16:54,16:56,16:59,17:04
907,,,,,,,,16:19,16:23,16:26,16:29,16:34,16:39,,,,16:49,,,16:55,,,,17:02,17:04,17:06,17:09,17:12
908,15:46,15:52,15:57,16:01,16:07,16:12,16:16,16:21,,,,,16:36,,,,16:45,,,16:51,,,,16:58,17:00,17:02,17:05,17:08
909,,,,,,,,16:23,16:27,16:30,16:33,16:38,16:43,,,,16:52,,,16:59,,,,17:07,17:09,17:11,17:14,17:17
910,,,16:03,16:07,16:13,16:18,16:22,16:26,16:30,16:33,16:36,16:41,16:47,,,,,,,,,,,,,,,
911,,,,,,,,16:29,16:33,16:36,16:39,16:44,16:49,16:52,16:55,16:58,17:02,17:05,17:08,17:12,17:14,17:17,17:20,17:23,17:25,17:27,17:30,17:33
912,15:56,16:02,16:07,16:11,16:17,16:22,16:26,16:31,,,,,16:46,,,,16:55,,,17:03,,,,,,,,
913,,,,,,,,16:32,16:36,16:39,16:42,16:47,16:52,16:55,16:58,17:01,17:05,17:09,17:12,17:17,17:20,17:23,17:26,17:29,17:31,17:33,17:36,17:39
914,,,,,16:20,16:25,16:29,16:35,,,,,16:49,,,,16:58,,,17:04,,,,17:11,17:13,17:15,17:18,17:22
915,,,,,,,,16:35,16:39,16:42,16:45,16:50,16:55,16:58,17:01,17:04,17:08,17:12,17:15,17:20,17:23,17:26,17:29,17:32,17:34,17:36,17:39,17:42
916,16:03,16:09,16:14,16:18,16:24,16:29,16:33,16:38,16:42,16:45,16:48,16:53,16:58,17:01,17:04,17:07,17:12,,,,,,,,,,,
917,16:09,16:15,16:20,16:24,16:30,16:35,16:39,16:44,,,,,16:58,,,,17:07,,,17:13,,,,17:20,17:22,17:24,17:27,17:30
918,,,,,,,,16:42,16:46,16:49,16:52,16:57,17:02,17:05,17:08,17:11,17:15,17:18,17:21,17:25,17:27,17:30,17:33,17:36,17:38,17:40,17:43,17:46
919,,,,,,,,,,,,,17:05,17:08,17:11,17:14,17:18,17:21,17:24,17:28,17:30,17:33,17:36,17:39,17:41,17:43,17:46,17:49
920,,,,,,,,,,16:52,16:57,17:02,17:07,,,,17:16,,,17:22,,,,17:29,,,,17:37
921,16:13,16:19,16:24,16:28,16:34,16:39,16:43,16:47,16:51,16:54,16:57,17:02,17:08,,,,,,,,,,,,,,,
922,,,,,,,,16:50,16:54,16:57,17:00,17:05,17:11,17:14,17:17,17:20,17:24,17:27,17:30,17:34,17:36,17:39,17:42,17:45,17:47,17:49,17:52,17:55
923,16:22,16:28,16:33,16:37,16:43,16:48,16:52,16:57,,,,,17:11,,,,17:20,,,17:26,,,,17:33,,,,17:43
924,,,,,,,,16:56,17:00,17:03,17:06,17:11,17:16,17:19,17:22,17:25,17:29,17:32,17:35,17:39,17:41,17:44,17:47,17:50,17:52,17:54,17:57,18:01
925,,,,,,,,,,17:04,17:08,17:12,17:18,,,,17:27,,,17:33,,,,17:40,,,,17:48
926,,,,,,,,17:00,17:04,17:07,17:10,17:15,17:20,17:23,17:26,17:29,17:33,17:36,17:39,17:43,17:45,17:48,17:51,17:54,17:56,17:58,18:01,18:05
927,,,,,16:47,16:52,16:56,17:02,,,,,17:21,,,,17:30,,,17:36,,,,17:43,,,,17:53
928,,,,,,,,17:03,17:08,17:11,17:14,17:19,17:24,,,,17:33,,,17:39,,,,17:47,,,,17:56
929,,,,,,,,17:08,17:12,17:15,17:18,17:23,17:28,17:31,17:34,17:37,17:41,17:44,17:47,17:51,17:53,17:56,17:59,18:02,18:04,18:06,18:09,18:13
930,16:34,16:40,16:45,16:49,16:55,17:00,17:04,17:10,,,,,17:27,,,,17:36,,,17:42,,,,17:50,,,,17:59
931,,,,,,,,,,,,,17:31,17:34,17:37,17:40,17:45,17:48,17:51,17:55,17:57,18:00,18:03,18:06,18:08,18:10,18:13,18:16
932,,,,,17:00,17:05,17:09,17:14,,,,,17:31,,,,17:40,,,17:46,,,,17:53,,,,18:02
933,,,,,,,,17:15,17:19,17:22,17:25,17:30,17:35,17:38,17:41,17:44,17:48,17:51,17:54,17:58,18:00,18:03,18:06,18:09,18:11,18:13,18:16,18:19
934,,,,,,,,,,,,,17:38,17:41,17:44,17:47,17:51,17:54,17:57,18:01,18:03,18:06,18:09,18:12,18:14,18:16,18:19,18:23
935,16:44,16:50,16:55,16:59,17:05,17:10,17:14,17:19,,,,,17:34,,,,17:44,,,17:52,,,,,,,,
936,,,,,,,,17:18,17:22,17:25,17:28,17:33,17:41,17:44,17:47,17:50,17:54,17:57,18:00,18:04,18:06,18:09,18:12,18:15,18:17,18:19,18:22,18:26
937,,,,,,,,,,17:28,17:32,17:36,17:42,,,,17:51,,,17:57,,,,18:04,,,,18:12
938,16:48,16:54,16:59,17:03,17:09,17:14,17:18,17:22,17:26,17:29,17:32,17:37,17:43,,,,,,,,,,,,,,,
939,,,,,,,,17:25,17:29,17:32,17:35,17:40,17:45,17:48,17:51,17:54,17:59,18:02,18:05,18:09,18:11,18:14,18:17,18:20,18:22,18:24,18:27,18:30
940,,,,,,,,,,,,,17:48,17:51,17:54,17:57,18:02,18:05,18:08,18:12,18:14,18:17,18:20,18:23,18:25,18:27,18:30,18:34
941,,,,,,,,17:30,17:34,17:37,17:40,17:45,17:51,17:54,17:57,18:00,18:05,18:08,18:11,18:15,18:17,18:20,18:23,18:26,18:28,18:30,18:33,18:37
942,16:56,17:02,17:07,17:11,17:17,17:22,17:26,17:31,,,,,17:47,,,,17:56,,,18:02,,,,18:09,,,,18:18
943,,,,,,,,17:33,17:37,17:40,17:43,17:48,17:53,,,,18:02,,,18:08,,,,18:15,,,,18:23
944,,,17:11,17:15,17:21,17:26,17:30,17:36,,,,,,,,,,,,,,,,,,,,
945,,,,,,,,,,17:42,17:46,17:50,17:56,,,,18:05,,,18:11,,,,18:18,,,,18:26
946,,,,,,,,,,,,,17:56,18:00,18:03,18:06,18:11,18:14,18:17,18:21,18:23,18:26,18:29,18:32,18:34,18:36,18:39,18:43
947,,,,,,,,17:40,17:46,17:49,17:52,17:57,18:03,18:06,18:09,18:12,18:17,18:20,18:23,18:27,18:30,18:33,18:36,18:39,18:41,18:43,18:46,18:50
948,17:06,17:12,17:17,17:21,17:27,17:32,17:36,17:41,,,,,17:59,,,,,,,,,,,,,,,
949,,,,,17:32,17:37,17:41,17:46,,,,,18:01,,,,18:10,,,18:16,,,,18:23,,,,18:31
950,,,,,,,,17:46,17:50,17:53,17:56,18:01,18:07,,,,18:16,,,18:22,,,,18:29,,,,18:37
951,17:15,17:21,17:26,17:30,17:36,17:41,17:45,17:50,,,,,18:04,,,,18:13,,,18:19,,,,18:26,,,,18:34
952,,,,,,,,,,,,,,,,,18:21,18:24,18:27,18:31,18:34,18:37,18:40,18:43,18:45,18:47,18:50,18:54
953,,,,,,,,,,,,,18:12,18:16,18:19,18:22,18:26,18:29,18:32,18:36,18:38,18:41,18:44,18:47,18:49,18:51,18:54,18:58
954,,,,,,,,17:50,17:54,17:57,18:00,18:05,18:10,,,,18:21,,,18:28,,,,,,,,
955,,,17:30,17:34,17:40,17:45,17:49,17:54,17:59,18:02,18:05,18:10,18:16,,,,,,,,,,,,,,,
956,,,17:32,,17:42,17:47,,17:55,,,,,18:11,,,,,,,18:27,,,,,,,,
957,,,,,,,,17:57,18:02,18:05,18:08,18:13,18:18,18:21,18:24,18:27,18:31,18:34,18:37,18:41,18:43,18:46,18:49,18:52,18:54,18:56,18:59,19:02
958,17:24,17:30,17:35,17:39,17:45,17:50,17:54,17:59,,,,,18:13,,,,18:23,,,18:29,,,,18:36,,,,18:45
959,,,,,,,,18:02,18:06,18:09,18:12,18:17,18:22,,,,18:32,,,18:38,,,,18:45,,,,18:55
960,,,,,,,,,,,,,18:21,18:24,18:27,18:30,18:35,18:38,18:41,18:45,18:47,18:50,18:53,18:56,18:58,19:00,19:03,19:07
961,17:30,17:36,17:41,17:45,17:51,17:56,18:00,18:05,,,,,18:19,,,,18:29,,,18:35,,,,18:42,,,,18:50
962,,,,,,,,18:08,18:12,18:15,18:18,18:23,18:29,18:32,18:35,18:38,18:42,18:45,18:48,18:52,18:54,18:57,19:00,19:03,19:05,19:07,19:10,19:13
963,,,,,,,,18:13,18:17,18:20,18:23,18:29,18:35,,,,18:45,,,18:51,,,,18:58,,,,19:07
964,17:42,17:48,17:53,17:57,18:03,18:08,18:12,18:17,,,,,18:32,,,,18:41,,,18:47,,,,18:55,,,,19:03
965,,,,,,,,18:16,18:21,18:24,18:28,18:33,18:39,,,,18:48,,,18:54,,,,19:01,,,,19:10
966,,,,,,,,,,,,,18:37,18:40,18:43,18:46,18:50,18:53,18:56,19:00,19:02,19:05,19:08,19:11,19:13,19:15,19:18,19:21
967,,,,,,,,18:19,18:25,18:28,18:31,18:36,18:41,18:44,18:47,18:50,18:54,18:57,19:00,19:04,19:06,19:09,19:12,19:15,19:17,19:19,19:22,19:25
968,,,,,,,,18:26,18:30,18:33,18:36,18:41,18:47,,,,18:57,,,19:03,,,,19:10,,,,19:18
969,17:55,18:01,18:06,18:10,18:16,18:21,18:25,18:30,,,,,18:44,,,,18:53,,,18:59,,,,19:06,,,,19:15
970,,,,,,,,,,,,,,,,,19:02,19:05,19:08,19:12,19:14,19:17,19:20,19:23,19:25,19:27,19:30,19:34
971,,,,,,,,,,,,,18:48,18:51,18:54,18:57,19:02,19:05,19:08,19:12,19:14,19:17,19:20,19:23,19:25,19:27,19:30,19:34
972,,,,,,,,18:30,18:34,18:37,18:40,18:45,18:50,,,,19:00,,,19:06,,,,19:13,,,,19:22
973,,,,,,,,,,18:38,18:42,18:46,18:53,,,,19:03,,,19:09,,,,19:16,,,,19:25
974,,,,,,,,18:34,18:38,18:41,18:44,18:49,18:54,18:57,19:00,19:03,19:07,19:10,19:13,19:17,19:19,19:22,19:25,19:28,19:30,19:32,19:35,19:39
975,18:00,18:06,18:11,18:15,18:21,18:26,18:30,18:36,,,,,,,,,,,,,,,,,,,,
976,,,,,,,,18:37,18:41,18:44,18:47,18:52,18:57,,,,19:07,,,19:15,,,,,,,,
977,18:04,18:10,18:15,18:19,18:25,18:30,18:34,18:40,,,,,,,,,,,,,,,,,,,,
978,,,,,,,,18:40,18:44,18:47,18:51,18:56,19:00,,,,19:10,,,19:16,,,,19:23,,,,19:31
979,,,,,,,,,,,,,19:01,19:04,19:07,19:10,19:15,19:18,19:21,19:25,19:27,19:30,19:33,19:36,19:38,19:40,19:43,19:48
980,,,,,,,,18:44,18:48,18:51,18:54,18:59,19:05,19:08,19:11,19:14,19:19,19:22,19:25,19:29,19:31,19:34,19:37,19:40,19:42,19:44,19:47,19:51
981,18:13,18:19,18:24,18:28,18:34,18:39,18:43,18:48,,,,,19:04,,,,19:14,,,19:20,,,,19:27,,,,19:35
982,,,18:27,18:32,18:38,18:43,18:47,18:51,,,,,19:08,,,,,,,,,,,,,,,
983,,,,,,,,18:48,18:52,18:55,18:58,19:03,19:08,,,,19:18,,,19:24,,,,19:31,,,,19:40
984,,,,,,,,,,,,,,,,,19:22,19:25,19:28,19:32,19:34,19:37,19:40,19:43,19:45,19:47,19:50,19:54
985,,,,,,,,18:53,18:57,19:00,19:03,19:08,19:13,19:16,19:19,19:22,19:26,19:29,19:32,19:36,19:38,19:41,19:44,19:47,19:49,19:51,19:54,19:58
986,18:21,18:27,18:32,18:36,18:42,18:47,18:51,18:56,,,,,19:11,,,,19:21,,,19:27,,,,19:34,,,,19:43
987,,,,,,,,18:58,,,,,19:14,,,,19:24,,,19:30,,,,19:37,,,,19:46
988,18:25,18:31,18:36,18:40,18:46,18:51,18:55,19:01,,,,,19:17,,,,19:27,,,19:35,,,,,,,,
989,,,,,,,,,,,,,19:16,19:19,19:22,19:25,19:30,19:33,19:36,19:40,19:43,19:46,19:49,19:52,19:54,19:56,19:59,20:03
990,,,,,,,,18:59,19:03,19:06,19:09,19:14,19:19,19:22,19:25,19:28,19:33,19:36,19:39,19:43,19:46,19:49,19:52,19:55,19:57,19:59,20:02,20:06
991,,,,,,,,,,,,,19:22,19:25,19:28,19:31,19:36,19:39,19:42,19:46,19:49,19:52,19:55,19:58,20:00,20:02,20:05,20:10
992,,,,,,,,19:03,19:08,19:11,19:14,19:19,19:25,,,,19:35,,,19:41,,,,19:48,,,,19:57
993,,,,,,,,19:06,19:11,19:14,19:17,19:22,19:28,19:31,19:34,19:37,19:42,19:45,19:48,19:52,19:54,19:57,20:00,20:03,20:05,20:07,20:10,20:15
994,18:32,18:38,18:43,18:47,18:53,18:58,19:02,19:07,,,,,19:21,,,,19:30,,,19:37,,,,19:45,,,,19:53
995,18:37,18:43,18:48,18:52,18:58,19:03,19:07,19:11,19:15,19:18,19:21,19:26,19:31,19:34,19:37,19:40,19:46,,,,,,,,,,,
996,,,,,,,,19:14,19:19,19:22,19:25,19:30,19:35,,,,19:45,,,19:51,,,,19:58,,,,20:06
997,,,,,,,,19:13,,,,,19:29,,,,19:38,,,19:44,,,,19:51,,,,20:01
998,,,,,,,,,,,,,19:34,19:37,19:40,19:43,19:49,19:52,19:55,19:59,20:01,20:04,20:07,20:10,20:12,20:14,20:17,20:21
999,,,,,,,,19:17,19:21,19:24,19:27,19:32,19:39,19:42,19:45,19:48,19:52,19:55,19:58,20:02,20:04,20:07,20:10,20:13,20:15,20:17,20:20,20:24
1000,,,,,,,,19:21,19:25,19:28,19:31,19:36,19:42,19:45,19:48,19:51,19:55,19:58,20:01,20:05,20:07,20:10,20:13,20:16,20:18,20:20,20:23,20:27
1001,18:47,18:53,18:58,19:02,19:08,19:13,19:17,19:23,,,,,19:38,,,,19:48,,,19:54,,,,20:01,,,,20:10
1002,18:52,18:58,19:03,19:07,19:13,19:18,19:22,19:27,,,,,19:42,,,,19:51,,,19:57,,,,20:04,,,,20:13
1003,,,,,,,,19:26,19:30,19:33,19:36,19:41,19:47,19:50,19:53,19:56,20:00,20:03,20:06,20:10,20:12,20:15,20:18,20:21,20:23,20:25,20:28,20:32
1004,,,,,,,,19:30,,,,,19:45,,,,19:54,,,20:01,,,,20:08,,,,20:17
1005,,,,,,,,,,,,,19:50,19:53,19:56,19:59,20:03,20:06,20:09,20:13,20:15,20:18,20:21,20:24,20:26,20:28,20:31,20:35
1006,,,,,,,,19:30,19:34,19:37,19:40,19:45,19:52,,,,20:02,,,20:10,,,,,,,,
1007,18:56,19:03,19:10,19:14,19:20,19:25,19:29,19:33,19:37,19:40,19:43,19:49,19:55,19:58,20:01,20:04,20:08,20:11,20:14,20:18,20:20,20:23,20:26,20:29,20:31,20:33,20:36,20:39
1008,,,,,,,,19:36,19:40,19:43,19:46,19:52,19:58,20:01,20:04,20:07,20:11,20:14,20:17,20:21,20:23,20:26,20:29,20:32,20:34,20:36,20:39,20:42
1009,,,,,19:24,19:30,19:34,19:40,,,,,19:56,,,,20:06,,,20:12,,,,20:19,20:21,20:23,20:26,20:29
1010,,,,,,,,19:43,19:47,19:50,19:54,19:59,20:03,20:06,20:09,20:12,20:16,20:19,20:22,20:26,20:28,20:31,20:34,20:37,20:39,20:41,20:44,20:48
1011,19:08,19:14,19:19,19:23,19:29,19:34,19:38,19:44,,,,,19:59,,,,20:09,,,20:15,,,,20:22,20:24,20:26,20:29,20:33
1012,,,,,,,,,,,,,20:06,20:09,20:12,20:15,20:20,20:23,20:26,20:30,20:32,20:35,20:38,20:41,20:43,20:45,20:48,20:51
1013,,,,,,,,,,,,,20:09,20:13,20:16,20:19,20:23,20:26,20:29,20:33,20:35,20:38,20:41,20:44,20:46,20:48,20:51,20:54
1014,19:12,19:18,19:23,19:27,19:33,19:38,19:42,19:48,,,,,20:10,,,,,,,,,,,,,,,
1015,,,,,,,,19:50,19:56,19:59,20:02,20:07,20:13,20:16,20:19,20:22,20:27,20:30,20:33,20:37,20:39,20:42,20:45,20:48,20:50,20:52,20:55,20:59
1016,19:18,19:24,19:29,19:33,19:39,19:44,19:48,19:53,19:57,20:00,20:04,20:09,20:15,,,,,,,,,,,,,,,
1017,,,,,,,,19:55,19:59,20:02,20:05,20:10,20:16,20:19,20:22,20:25,20:30,20:33,20:36,20:40,20:42,20:45,20:48,20:51,20:53,20:55,20:58,21:02
1018,,,19:32,19:37,19:44,19:49,19:53,19:58,20:02,20:05,20:09,20:14,20:20,,,,,,,,,,,,,,,
1019,,,,,,,,20:02,20:06,20:09,20:12,20:17,20:22,20:25,20:28,20:31,20:35,20:38,20:41,20:45,20:47,20:50,20:53,20:56,20:58,21:00,21:03,21:08
1020,,,,,19:48,19:53,19:58,20:03,,,,,20:17,,,,20:26,,,20:32,,,,20:39,20:41,20:43,20:46,20:49
1021,,,,,,,,20:05,20:09,20:12,20:15,20:20,20:25,20:29,20:32,20:35,20:39,20:42,20:45,20:49,20:51,20:54,20:57,21:00,21:02,21:04,21:07,21:11
1022,,,,,,,,,,,,,20:28,20:32,20:35,20:38,20:42,20:45,20:48,20:52,20:54,20:57,21:00,21:03,21:05,21:07,21:10,21:14
1023,19:30,19:36,19:41,19:45,19:52,19:57,20:01,20:06,,,,,,,,,,,,,,,,,,,,
1024,19:35,19:41,19:46,19:50,19:56,20:01,20:05,20:10,,,,,20:25,,,,20:34,,,20:41,,,,20:48,20:50,20:52,20:55,20:59
1025,,,,,,,,20:10,20:14,20:17,20:20,20:25,20:31,20:35,20:38,20:41,20:45,20:48,20:51,20:55,20:57,21:00,21:03,21:06,21:08,21:10,21:13,21:17
1026,,,,,,,,20:14,20:18,20:21,20:24,20:29,20:34,20:38,20:41,20:44,20:48,20:51,20:54,20:58,21:00,21:03,21:06,21:09,21:11,21:13,21:16,21:20
1027,19:43,19:49,19:54,19:58,20:04,20:09,20:13,20:17,,,,,20:32,,,,20:41,,,20:47,,,,20:54,20:56,20:58,21:01,21:06
1028,,,,,20:09,20:14,20:18,20:24,,,,,20:39,,,,,,,,,,,,,,,
1029,,,,,,,,20:17,20:21,20:24,20:27,20:32,20:37,,,,20:46,,,20:52,,,,20:59,21:01,21:03,21:06,21:09
1030,,,,,,,,,,,,,20:41,20:45,20:48,20:51,20:56,20:59,21:02,21:06,21:08,21:11,21:14,21:17,21:19,21:21,21:24,21:27
1031,,,,,,,,,,,,,20:44,20:48,20:51,20:54,20:59,21:02,21:05,21:09,21:11,21:14,21:17,21:20,21:22,21:24,21:27,21:30
1032,,,,,,,,20:23,20:28,20:31,20:34,20:39,20:46,,,,20:56,,,21:03,,,,21:10,21:12,21:14,21:17,21:20
1033,,,,,,,,20:26,20:31,20:34,20:37,20:42,20:49,20:52,20:55,20:58,21:02,21:05,21:08,21:12,21:14,21:17,21:20,21:23,21:25,21:27,21:30,21:34
1034,19:53,19:59,20:04,20:08,20:14,20:19,20:23,20:28,,,,,20:43,,,,20:52,,,21:00,,,,,,,,
1035,,,,,,,,20:33,20:37,20:40,20:43,20:48,20:53,,,,21:03,,,21:10,,,,21:17,21:19,21:21,21:24,21:27
1036,20:00,20:06,20:11,20:15,20:21,20:26,20:30,20:35,,,,,20:49,,,,20:59,,,21:06,,,,21:13,21:15,21:17,21:20,21:23
1037,,,,,,,,,,,,,20:52,20:55,20:58,21:01,21:06,21:09,21:12,21:16,21:18,21:21,21:24,21:27,21:29,21:31,21:34,21:37
1038,,,,,,,,20:36,20:40,20:43,20:46,20:51,20:56,20:59,21:02,21:05,21:10,21:13,21:16,21:20,21:22,21:25,21:28,21:31,21:33,21:35,21:38,21:42
1039,20:04,20:10,20:15,20:19,20:25,20:30,20:34,20:39,,,,,20:56,,,,21:06,,,21:13,,,,21:20,21:22,21:24,21:27,21:32
1040,20:05,20:11,20:16,,20:26,20:31,,20:39,,,,,,,,,,,,,,,,,,,,
1041,,,,,,,,20:42,20:46,20:49,20:52,20:57,21:02,21:05,21:08,21:11,21:15,21:18,21:21,21:25,21:27,21:30,21:33,21:36,21:38,21:40,21:43,21:46
1042,20:08,20:14,20:19,20:23,20:29,20:34,20:38,20:43,,,,,21:00,,,,21:09,,,21:16,,,,21:24,21:26,21:28,21:31,21:36
1043,,,,,20:33,20:38,20:42,20:47,,,,,21:06,,,,,,,,,,,,,,,
1044,,,,,,,,,,,,,21:02,21:08,21:11,21:14,21:18,21:21,21:24,21:28,21:30,21:33,21:36,21:39,21:41,21:43,21:46,21:49
1045,20:16,20:22,20:27,20:31,20:37,20:42,20:46,20:51,,,,,21:06,,,,21:15,,,21:22,,,,,,,,
1046,,,,,,,,20:50,20:54,20:57,21:00,21:05,21:10,21:13,21:16,21:19,21:23,21:26,21:29,21:33,21:35,21:38,21:41,21:44,21:46,21:48,21:51,21:55
1047,,,,,,,,,,,,,21:13,21:17,21:20,21:23,21:28,21:31,21:34,21:38,21:40,21:43,21:46,21:49,21:51,21:53,21:56,21:59
1048,,,,,,,,20:54,20:58,21:01,21:04,21:09,21:14,,,,21:24,,,21:30,,,,21:37,21:39,21:41,21:44,21:47
1049,20:26,20:32,20:37,20:41,20:47,20:52,20:56,21:00,21:04,21:07,21:10,21:15,21:22,,,,,,,,,,,,,,,
1050,,,20:41,20:46,20:52,20:57,21:01,21:06,,,,,21:20,,,,21:29,,,21:35,,,,21:42,21:44,21:46,21:49,21:52
1051,,,,,,,,21:04,21:08,21:11,21:14,21:19,21:25,21:28,21:31,21:34,21:39,21:42,21:45,21:49,21:51,21:54,21:57,22:00,22:02,22:04,22:07,22:10
1052,,,,,,,,21:09,21:14,21:17,21:20,21:25,21:31,21:34,21:37,21:40,21:45,21:48,21:51,21:55,21:57,22:00,22:03,22:06,22:08,22:10,22:13,22:17
1053,20:35,20:41,20:46,20:50,20:56,21:01,21:05,21:10,,,,,21:24,,,,21:33,,,21:39,,,,21:46,21:48,21:50,21:53,21:56
1054,,,,,,,,21:12,21:17,21:20,21:23,21:28,21:34,21:37,21:40,21:43,21:48,21:51,21:54,21:58,22:00,22:03,22:06,22:09,22:11,22:13,22:16,22:20
1055,,,,,,,,21:13,21:17,21:20,21:23,21:28,21:33,,,,21:43,,,21:50,,,,21:57,21:59,22:01,22:04,22:08
1056,,,,,,,,21:18,21:22,21:25,21:28,21:33,21:38,21:41,21:44,21:47,21:51,21:54,21:57,22:01,22:03,22:06,22:09,22:12,22:14,22:16,22:19,22:24
1057,20:45,20:51,20:56,21:01,21:07,21:12,21:16,21:21,21:25,21:28,21:31,21:36,21:43,,,,,,,,,,,,,,,
1058,,,,,,,,21:24,21:28,21:31,21:34,21:39,21:46,21:49,21:52,21:55,21:59,22:02,22:05,22:09,22:11,22:14,22:17,22:20,22:22,22:24,22:27,22:31
1059,20:52,20:58,21:03,21:07,21:13,21:18,21:22,21:27,,,,,21:42,,,,21:51,,,21:57,,,,22:04,22:06,22:08,22:11,22:14
1060,21:00,21:06,21:11,21:15,21:21,21:26,21:30,21:34,,,,,21:48,,,,21:58,,,22:04,,,,22:11,22:13,22:15,22:18,22:22
1061,,,21:14,21:18,21:24,21:29,21:33,21:38,,,,,21:54,,,,,,,,,,,,,,,
1062,,,,,,,,21:36,21:40,21:43,21:46,21:51,21:56,21:59,22:02,22:05,22:09,22:12,22:15,22:19,22:21,22:24,22:27,22:30,22:32,22:34,22:37,22:40
1063,21:06,21:12,21:18,21:22,21:28,21:33,21:37,21:42,,,,,21:56,,,,22:05,,,22:11,,,,22:18,22:20,22:22,22:25,22:28
1064,,,,,,,,21:39,21:43,21:46,21:49,21:54,21:59,,,,22:09,,,22:15,,,,22:22,22:24,22:26,22:29,22:33
1065,,,,,,,,21:43,21:47,21:50,21:53,21:58,22:03,22:06,22:09,22:12,22:16,22:19,22:22,22:26,22:28,22:31,22:34,22:37,22:39,22:41,22:44,22:48
1066,,,,,,,,21:45,21:49,21:52,21:55,22:00,22:05,,,,22:15,,,22:21,,,,22:28,22:30,22:32,22:35,22:39
1067,,,,,,,,21:47,21:51,21:54,21:57,22:02,22:07,22:10,22:13,22:16,22:20,22:23,22:26,22:30,22:32,22:35,22:38,22:41,22:43,22:45,22:48,22:51
1068,,,,,,,,21:53,21:57,22:00,22:03,22:08,22:13,22:16,22:19,22:22,22:26,22:29,22:32,22:36,22:38,22:41,22:44,22:47,22:49,22:51,22:54,22:58
1069,21:15,21:21,21:26,21:30,21:36,21:41,21:45,21:50,,,,,,,,,,,,,,,,,,,,
1070,21:21,21:27,21:32,21:36,21:42,21:47,21:51,21:56,,,,,22:11,,,,22:20,,,22:26,,,,22:33,22:35,22:37,22:40,22:44
1071,21:25,21:31,21:36,21:40,21:46,21:51,21:55,22:00,22:04,22:07,22:10,22:15,22:20,22:23,22:26,22:29,22:33,22:36,22:39,22:43,22:45,22:48,22:51,22:54,22:56,22:58,23:01,23:04
1072,,,,,,,,22:00,22:06,22:10,22:13,22:18,22:23,22:26,22:29,22:32,22:36,22:39,22:42,22:46,22:48,22:51,22:54,22:57,22:59,23:01,23:04,23:07
1073,,,,,,,,22:04,22:09,22:13,22:16,22:21,22:26,,,,22:36,,,,,,,,,,,
1074,21:31,21:37,21:42,21:46,21:52,21:57,22:01,22:06,,,,,22:21,,,,22:30,,,22:36,,,,22:43,22:45,22:47,22:50,22:53
1075,,,21:46,21:50,21:56,22:01,22:05,22:10,,,,,,,,,,,,,,,,,,,,
1076,,,,,,,,22:10,22:14,22:17,22:20,22:25,22:30,22:33,22:36,22:39,22:43,22:46,22:49,22:53,22:55,22:58,23:01,23:04,23:06,23:08,23:11,23:14
1077,,,,,,,,22:14,22:19,22:22,22:25,22:30,22:35,22:38,22:41,22:44,22:48,22:51,22:54,22:58,23:00,23:03,23:06,23:09,23:11,23:13,23:16,23:19
1078,21:39,21:45,21:50,21:54,22:00,22:05,22:09,22:14,22:18,22:21,22:24,22:29,22:36, , , ,22:46, , ,22:52, , , ,22:59,23:01,23:03,23:06,23:10
1079,21:43,21:49,21:54,21:58,22:04,22:09,22:13,22:19,,,,,,,,,,,,,,,,,,,,
1080,,,,,,,,22:22,22:26,22:29,22:32,22:37,22:42,22:45,22:48,22:51,22:55,22:58,23:01,23:05,23:07,23:10,23:13,23:16,23:18,23:20,23:23,23:27
1081,21:52,21:58,22:03,22:07,22:13,22:18,22:22,22:27,,,,,22:41,,,,22:50,,,22:56,,,,23:03,23:05,23:07,23:10,23:13
1082,,,22:10,22:14,22:20,22:25,22:29,22:34,,,,,22:52,,,,,,,,,,,,,,,
1083,22:03,22:09,22:14,22:18,22:24,22:29,22:33,22:38,,,,,,,,,,,,,,,,,,,,
1084,,,,,,,,22:29,22:33,22:36,22:39,22:44,22:49,22:52,22:55,22:58,23:02,23:05,23:08,23:12,23:14,23:17,23:20,23:23,23:25,23:27,23:30,23:34
1085,,,,,,,,22:36,22:40,22:43,22:46,22:51,22:56,22:59,23:02,23:05,23:09,23:12,23:15,23:19,23:21,23:24,23:27,23:30,23:32,23:34,23:37,23:40
1086,,,,,,,,22:39,22:43,22:46,22:49,22:54,22:59,23:02,23:05,23:08,23:12,23:15,23:18,23:22,23:24,23:27,23:30,23:33,23:35,23:37,23:40,23:44
1087,22:08,22:14,22:19,22:23,22:29,22:34,22:38,22:42,22:46,22:49,22:53,22:58,23:02,,,,23:11,,,23:17,,,,23:24,23:26,23:28,23:31,23:34
1088,,,,,,,,22:47,22:51,22:54,22:57,23:02,23:07,23:10,23:13,23:16,23:20,23:23,23:26,23:30,23:32,23:35,23:38,23:41,23:43,23:45,23:48,23:52
1089,22:18,22:24,22:29,22:33,22:39,22:44,22:48,22:53,22:57,23:00,23:03,23:08,23:13,,,,23:22,,,23:28,,,,23:35,23:37,23:39,23:42,23:45
1090,,,,,,,,22:55,22:59,23:02,23:05,23:10,23:15,23:18,23:21,23:24,23:28,23:31,23:34,23:37,23:39,23:42,23:45,23:48,23:50,23:52,23:55,23:59
1091,22:24,22:30,22:35,22:39,22:45,22:50,22:54,22:59,23:03,23:06,23:10,23:16,23:23,,,,,,,,,,,,,,,
1092,,,,,,,,23:01,23:05,23:08,23:11,23:16,23:21,23:24,23:27,23:30,23:34,23:37,23:40,23:44,23:46,23:49,23:52,23:55,23:57,23:59,00:02,00:06
1093,,,,,22:52,22:57,23:01,23:07,,,,,,,,,,,,,,,,,,,,
1094,,,,,,,,23:10,23:15,23:18,23:21,23:26,23:32,23:35,23:38,23:41,23:45,23:48,23:51,23:55,23:57,00:00,00:03,00:06,00:08,00:10,00:13,00:17
1095,22:35,22:41,22:46,22:50,22:56,23:01,23:05,23:10,23:14,23:17,23:20,23:25,23:30,,,,,,,,,,,,,,,
1096,,,,,,,,23:19,23:23,23:26,23:29,23:34,23:39,23:42,23:45,23:48,23:52,23:55,23:58,00:02,00:04,00:07,00:10,00:13,00:15,00:17,00:20,00:24
1097,22:42,22:48,22:53,22:57,23:03,23:08,23:12,23:17,,,,,23:33,,,,23:42,,,23:48,,,,23:55,23:57,23:59,00:02,00:05
1098,22:46,22:52,22:57,23:01,23:07,23:12,23:16,23:21,23:25,23:28,23:31,23:36,23:42,,,,,,,,,,,,,,,
1099,,,,,,,,23:22,23:26,23:29,23:32,23:37,23:42,23:45,23:48,23:51,23:55,23:58,00:01,00:05,00:07,00:10,00:13,00:16,00:18,00:20,00:23,00:27
1100,,,23:02,23:06,23:12,23:17,23:21,23:25,23:29,23:32,23:35,23:40,23:47,,,,,,,,,,,,,,,
1101,22:55,23:01,23:06,23:10,23:16,23:21,23:25,23:30,,,,,23:45,,,,23:55,,,00:01,,,,00:08,00:10,00:12,00:15,00:18
1102,,,,,,,,23:29,23:33,23:36,23:39,23:44,23:49,23:52,23:55,23:58,00:02,00:05,00:08,00:12,00:14,00:17,00:20,00:23,00:25,00:27,00:30,00:33
1103,,,,,,,,23:34,23:39,23:42,23:45,23:50,23:55,23:58,00:01,00:04,00:08,00:11,00:14,00:18,00:20,00:23,00:26,00:29,00:31,00:33,00:36,00:39
1104,23:01,23:07,23:12,23:16,23:22,23:27,23:31,23:36,23:40,23:43,23:46,23:51,23:57,,,,,,,,,,,,,,,
1105,23:05,23:11,23:16,23:20,23:26,23:31,23:35,23:40,23:44,23:47,23:52,23:57,00:04,,,,,,,,,,,,,,,
1106,,,23:20,23:24,23:30,23:35,23:39,23:45,,,,,,,,,,,,,,,,,,,,
1107,23:17,23:23,23:28,23:32,23:38,23:43,23:47,23:52,23:56,23:59,00:02,00:07,00:12,,,,00:21,,,00:27,,,,00:34,00:36,00:38,00:41,00:45
1108,,,,,,,,23:54,23:58,00:01,00:04,00:09,00:14,00:17,00:20,00:23,00:27,00:30,00:33,00:37,00:39,00:42,00:45,00:48,00:50,00:52,00:55,00:58
1109,23:21,23:27,23:32,23:36,23:42,23:47,23:51,23:57,00:01,00:04,00:07,00:12,00:17,00:20,00:23,00:26,00:32,,,,,,,,,,,
1110,,,,,,,,00:05,00:10,00:13,00:16,00:21,00:26,00:29,00:32,00:35,00:39,00:42,00:45,00:49,00:51,00:54,00:57,01:00,01:02,01:04,01:07,01:10
1111,23:35,23:41,23:46,23:50,23:56,00:01,00:05,00:10,00:14,00:17,00:20,00:25,00:30,,,,00:39,,,00:45,,,,00:52,00:54,00:56,00:59,01:02
1112,,,,,,,,00:18,00:22,00:25,00:28,00:33,00:38,00:41,00:44,00:47,00:51,00:54,00:57,01:01,01:03,01:06,01:09,01:12,01:14,01:16,01:19,01:23
1113,23:50,23:56,00:01,00:05,00:11,00:16,00:20,00:25,00:29,00:32,00:35,00:40,00:46,,,,,,,,,,,,,,,
1114,,,,,,,,00:30,00:34,00:37,00:40,00:45,00:50,00:53,00:56,00:59,01:03,01:06,01:09,01:13,01:15,01:18,01:21,01:24,01:26,01:28,01:31,01:35
1115,00:00,00:06,00:11,00:15,00:21,00:26,00:30,00:35,,,,,,,,,,,,,,,,,,,,
1116,00:05,00:11,00:16,00:20,00:26,00:31,00:35,00:39,00:43,00:46,00:49,00:54,01:00,01:03,01:06,01:09,01:13,01:16,01:19,01:23,01:25,01:28,01:31,01:34,01:36,01:38,01:41,01:45
