,21,69,17,37,75,64,62,32,25,72,65,8,53,91,114,4,39,35,66,45,15,27,73,11,80,109,79,115
1,,,,,,,,,,,,,,,,04:10,04:13,04:18,04:22,04:25,04:32,,,,,,,
2,,,,,,,,,,,,04:03,04:06,04:08,04:11,04:16,04:19,04:24,04:28,04:31,04:38,,,,,,,
3,,,,,,,,,,,,,,,,,,,,,04:40,,04:49,04:54,,05:03,05:08,05:15
4,,,,,,,,,,,,04:10,04:13,04:15,04:18,04:23,04:26,04:31,04:35,04:38,04:45,,,,,,,
5,,,,,,,,,,,,,,,,04:28,04:31,04:36,04:40,04:43,04:48,04:52,04:57,05:02,05:07,05:13,05:18,05:25
6,,,,,,,,,,,,,,,,04:35,04:38,04:43,04:47,04:50,04:57,,,,,,,
7,,,,,,,,,,,,,,,,,,,,,,,,05:13,05:18,05:24,05:29,05:35
8,,,,,,,,,,,,,,,,,,,,,,,,05:19,05:24,05:30,05:35,05:42
9,,,,,,,,,,,,04:41,04:44,04:46,04:49,04:54,04:57,05:02,05:06,05:09,05:14,05:17,05:22,05:27,05:32,05:38,05:43,05:50
10,04:15,04:18,04:20,04:23,04:25,04:28,04:31,04:34,04:36,04:38,04:41,04:45,04:48,04:50,04:53,04:58,05:01,05:06,05:10,05:13,05:18,05:21,05:26,05:31,05:36,05:42,05:47,05:54
11,,,,,,,,,,,,,,,,,,,,,05:25,05:28,05:33,05:38,05:44,05:51,,
12,04:25,04:28,04:30,04:33,04:35,04:38,04:41,04:44,04:46,04:48,04:51,04:55,04:58,05:00,05:03,05:08,05:11,05:16,05:20,05:23,05:29,,,,,,,
13,04:40,04:43,04:45,04:48,04:50,04:53,04:56,04:59,05:01,05:03,05:06,05:10,05:13,05:15,05:18,05:23,05:26,05:31,05:35,05:38,05:44,,,,,,,
14,,,,,,,,,05:04,,,05:12,,,,05:20,,,,,05:34,05:38,05:43,05:48,05:54,05:59,06:04,06:10
15,,,,,,,,,,,,,,,,,,,,,,,,05:50,05:58,06:03,06:08,06:14
16,,,,,,,,,,,,,,,,05:20,05:23,05:28,05:32,05:35,05:41,05:45,05:50,05:55,06:02,06:07,06:12,06:19
17,04:50,04:53,04:55,04:58,05:00,05:03,05:06,05:09,05:11,05:13,05:16,05:20,05:23,05:25,05:28,05:33,05:36,05:41,05:45,05:48,05:54,,,,,,,
18,,,,,,,,,,,,,,,,05:38,05:41,05:46,05:50,05:53,06:00,,,,,,,
19,,,,,,05:12,05:15,05:18,05:20,05:22,05:25,05:29,05:32,05:34,05:37,05:42,05:45,05:50,05:54,05:57,06:04,,,,,,,
20,04:59,05:02,05:04,05:07,05:09,,,,05:16,,,05:23,,,,05:31,,,,,05:45,05:49,05:54,05:59,06:06,06:11,06:16,06:23
21,,,,,,,,,,,,,,,,,,,,,,,,06:04,06:10,06:15,06:20,06:28
22,05:03,05:06,05:08,05:11,05:13,,,,05:20,,,05:26,,,,05:34,05:37,05:42,05:46,05:49,05:55,05:58,06:03,06:10,,,,
23,05:05,05:08,05:10,05:13,05:15,05:18,05:21,05:24,05:26,05:28,05:31,05:35,05:38,05:40,05:43,05:48,05:51,05:56,06:00,06:03,06:10,,,,,,,
24,05:15,05:18,05:20,05:23,05:25,,,,05:32,,,05:38,,,,05:46,,,,,06:00,06:04,06:09,06:14,06:20,06:25,06:30,06:38
25,,,,,,,,,,,,,,,,,,,,,06:05,06:09,06:14,06:19,06:25,06:32,,
26,,,,,,,,,,,,,,,,05:53,05:56,06:01,06:05,06:08,06:15,,,,,,,
27,,,,,05:25,05:28,05:31,05:34,05:36,05:38,05:41,05:45,05:48,05:50,05:53,05:58,06:01,06:06,06:10,06:13,06:19,,,,,,,
28,,,,,,,,,,,,,,,,,,,,,06:23,06:27,06:32,06:37,06:43,06:48,06:53,06:59
29,05:20,05:23,05:25,05:28,05:30,05:33,05:36,05:39,05:41,05:43,05:46,05:50,05:53,05:55,05:58,06:03,06:06,06:11,06:15,06:18,06:24,,,,,,,
30,05:25,05:28,05:30,05:33,05:35,,,,05:42,,,05:49,,,,05:58,,,,,06:13,06:18,06:23,06:28,06:34,06:39,06:44,06:51
31,,,,,,,,,,,,,,,,06:07,06:10,06:15,06:19,06:22,06:27,06:31,06:36,06:41,06:47,06:52,06:57,07:05
32,05:27,05:30,05:32,05:35,05:37,05:40,05:43,05:46,05:48,05:50,05:53,05:57,06:00,06:02,06:05,06:10,06:13,06:18,06:22,06:25,06:31,,,,,,,
33,05:30,05:33,05:35,05:38,05:40,05:43,05:46,05:49,05:51,05:53,05:56,06:00,06:03,06:05,06:08,06:13,06:16,06:21,06:25,06:28,06:34,,,,,,,
34,05:34,05:37,05:39,05:42,05:44,,,,05:51,,,05:57,,,,06:05,,,,,06:19,06:23,06:28,06:33,06:39,06:44,06:49,06:55
35,,,,,,,,,,,,,,,,,,,,,06:35,06:39,06:44,06:49,06:55,07:02,,
36,05:34,05:37,05:39,05:42,05:44,05:47,05:50,05:53,05:55,05:57,06:00,06:04,06:07,06:09,06:12,06:17,06:20,06:25,06:29,06:32,06:38,,,,,,,
37,,,,,,,,,,,,,,,,,,,,,06:40,06:44,06:49,06:54,07:00,07:05,07:10,07:17
38,,,,,,05:50,05:53,05:56,05:58,06:00,06:03,06:07,06:10,06:12,06:15,06:20,06:23,06:28,06:32,06:35,06:41,,,,,,,
39,,,,,,,,,,,,,,,,06:25,06:28,06:33,06:37,06:40,06:45,,,,,,,
40,05:46,05:49,05:51,05:54,05:56,05:59,06:02,06:05,06:07,06:09,06:12,06:16,06:19,06:21,06:24,06:29,06:32,06:37,06:41,06:44,06:51,,,,,,,
41,05:52,05:55,05:57,06:00,06:02,,,,06:09,,,06:15,,,,06:23,06:26,06:31,06:35,06:38,06:44,06:48,06:53,06:58,07:04,07:09,07:14,07:21
42,,,,,,,,,,,,,,,,,,,,,,,,07:03,07:09,07:14,07:19,07:27
43,,,,,,,,,,,,06:23,06:26,06:28,06:31,06:36,06:39,06:44,06:48,06:51,06:58,,,,,,,
44,05:56,05:59,06:01,06:04,06:06,06:09,06:12,06:15,06:17,06:19,06:22,06:26,06:29,06:31,06:34,06:39,06:42,06:47,06:51,06:54,07:01,,,,,,,
45,,,,,,,,,,,,,,,,,,,,,07:02,07:06,07:11,07:16,07:22,07:27,07:32,07:38
46,06:04,06:07,06:09,06:12,06:14,06:17,06:20,06:23,06:25,06:27,06:30,06:34,06:37,06:39,06:42,06:47,06:50,06:55,06:59,07:02,07:09,,,,,,,
47,06:08,06:11,06:13,06:16,06:18,,,,06:25,,,06:31,,,,06:39,,,,,06:54,06:58,07:03,07:08,07:13,07:18,07:23,07:31
48,06:10,06:13,06:15,06:18,06:20,06:23,06:26,06:29,06:31,06:33,06:36,06:40,06:43,06:45,06:48,06:53,06:56,07:01,07:05,07:08,07:15,,,,,,,
49,06:12,06:15,06:17,06:20,06:22,,,,06:29,,,06:35,,,,06:43,06:46,06:51,06:55,06:58,07:04,,,,,,,
50,06:16,06:19,06:21,06:24,06:26,06:29,06:32,06:35,06:37,06:39,06:42,06:46,06:49,06:51,06:54,06:59,07:02,07:07,07:11,07:14,07:20,,,,,,,
51,06:21,06:24,06:26,06:29,06:31,,,,06:38,,,06:44,,,,06:52,,,,,07:06,07:10,07:15,07:20,07:26,07:31,07:36,07:43
52,,,,,,,,,,,,,,,,06:56,,,,,07:10,,,,,07:35,,
53,,,,,06:32,06:35,06:38,06:41,06:43,06:45,06:48,06:52,06:55,06:57,07:00,07:06,07:09,07:14,07:18,07:21,07:28,,,,,,,
54,06:29,06:32,06:34,06:37,06:39,,,,06:46,,,06:52,,,,07:00,,,,,07:14,07:18,07:23,07:28,07:34,07:39,07:44,07:51
55,,,,,,,,,,,,06:55,06:58,07:00,07:03,07:09,07:12,07:17,07:21,07:24,07:30,07:34,07:39,07:44,07:50,07:55,08:00,08:07
56,06:29,06:32,06:34,06:37,06:39,06:42,06:45,06:48,06:50,06:52,06:55,06:59,07:02,07:04,07:07,07:12,07:15,07:20,07:24,07:27,07:33,,,,,,,
57,06:32,06:35,06:37,06:40,06:42,,,,06:49,,,06:55,,,,07:03,07:06,07:11,07:15,07:18,07:24,,,,,,,
58,,,,,,,,,,,,06:58,,,,07:06,,,,,07:21,,,07:35,,,,
59,06:32,06:35,06:37,06:40,06:42,06:45,06:48,06:51,06:53,06:55,06:58,07:02,07:05,07:07,07:10,07:16,07:19,07:24,07:28,07:31,07:39,,,,,,,
60,06:35,06:38,06:40,06:43,06:45,06:48,06:51,06:54,06:56,06:58,07:01,07:05,07:08,07:10,07:13,07:19,07:22,07:27,07:31,07:34,07:42,,,,,,,
61,06:38,06:41,06:43,06:46,06:48,,,,06:55,,,07:01,,,,07:09,,,,,07:25,07:29,07:34,07:39,07:45,07:50,07:55,08:02
62,06:40,06:43,06:45,06:48,06:50,06:53,06:56,06:59,07:01,07:03,07:06,07:12,,,,,,,,,,,,,,,,
63,,,,,,,,,07:02,,,07:09,,,,07:18,,,,,07:34,07:38,07:43,07:49,07:55,08:01,08:06,08:15
64,06:45,06:48,06:50,06:53,06:55,06:58,07:01,07:04,07:06,07:08,07:11,07:15,07:18,07:20,07:23,07:28,07:31,07:36,07:40,07:43,07:50,,,,,,,
65,06:49,06:52,06:54,06:57,06:59,,,,07:06,,,07:12,,,,07:22,07:25,07:30,07:34,07:37,07:45,,,,,,,
66,06:49,06:52,06:54,06:57,06:59,07:02,07:05,07:08,07:10,07:12,07:15,07:19,07:22,07:24,07:27,07:32,07:35,07:40,07:44,07:47,07:54,,,,,,,
67,06:55,06:58,07:00,07:03,07:05,,,,07:12,,,07:18,,,,07:26,,,,,07:41,07:45,07:50,07:55,08:01,08:06,08:11,08:19
68,06:58,,,,,,,,07:15,,,07:21,,,,07:30,,,,,07:45,,07:54,07:59,,08:08,08:13,08:20
69,,,,,,,,,,,,,,,,,,,,,07:45,,,,,08:11,,
70,,,,,,07:06,07:09,07:12,07:14,07:16,07:19,07:24,07:28,07:31,07:34,07:40,,,,,,,,,,,,
71,06:58,07:01,07:03,07:06,07:08,07:11,07:14,07:17,07:19,07:21,07:24,07:28,07:31,07:33,07:36,07:41,07:44,07:49,07:53,07:56,08:02,,,,,,,
72,07:03,07:06,07:08,07:11,07:13,,,,07:20,,,07:26,,,,07:34,,,,,07:49,07:53,07:58,08:03,08:09,08:14,08:19,08:25
73,,,,,,,,,,,,,,,,,,,,,07:53,07:57,08:02,08:07,,,,
74,,,,,,,,,,,,,,,,07:45,07:48,07:53,07:57,08:00,08:05,08:09,08:14,08:19,08:25,08:30,08:35,08:42
75,07:05,07:08,07:10,07:13,07:17,07:18,07:21,07:24,07:26,07:28,07:31,07:35,07:38,07:40,07:43,07:51,,,,,,,,,,,,
76,07:08,07:11,07:13,07:16,07:18,07:21,07:24,07:27,07:29,07:31,07:34,07:38,07:41,07:43,07:46,07:52,07:55,08:00,08:04,08:07,08:13,,,,,,,
77,,,,,,,,,07:28,,,07:35,,,,07:43,,,,,07:57,08:02,08:07,08:12,08:18,08:23,08:28,08:34
78,07:11,07:14,07:16,07:19,07:21,07:24,07:27,07:30,07:32,07:34,07:37,07:41,07:44,07:46,07:49,07:55,07:58,08:03,08:07,08:10,08:16,,,,,,,
79,07:14,07:17,07:19,07:22,07:24,,,,07:32,,,07:39,,,,07:47,,,,,08:01,,,,,08:28,,
80,,,,,,,,,,,,,,,,,,,,,,,,08:23,08:29,08:34,08:39,08:46
81,07:17,07:20,07:22,07:25,07:27,07:30,07:33,07:36,07:38,07:40,07:43,07:47,07:50,07:52,07:55,08:00,08:03,08:08,08:12,08:15,08:22,,,,,,,
82,,,,,,07:33,07:36,07:39,07:41,07:43,07:46,07:50,07:53,07:55,07:58,08:03,08:06,08:11,08:15,08:18,08:25,,,,,,,
83,07:23,07:26,07:28,07:31,07:33,07:36,07:39,07:42,07:44,07:46,07:49,07:53,07:56,07:58,08:01,08:06,08:09,08:14,08:18,08:21,08:28,,,,,,,
84,07:25,07:28,07:30,07:33,07:35,,,,07:43,,,07:50,,,,07:58,,,,,08:14,08:18,08:23,08:28,08:34,08:39,08:44,08:50
85,07:26,07:29,07:31,07:34,07:36,07:39,07:42,07:45,07:47,07:49,07:52,07:56,07:59,08:01,08:04,08:09,08:12,08:17,08:21,08:24,08:31,,,,,,,
86,07:29,07:32,07:34,07:37,07:39,07:42,07:45,07:48,07:50,07:52,07:55,07:59,08:02,08:04,08:07,08:13,,,,,,,,,,,,
87,07:31,,,,07:40,,,,07:47,,,07:53,,,,,,08:10,,,,,,,,,,
88,,,,,,,,,07:50,,,,,,,08:04,,,,,,08:22,08:27,08:32,08:38,08:43,08:48,08:54
89,07:32,07:35,07:37,07:40,07:42,07:45,07:48,07:51,07:53,07:55,07:58,08:02,08:05,08:07,08:10,08:15,08:18,08:23,08:27,08:30,08:36,,,,,,,
90,07:34,07:37,07:39,07:42,07:44,,,,07:53,,,08:00,,,,08:08,,,,,08:24,08:28,08:33,08:38,08:44,08:49,08:54,09:01
91,,,,,,,,,,,,,,,,,,,,,08:30,,,08:45,,,,
92,,,,,,,,,,,,,,,,08:18,08:21,08:26,08:30,08:33,08:38,08:41,08:46,08:51,08:57,09:02,,
93,07:35,07:38,07:40,07:43,07:45,07:48,07:51,07:54,07:56,07:58,08:01,08:05,08:08,08:10,08:13,08:19,,,,,,,,,,,,
94,,,,,,,,,,,,08:08,08:11,08:13,08:16,08:21,08:24,08:29,08:33,08:36,08:42,08:46,08:51,08:56,09:02,09:07,09:12,09:19
95,07:41,07:44,07:46,07:49,07:51,07:54,07:57,08:00,08:02,08:04,08:07,08:11,08:14,08:16,08:19,08:24,08:27,08:32,08:36,08:39,08:46,,,,,,,
96,07:45,07:48,07:50,07:53,07:55,,,,08:02,,,08:08,,,,08:18,,,,,08:34,08:38,08:43,08:48,08:54,08:59,09:04,09:11
97,07:45,07:48,07:50,07:53,07:55,07:58,08:01,08:04,08:06,08:08,08:11,08:15,08:18,08:20,08:23,08:28,08:31,08:36,08:40,08:43,08:50,,,,,,,
98,07:48,07:51,07:53,07:56,07:58,08:01,08:04,08:07,08:09,08:11,08:14,08:18,08:21,08:23,08:26,08:32,,,,,,,,,,,,
99,07:51,07:54,07:56,07:59,08:01,08:04,08:07,08:10,08:12,08:14,08:17,08:22,,,,,,,,,,,,,,,,
100,07:54,07:57,07:59,08:02,08:04,08:07,08:10,08:13,08:15,08:17,08:20,08:24,08:27,08:29,08:32,08:38,,,,,,,,,,,,
101,07:55,,,,08:03,,,,08:10,,,08:16,,,,08:24,,,,,08:40,,,,,,,
102,,,,,,,,,08:15,,,,,,,08:30,,,,,,08:50,08:55,09:00,09:06,09:11,09:16,09:23
103,07:57,08:00,08:02,08:05,08:07,08:10,08:13,08:16,08:18,08:20,08:23,08:27,08:30,08:32,08:35,08:40,08:43,08:48,08:52,08:55,09:02,,,,,,,
104,08:00,08:03,08:05,08:08,08:10,08:13,08:16,08:19,08:21,08:23,08:26,08:30,08:33,08:35,08:38,08:44,,,,,,,,,,,,
105,08:02,08:05,08:07,08:10,08:12,,,,08:19,,,08:25,,,,08:33,,,,,08:50,08:54,08:59,09:04,09:10,09:15,09:20,09:29
106,,,,,,,,,,,,,,,,08:36,,,,,08:55,08:59,09:04,09:09,09:15,09:20,09:25,09:32
107,,,,,,,,,,,,,,,,,,,,,08:59,09:02,09:07,09:14,,,,
108,08:05,08:08,08:10,08:13,08:15,08:18,08:21,08:24,08:26,08:28,08:31,08:35,08:38,08:40,08:43,08:48,08:51,08:56,09:00,09:03,09:10,,,,,,,
109,08:08,,,,08:16,,,,08:23,,,08:29,,,,08:37,,,,,08:57,,,,,,,
110,08:11,,,,08:19,,,,08:26,,,08:32,,,,08:51,,,,,,,,,,,,
111,,,,,,,,,,,,08:40,08:43,08:45,08:48,08:53,08:56,09:01,09:06,09:09,09:14,09:18,09:23,09:28,09:34,09:39,09:44,09:51
112,08:13,08:16,08:18,08:21,08:23,08:26,08:29,08:32,08:34,08:36,08:39,08:44,08:48,08:50,08:53,08:59,09:03,09:09,09:13,09:16,09:22,,,,,,,
113,,,,,,,,,,,,,,,,,,,,,09:20,09:24,09:29,09:34,09:40,09:45,09:50,09:57
114,08:16,08:19,08:21,08:24,08:26,08:29,08:32,08:35,08:37,08:39,08:42,08:47,08:51,08:53,08:56,09:02,,,,,,,,,,,,
115,08:22,,,,08:30,,,,08:38,,,08:44,,,,08:54,,,,,,,,,,,,
116,08:22,08:25,08:27,08:30,08:32,08:35,08:38,08:41,08:43,08:45,08:48,08:52,08:56,08:58,09:01,09:07,09:10,09:15,09:19,09:22,09:30,,,,,,,
117,08:25,08:28,08:30,08:33,08:35,,,,08:42,,,08:48,,,,08:56,,,,,09:10,09:14,09:19,09:24,09:30,09:35,09:40,09:47
118,08:29,,,08:38,,,,,08:45,,,08:51,,,,08:59,,,,,09:17,,,,,,,
119,08:35,,,08:43,,,,,08:50,,,08:56,,,,09:06,,,,,09:25,,,09:40,,,,
120,,,,,,,,,,,,,,,,09:18,09:21,09:26,09:30,09:33,09:39,09:43,09:48,09:53,09:59,10:04,10:09,10:16
121,08:35,08:38,08:40,08:43,08:45,08:48,08:51,08:54,08:56,08:58,09:01,09:05,09:08,09:10,09:13,09:19,,,,,,,,,,,,
122,08:38,,,08:46,,,,,08:53,,,08:59,,,,09:11,,,,,,,,,,,,
123,,,,,,,,,,,,,,,,,,,,,09:30,09:34,09:39,09:44,09:50,09:55,10:00,10:06
124,08:38,08:41,08:43,08:46,08:48,08:51,08:54,08:57,08:59,09:01,09:04,09:08,09:11,09:13,09:16,09:21,09:24,09:29,09:33,09:36,09:43,,,,,,,
125,08:41,08:44,08:46,08:49,08:51,08:54,08:57,09:00,09:02,09:04,09:07,09:12,,,,,,,,,,,,,,,,
126,08:43,,,08:51,,,,,08:58,,,09:04,,,,09:13,,,,,09:33,,,,,,,
127,08:44,08:47,08:49,08:52,08:54,08:57,09:00,09:03,09:05,09:07,09:10,09:14,09:17,09:19,09:22,09:27,09:30,09:35,09:39,09:42,09:49,,,,,,,
128,08:46,,,08:54,,,,,09:01,,,09:07,,,,,,09:23,,,,,,,,,,
129,08:47,08:50,08:52,08:55,08:57,09:00,09:03,09:06,09:08,09:10,09:13,09:17,09:20,09:22,09:25,09:30,09:33,09:38,09:42,09:45,09:53,,,,,,,
130,08:50,08:53,08:55,08:58,09:00,,,,09:07,,,09:13,,,,09:21,,,,,09:35,09:39,09:44,09:49,09:55,10:00,10:05,10:11
131,08:53,,,09:03,,,,,09:10,,,09:16,,,,09:25,,,,,,,,,,,,
132,08:53,08:56,08:58,09:01,09:03,09:06,09:09,09:12,09:14,09:16,09:19,09:23,09:26,09:29,09:32,09:37,09:40,09:45,09:49,09:52,09:59,,,,,,,
133,08:56,08:59,09:01,09:04,09:06,09:09,09:12,09:15,09:17,09:19,09:22,09:26,09:29,09:32,09:35,09:40,,,,,,,,,,,,
134,08:57,,,09:06,,,,,09:13,,,09:19,,,,09:27,,,,,09:42,,,,,,,
135,,,,,,,,,,,,,,,,,,,,,09:49,09:53,09:58,10:03,10:09,10:14,10:19,10:26
136,09:00,09:03,09:05,09:08,09:10,09:13,09:16,09:19,09:21,09:23,09:26,09:30,09:33,09:36,09:39,09:43,09:46,09:51,09:55,09:58,10:04,,,,,,,
137,09:02,,,,09:10,,,,09:17,,,09:23,,,,09:34,,,,,,,,,,,,
138,09:03,09:06,09:08,09:11,09:13,09:16,09:19,09:22,09:24,09:26,09:29,09:33,09:36,09:38,09:41,09:46,09:49,09:54,09:58,10:01,10:07,,,,,,,
139,09:05,09:08,09:10,09:13,09:15,,,,09:22,,,09:28,,,,09:38,,,,,09:53,09:57,10:02,10:07,10:13,10:18,10:23,10:30
140,09:07,09:10,09:12,09:15,09:17,09:20,09:23,09:26,09:28,09:30,09:33,09:39,,,,,,,,,,,,,,,,
141,09:09,,,,09:18,,,,09:25,,,09:31,,,,,,09:48,,,,,,,,,,
142,09:11,09:14,09:16,09:19,09:21,09:24,09:27,09:30,09:32,09:34,09:37,09:41,09:44,09:46,09:49,09:55,,,,,,,,,,,,
143,09:12,,,,09:21,,,,09:28,,,09:34,,,,09:45,,,,,,,,,,,,
144,09:15,09:18,09:20,09:23,09:25,09:28,09:31,09:34,09:36,09:38,09:41,09:45,09:48,09:50,09:53,09:58,10:01,10:06,10:10,10:13,10:19,,,,,,,
145,,,,,,,,,,,,,,,,10:01,10:04,10:09,10:13,10:16,10:25,10:29,10:34,10:39,10:45,10:50,10:55,11:02
146,09:18,09:21,09:23,09:26,09:28,09:31,09:34,09:37,09:39,09:41,09:44,09:48,09:51,09:53,09:56,10:03,,,,,,,,,,,,
147,09:21,09:24,09:26,09:29,09:31,09:34,09:37,09:40,09:42,09:44,09:47,09:51,09:54,09:56,09:59,10:04,10:07,10:12,10:16,10:19,10:25,,,,,,,
148,09:23,,,,09:31,,,,09:38,,,09:44,,,,09:52,,,,,10:12,,,,,,,
149,09:25,09:28,09:30,09:33,09:35,09:38,09:41,09:44,09:46,09:48,09:51,09:55,09:58,10:00,10:03,10:08,10:11,10:16,10:20,10:23,10:30,,,,,,,
150,09:26,09:29,09:31,09:34,09:36,,,,09:43,,,09:49,,,,09:57,,,,,10:12,10:16,10:21,10:26,10:32,10:37,10:42,10:49
151,09:28,09:31,09:33,09:36,09:38,09:41,09:44,09:47,09:49,09:51,09:54,10:00,,,,,,,,,,,,,,,,
152,09:29,,,,09:39,,,,09:46,,,09:52,,,,10:00,,,,,10:16,,,,,,,
153,,,,,,,,,,,,,,,,10:04,,,,,10:18,,10:26,10:32,,10:41,10:46,10:53
154,09:31,09:34,09:36,09:39,09:41,09:44,09:47,09:50,09:52,09:54,09:57,10:01,10:04,10:06,10:09,10:16,,,,,,,,,,,,
155,09:32,,,,09:42,,,09:49,,,,09:55,,,,10:05,,,,,,,,,,,,
156,09:34,09:37,09:39,09:42,09:44,09:47,09:50,09:53,09:55,09:57,10:00,10:04,10:07,10:09,10:12,10:17,10:20,10:25,10:29,10:32,10:40,,,,,,,
157,09:35,09:38,09:40,09:43,09:45,,,09:52,,,,09:58,,,,10:07,,,,,10:21,10:25,10:30,10:35,10:41,10:46,10:51,10:58
158,09:37,09:40,09:42,09:45,09:47,09:50,09:53,09:56,09:58,10:00,10:03,10:07,10:10,10:12,10:15,10:22,,,,,,,,,,,,
159,09:40,09:43,09:45,09:48,09:50,09:53,09:56,09:59,10:01,10:03,10:06,10:10,10:13,10:15,10:18,10:23,10:26,10:31,10:35,10:38,10:45,,,,,,,
160,09:41,,,,09:50,,,09:57,,,,10:03,,,,10:11,,,,,10:25,,,,,,,
161,09:43,09:46,09:48,09:51,09:53,09:56,09:59,10:02,10:04,10:06,10:09,10:13,10:16,10:18,10:21,10:27,10:30,10:35,10:39,10:42,10:50,,,,,,,
162,09:44,,,,09:53,,,10:00,,,,10:06,,,,10:14,,,,,10:30,,,,,,,
163,09:46,09:49,09:51,09:54,09:56,09:59,10:02,10:05,10:07,10:09,10:12,10:16,10:19,10:21,10:24,10:31,,,,,,,,,,,,
164,09:47,,,,09:56,,,10:03,,,,10:09,,,,10:17,,,,,10:32,10:36,10:41,10:49,,,,
165,09:49,09:52,09:54,09:57,09:59,10:02,10:05,10:08,10:10,10:12,10:15,10:19,10:22,10:24,10:27,10:33,10:36,10:41,10:45,10:48,10:54,,,,,,,
166,09:51,,,,10:00,,,10:07,,,,10:13,,,,10:21,,,,,10:38,,,,,,,
167,,,,,,,,,,,,,,,,10:25,,,,,10:39,10:43,10:48,10:53,10:59,11:04,11:09,11:15
168,09:52,09:55,09:57,10:00,10:02,10:05,10:08,10:11,10:13,10:15,10:18,10:24,,,,,,,,,,,,,,,,
169,09:55,09:58,10:00,10:03,10:05,10:08,10:11,10:14,10:16,10:18,10:21,10:25,10:28,10:30,10:33,10:38,10:41,10:46,10:50,10:53,10:59,,,,,,,
170,09:56,,,,10:04,,,10:11,,,,10:17,,,,10:28,,,,,,,,,,,,
171,,,,,,,,10:15,,,,10:22,,,,10:30,,,,,10:44,10:48,10:53,10:58,11:04,11:09,11:14,11:20
172,10:01,10:04,10:06,10:09,10:11,,,,10:18,,,10:25,,,,10:33,,,,,10:48,10:52,10:57,11:02,11:08,11:13,11:18,11:24
173,,,,,,,,,,,,,,,,,,,,,10:52,10:56,11:01,11:06,11:12,11:17,11:22,11:28
174,10:01,10:04,10:06,10:09,10:11,10:14,10:17,10:20,10:22,10:24,10:27,10:31,10:34,10:36,10:39,10:44,10:47,10:52,10:56,10:59,11:05,,,,,,,
175,10:04,10:07,10:09,10:12,10:14,10:17,10:20,10:23,10:25,10:27,10:30,10:34,10:37,10:39,10:42,10:48,,,,,,,,,,,,
176,10:06,,,,10:14,,,,10:21,,,10:28,,,,10:38,,,,,,,,,,,,
177,10:07,10:10,10:12,10:15,10:17,10:20,10:23,10:26,10:28,10:30,10:33,10:37,10:40,10:42,10:45,10:50,10:53,10:58,11:02,11:05,11:11,,,,,,,
178,10:09,,,,10:17,,,,10:24,,,10:31,,,,10:40,10:43,10:48,10:52,,,,,,,,,
179,10:10,10:13,10:15,10:18,10:20,10:23,10:26,10:29,10:31,10:33,10:36,10:40,10:43,10:45,10:48,10:53,10:56,11:01,11:05,11:08,11:14,,,,,,,
180,,,,,,,,,10:32,,,,,,,10:46,,,,,,11:04,11:09,11:14,11:20,11:25,11:30,11:38
181,10:14,10:17,10:19,10:22,10:24,10:27,10:30,10:33,10:35,10:37,10:40,10:44,10:47,10:49,10:52,10:59,,,,,,,,,,,,
182,10:17,10:20,10:22,10:25,10:27,10:30,10:33,10:36,10:38,10:40,10:43,10:47,10:50,10:52,10:55,11:00,11:03,11:08,11:12,11:15,11:23,,,,,,,
183,10:18,10:21,10:23,10:26,10:28,,,,10:35,,,10:41,,,,10:49,,,,,11:05,11:08,11:13,11:18,11:24,11:29,11:34,11:42
184,10:20,10:23,10:25,10:28,10:30,10:33,10:36,10:39,10:41,10:43,10:46,10:50,,,,,,,,,,,,,,,,
185,10:22,,,,10:31,,,,10:38,,,10:44,,,,10:52,10:55,11:00,11:04,,,,,,,,,
186,,,,,,,,,,,,,,,,,,,,,11:18,11:22,11:27,11:32,11:38,11:43,11:48,11:55
187,,,,,,,,,,,,,,,,11:05,11:08,11:13,11:17,11:20,11:26,11:29,11:34,11:39,11:45,11:50,11:55,12:01
188,10:27,10:30,10:32,10:35,10:37,10:40,10:43,10:46,10:48,10:50,10:53,10:57,11:00,11:02,11:05,11:11,11:14,11:19,11:23,11:26,11:34,,,,,,,
189,10:29,10:32,10:34,10:37,10:39,,,,10:46,,,10:52,,,,11:00,,,,,11:14,11:18,11:23,11:28,11:34,11:39,11:44,11:51
190,10:30,10:33,10:35,10:38,10:40,10:43,10:46,10:49,10:51,10:53,10:56,11:00,11:03,11:05,11:08,11:14,,,,,,,,,,,,
191,10:32,,,,10:42,,,,10:49,,,10:55,,,,11:03,,,,,11:18,,,,,,,
192,10:33,10:36,10:38,10:41,10:43,10:46,10:49,10:52,10:54,10:56,10:59,11:03,11:06,11:08,11:11,11:17,,,,,,,,,,,,
193,10:35,10:38,10:40,10:43,10:45,,,,10:52,,,10:58,,,,11:06,,,,,11:22,11:26,11:31,11:38,,,,
194,10:36,10:39,10:41,10:44,10:46,10:49,10:52,10:55,10:57,10:59,11:02,11:06,11:09,11:11,11:14,11:19,11:22,11:27,11:31,11:34,11:41,,,,,,,
195,10:39,10:42,10:44,10:47,10:49,10:52,10:55,10:58,11:00,11:02,11:05,11:09,11:12,11:14,11:17,11:23,11:26,11:31,11:35,11:38,11:45,,,,,,,
196,10:40,,,,10:48,,,,10:55,,,11:01,,,,11:09,,,,,11:27,,,,,,,
197,10:42,10:45,10:47,10:50,10:52,,,,,,,,,,,,,,,,,,,,,,,
198,,,,,,,,,10:59,,,,,,,11:14,,,,,,11:33,11:38,11:43,11:49,11:54,11:59,12:05
199,10:45,10:48,10:50,10:53,10:55,10:58,11:01,11:04,11:06,11:08,11:11,11:15,11:18,11:20,11:23,11:29,,,,,,,,,,,,
200,10:47,10:50,10:52,10:55,10:57,,,,11:04,,,11:10,,,,11:18,,,,,11:34,11:38,11:43,11:48,11:54,11:59,12:04,12:10
201,10:48,10:51,10:53,10:56,10:58,,,,,,,,,,,,,,,,,,,,,,,
202,10:50,,,,11:00,,,,11:07,,,11:13,,,,11:21,11:24,11:29,11:35,,,,,,,,,
203,10:51,10:54,10:56,10:59,11:01,11:04,11:07,11:10,11:12,11:14,11:17,11:21,11:24,11:26,11:29,11:34,11:37,11:42,11:46,11:49,11:56,,,,,,,
204,10:54,10:57,10:59,11:02,11:04,11:07,11:10,11:13,11:15,11:17,11:20,11:24,11:27,11:29,11:32,11:37,11:40,11:45,11:49,11:52,11:58,12:01,12:06,12:12,,,,
205,10:57,11:00,11:02,11:05,11:07,11:10,11:13,11:16,11:18,11:20,11:23,11:27,11:30,11:32,11:35,11:40,11:43,11:48,11:52,11:55,12:00,,,,,,,
206,11:00,11:03,11:05,11:08,11:10,,,,11:17,,,11:23,,,,11:31,,,,,11:46,11:50,11:55,12:00,12:06,12:11,12:16,12:23
207,11:00,11:03,11:05,11:08,11:10,11:13,11:16,11:19,11:21,11:23,11:26,11:30,11:33,11:35,11:38,11:45,,,,,,,,,,,,
208,11:03,11:06,11:08,11:11,11:13,11:16,11:19,11:22,11:24,11:26,11:29,11:33,11:36,11:38,11:41,11:46,11:49,11:54,11:58,12:01,12:09,,,,,,,
209,11:05,11:08,11:10,11:13,11:15,,,,11:22,,,11:28,,,,11:36,,,,,11:51,11:55,12:00,12:05,12:11,12:16,12:21,12:28
210,11:08,11:11,11:13,11:16,11:18,,,,11:25,,,11:31,,,,11:39,11:42,11:47,11:54,,,,,,,,,
211,11:08,11:11,11:13,11:16,11:18,11:21,11:24,11:27,11:29,11:31,11:34,11:38,11:41,11:43,11:46,11:51,11:54,11:59,12:03,12:06,12:13,,,,,,,
212,11:12,11:15,11:17,11:20,11:22,,,,11:29,,,11:35,,,,11:43,11:46,11:51,11:55,11:58,12:06,,,,,,,
213,11:15,11:18,11:20,11:23,11:25,11:28,11:31,11:34,11:36,11:38,11:41,11:45,11:48,11:50,11:53,12:00,,,,,,,,,,,,
214,11:18,11:21,11:23,11:26,11:28,11:31,11:34,11:37,11:39,11:41,11:44,11:48,11:51,11:53,11:56,12:01,12:04,12:09,12:13,12:16,12:23,,,,,,,
215,,,,,,,,,,,,,,,,,,,,,12:21,12:25,12:30,12:35,12:41,12:46,12:51,12:58
216,11:19,11:22,11:24,11:27,11:29,,,,11:36,,,11:42,,,,11:50,,,,,12:05,12:09,12:14,12:19,12:25,12:30,12:35,12:42
217,11:21,11:24,11:26,11:29,11:31,,,,,,,,,,,,,,,,,,,,,,,
218,11:22,11:25,11:27,11:30,11:32,,,,11:39,,,11:45,,,,11:53,,,,,12:10,,,,,,,
219,,,,,,,,,11:42,,,11:48,,,,11:56,11:59,12:04,12:08,12:11,12:17,12:20,12:25,12:32,,,,
220,11:24,11:27,11:29,11:32,11:34,11:37,11:40,11:43,11:45,11:47,11:50,11:54,11:57,11:59,12:02,12:07,12:10,12:15,12:19,12:22,12:30,,,,,,,
221,11:28,11:31,11:33,11:36,11:39,,,,11:47,,,11:53,,,,12:03,12:06,12:11,12:15,,,,,,,,,
222,,,,,,,,,,,,11:57,12:00,12:02,12:05,12:10,12:13,12:18,12:22,12:25,12:32,12:36,12:41,12:46,12:52,12:59,,
223,11:28,11:31,11:33,11:36,11:38,,,,,,,,,,,,,,,,,,,,,,,
224,11:32,11:35,11:37,11:40,11:42,11:45,11:48,11:51,11:53,11:55,11:58,12:02,12:05,12:07,12:10,12:15,12:18,12:23,12:27,12:30,12:37,,,,,,,
225,11:36,11:39,11:41,11:44,11:46,,,,11:54,,,12:01,,,,12:10,,,,,12:25,12:29,12:34,12:39,12:45,12:50,12:55,13:02
226,,,,,,,,,,,,,,,,12:19,12:22,12:27,12:31,12:34,12:40,12:44,12:49,12:54,13:00,13:05,13:10,13:17
227,11:39,11:42,11:44,11:47,11:49,11:52,11:55,11:58,12:00,12:02,12:05,12:09,12:12,12:14,12:17,12:22,12:25,12:30,12:34,12:37,12:44,12:48,12:53,12:58,13:04,13:09,13:14,13:21
228,11:42,11:45,11:47,11:50,11:52,,,,11:59,,,12:05,,,,12:13,12:16,12:21,12:26,,,,,,,,,
229,11:42,11:45,11:47,11:50,11:52,11:55,11:58,12:01,12:03,12:05,12:08,12:12,12:15,12:17,12:20,12:25,12:28,12:33,12:37,12:40,12:46,,,,,,,
230,11:49,11:52,11:54,11:57,11:59,12:02,12:05,12:08,12:10,12:12,12:15,12:19,12:22,12:24,12:27,12:32,12:35,12:40,12:44,12:47,12:53,,,,,,,
231,11:51,11:54,11:56,11:59,12:01,,,,12:08,,,12:14,,,,12:22,,,,,12:36,12:40,12:45,12:50,12:56,13:01,13:06,13:13
232,,,,,,,,,,,,,,,,12:33,,,,,12:49,12:53,12:58,13:03,13:09,13:14,13:19,13:26
233,11:52,11:55,11:57,12:00,12:02,12:05,12:08,12:11,12:13,12:15,12:18,12:22,12:25,12:27,12:30,12:35,12:38,12:43,12:47,12:50,12:56,,,,,,,
234,11:55,11:58,12:00,12:03,12:05,12:08,12:11,12:14,12:16,12:18,12:21,12:25,12:28,12:30,12:33,12:38,,,,,,,,,,,,
235,11:58,12:01,12:03,12:06,12:08,12:11,12:14,12:17,12:19,12:21,12:24,12:28,12:31,12:33,12:36,12:41,12:44,12:49,12:53,12:56,13:02,,,,,,,
236,12:05,12:08,12:10,12:13,12:15,12:18,12:21,12:24,12:26,12:28,12:31,12:35,12:38,12:41,12:44,12:49,12:52,12:57,13:01,13:04,13:10,,,,,,,
237,12:07,12:10,12:12,12:15,12:17,,,,12:24,,,12:30,,,,12:38,,,,,12:53,12:57,13:02,13:07,13:13,13:18,13:23,13:30
238,12:08,12:11,12:13,12:16,12:18,12:21,12:24,12:27,12:29,12:31,12:34,12:38,12:41,12:43,12:46,12:52,,,,,,,,,,,,
239,,,,,,,,,12:27,,,12:33,,,,12:41,,,,,12:57,13:01,13:06,13:11,13:17,13:22,13:27,13:35
240,,,,,,,,,,,,,,,,,,,,,13:06,13:10,13:15,13:20,13:26,13:31,13:36,13:42
241,,,,,,,,,,,,,,,,12:52,12:55,13:00,13:04,13:07,13:14,13:18,13:23,13:28,13:34,13:39,13:44,13:51
242,12:12,12:15,12:17,12:20,12:22,12:25,12:28,12:31,12:33,12:35,12:38,12:42,12:45,12:47,12:50,12:55,12:58,13:03,13:07,13:10,13:17,,,,,,,
243,12:13,12:16,12:18,12:21,12:23,,,,12:30,,,12:36,,,,12:44,12:47,12:52,12:56,12:59,13:05,,,,,,,
244,12:16,12:19,12:21,12:24,12:26,,,,12:33,,,12:39,,,,12:47,,,,,13:02,13:06,13:11,13:18,,,,
245,12:16,12:19,12:21,12:24,12:26,12:29,12:32,12:35,12:37,12:39,12:42,12:46,12:49,12:51,12:54,12:59,13:02,13:07,13:11,13:14,13:21,,,,,,,
246,12:19,12:22,12:24,12:27,12:29,12:32,12:35,12:38,12:40,12:42,12:45,12:49,12:52,12:54,12:57,13:02,13:05,13:10,13:14,13:17,13:24,,,,,,,
247,12:24,12:27,12:29,12:32,12:34,12:37,12:40,12:43,12:45,12:47,12:50,12:54,12:57,12:59,13:02,13:07,13:10,13:15,13:19,13:22,13:29,,,,,,,
248,12:25,12:28,12:30,12:33,12:35,,,,12:42,,,12:48,,,,12:56,,,,,13:10,13:14,13:19,13:24,13:30,13:35,13:40,13:47
249,12:28,12:31,12:33,12:36,12:38,12:41,12:44,12:47,12:49,12:51,12:54,12:58,13:01,13:03,13:06,13:11,13:14,13:19,13:23,13:26,13:32,,,,,,,
250,,,,,,,,,12:50,,,12:57,,,,13:05,,,,,13:19,13:23,13:28,13:33,13:39,13:44,13:49,13:55
251,12:31,12:34,12:36,12:39,12:41,12:44,12:47,12:50,12:52,12:54,12:57,13:01,13:04,13:06,13:09,13:14,13:17,13:22,13:26,13:29,13:34,13:38,13:43,13:48,13:54,14:00,14:05,14:12
252,12:34,12:37,12:39,12:42,12:44,12:47,12:50,12:53,12:55,12:57,13:00,13:04,13:07,13:09,13:12,13:17,13:20,13:25,13:29,13:32,13:38,,,,,,,
253,,,,,,,,,,,,,,,,13:20,13:23,13:28,13:32,13:35,13:40,13:44,13:49,13:54,14:00,14:05,14:10,14:17
254,12:38,12:41,12:43,12:46,12:48,12:51,12:54,12:57,12:59,13:01,13:04,13:08,13:11,13:13,13:16,13:23,13:26,13:31,13:35,13:38,13:44,,,,,,,
255,12:41,12:44,12:46,12:49,12:51,12:54,12:57,13:00,13:02,13:04,13:07,13:11,13:14,13:16,13:19,13:25,,,,,,,,,,,,
256,12:43,12:46,12:48,12:51,12:53,,,,13:00,,,13:06,,,,13:14,,,,,13:28,13:32,13:37,13:42,13:48,13:53,13:58,14:05
257,12:46,,,,,,,,13:04,,,13:10,,,,13:18,,,,,13:35,,13:43,13:49,,13:58,14:03,14:10
258,12:44,12:47,12:49,12:52,12:54,12:57,13:00,13:03,13:05,13:07,13:10,13:14,13:17,13:19,13:22,13:27,13:30,13:35,13:39,13:42,13:49,,,,,,,
259,,,,,,,,,13:12,,,13:19,,,,13:27,,,,,13:44,13:48,13:53,13:59,,,,
260,12:51,12:54,12:56,12:59,13:01,13:04,13:07,13:10,13:12,13:14,13:17,13:21,13:24,13:26,13:29,13:34,13:37,13:42,13:46,13:49,13:55,,,,,,,
261,12:57,13:00,13:02,13:05,13:07,13:10,13:13,13:16,13:18,13:20,13:23,13:27,13:30,13:32,13:35,13:40,13:43,13:48,13:52,13:55,14:02,,,,,,,
262,12:59,13:02,13:04,13:07,13:09,,,,13:16,,,13:22,,,,13:30,13:33,13:38,13:42,13:45,13:52,,,,,,,
263,13:01,13:04,13:06,13:09,13:11,13:14,13:17,13:20,13:22,13:24,13:27,13:31,13:34,13:36,13:39,13:44,13:47,13:52,13:56,13:59,14:06,,,,,,,
264,13:03,13:06,13:08,13:11,13:13,,,,13:20,,,13:26,,,,13:34,,,,,13:49,13:53,13:58,14:03,14:09,14:14,14:19,14:26
265,,,,,,,,,13:24,,,13:32,,,,13:40,,,,,13:55,13:59,14:04,14:09,14:15,14:20,14:25,14:32
266,13:04,13:07,13:09,13:12,13:14,13:17,13:20,13:23,13:25,13:27,13:30,13:34,13:37,13:39,13:42,13:47,13:50,13:55,13:59,14:02,14:09,,,,,,,
267,13:08,13:11,13:13,13:16,13:18,13:21,13:24,13:27,13:29,13:31,13:34,13:38,13:41,13:43,13:46,13:53,,,,,,,,,,,,
268,13:14,13:17,13:19,13:22,13:24,13:27,13:30,13:33,13:35,13:37,13:40,13:44,13:47,13:49,13:52,13:57,14:00,14:05,14:09,14:12,14:19,,,,,,,
269,13:18,13:21,13:23,13:26,13:28,,,,13:35,,,13:41,,,,13:50,13:53,13:58,14:02,14:05,14:12,,,,,,,
270,,,,,,,,,,,,13:47,13:50,13:52,13:55,14:00,14:03,14:08,14:12,14:15,14:22,14:26,14:31,14:36,14:42,14:47,14:52,14:59
271,13:20,13:23,13:25,13:28,13:30,13:33,13:36,13:39,13:41,13:43,13:46,13:50,13:53,13:55,13:58,14:03,14:06,14:11,14:15,14:18,14:25,,,,,,,
272,13:23,13:26,13:28,13:31,13:33,,,,13:40,,,13:46,,,,13:54,,,,,14:10,14:14,14:19,14:24,14:30,14:35,14:40,14:47
273,13:24,13:27,13:29,13:32,13:34,13:37,13:40,13:43,13:45,13:47,13:50,13:54,13:57,13:59,14:02,14:07,14:10,14:15,14:19,14:22,14:29,,,,,,,
274,13:30,13:33,13:35,13:38,13:40,13:43,13:46,13:49,13:51,13:53,13:56,14:00,14:03,14:05,14:08,14:13,14:16,14:21,14:25,14:28,14:34,,,,,,,
275,13:33,13:36,13:38,13:41,13:43,13:46,13:49,13:52,13:54,13:56,13:59,14:03,14:06,14:08,14:11,14:16,14:19,14:24,14:28,14:31,14:37,,,,,,,
276,13:38,13:41,13:43,13:46,13:48,13:51,13:54,13:57,13:59,14:01,14:04,14:08,14:11,14:13,14:16,14:21,14:24,14:29,14:33,14:36,14:42,,,,,,,
277,13:43,13:46,13:48,13:51,13:53,,,,14:00,,,14:06,,,,14:14,,,,,14:30,14:34,14:39,14:44,14:50,14:55,15:00,15:07
278,13:45,13:48,13:50,13:53,13:55,13:58,14:01,14:04,14:06,14:08,14:11,14:15,14:18,14:20,14:23,14:28,14:31,14:36,14:40,14:43,14:49,,,,,,,
279,13:49,13:52,13:54,13:57,13:59,14:02,14:05,14:08,14:10,14:12,14:15,14:19,14:22,14:24,14:27,14:32,14:35,14:40,14:44,14:47,14:54,,,,,,,
280,13:52,13:55,13:57,14:00,14:02,14:05,14:08,14:11,14:13,14:15,14:18,14:22,14:25,14:27,14:30,14:35,14:39,14:44,14:48,14:51,14:58,15:02,15:07,15:12,15:18,15:23,15:28,15:35
281,13:55,13:58,14:00,14:03,14:05,,,,14:12,,,14:18,,,,14:26,,,,,14:40,14:44,14:49,14:57,,,,
282,,,,,,,,,,,,,,,,14:30,,,,,14:45,14:49,14:54,14:59,15:05,15:11,,
283,13:56,13:59,14:01,14:04,14:06,14:09,14:12,14:15,14:17,14:19,14:22,14:26,14:29,14:31,14:34,14:39,14:42,14:47,14:51,14:54,15:01,,,,,,,
284,,,,,,,,,14:17,,,,,,,14:34,,,,,,14:53,14:58,15:03,15:09,15:14,15:19,15:26
285,14:01,14:04,14:06,14:09,14:11,14:14,14:17,14:20,14:22,14:24,14:27,14:31,14:34,14:36,14:39,14:46,,,,,,,,,,,,
286,14:05,14:08,14:10,14:13,14:15,,,,14:22,,,14:29,,,,14:38,,,,,14:54,14:58,15:03,15:08,15:14,15:19,15:24,15:31
287,14:06,14:09,14:11,14:14,14:16,14:19,14:22,14:25,14:27,14:29,14:32,14:36,14:39,14:41,14:44,14:49,14:52,14:57,15:01,15:04,15:11,,,,,,,
288,14:10,14:13,14:15,14:18,14:20,,,,14:27,,,14:33,,,,14:43,14:46,14:51,14:55,14:58,15:06,,,,,,,
289,14:14,14:17,14:19,14:22,14:24,14:27,14:30,14:33,14:35,14:37,14:40,14:44,14:47,14:49,14:52,14:57,15:00,15:05,15:09,15:12,15:19,,,,,,,
290,,,,,,,,,,,,,,,,15:00,15:03,15:08,15:12,15:15,15:21,15:25,15:30,15:37,,,,
291,14:17,14:20,14:22,14:25,14:27,14:30,14:33,14:36,14:38,14:40,14:43,14:47,14:50,14:52,14:55,15:02,,,,,,,,,,,,
292,14:20,14:23,14:25,14:28,14:30,14:33,14:36,14:39,14:41,14:43,14:46,14:50,14:53,14:55,14:58,15:03,15:06,15:11,15:15,15:18,15:24,,,,,,,
293,14:24,14:27,14:29,14:32,14:34,,,,14:41,,,14:48,,,,14:56,,,,,15:11,15:15,15:20,15:25,15:31,15:36,15:41,15:48
294,,,,,,,,,14:44,,,14:51,,,,14:59,,,,,15:15,15:19,15:24,15:29,15:35,15:40,15:45,15:53
295,14:26,14:29,14:31,14:34,14:36,14:39,14:42,14:45,14:47,14:49,14:53,14:57,15:00,15:02,15:05,15:10,15:13,15:18,15:22,15:25,15:31,,,,,,,
296,14:29,14:32,14:34,14:37,14:39,14:42,14:45,14:48,14:50,14:52,14:56,15:00,15:03,15:05,15:08,15:13,15:16,15:21,15:25,15:28,15:34,,,,,,,
297,14:30,14:33,14:35,14:38,14:40,,,,14:47,,,14:54,,,,15:06,15:09,15:14,15:18,15:21,15:26,15:29,15:34,15:39,15:45,15:50,15:55,16:02
298,14:33,14:36,14:38,14:41,14:43,14:46,14:49,14:52,14:54,14:56,14:59,15:03,15:06,15:08,15:11,15:16,15:19,15:24,15:28,15:31,15:37,,,,,,,
299,,,,,,,,,14:55,,,15:02,,,,,,,,,15:30,15:34,15:39,15:44,15:50,15:55,,
300,14:37,14:40,14:42,14:45,14:47,14:50,14:53,14:56,14:58,15:00,15:03,15:07,15:10,15:12,15:15,15:20,15:23,15:28,15:32,15:35,15:42,,,,,,,
301,14:43,14:46,14:48,14:51,14:53,14:56,14:59,15:02,15:04,15:06,15:09,15:13,15:16,15:18,15:21,15:26,15:29,15:34,15:38,15:41,15:48,,,,,,,
302,14:48,14:51,14:53,14:56,14:58,15:01,15:04,15:07,15:09,15:11,15:14,15:18,15:21,15:23,15:26,,,,,,,,,,,,,
303,14:50,14:53,14:55,14:58,15:00,,,,15:07,,,,,,,,,,,,15:40,,15:45,15:50,15:56,16:01,16:06,16:13
304,14:51,14:54,14:56,14:59,15:01,15:04,15:07,15:10,15:12,15:14,15:17,15:21,15:24,15:26,15:29,15:34,15:37,15:42,15:46,15:49,15:56,,,,,,,
305,14:54,14:57,14:59,15:02,15:04,15:07,15:10,15:13,15:15,15:17,15:20,15:24,15:27,15:29,15:32,15:37,15:40,15:45,15:49,15:52,15:59,,,,,,,
306,14:55,14:58,15:00,15:03,15:05,,,,15:12,,,15:18,,,,,,,,,,,15:51,15:56,16:02,16:07,16:12,16:19
307,14:57,15:00,15:02,15:05,15:07,15:10,15:13,15:16,15:18,15:20,15:23,15:27,15:30,15:32,15:35,15:40,15:43,15:48,15:52,15:55,16:02,,,,,,,
308,14:58,15:01,15:03,15:06,15:08,,,,15:15,,,15:21,,,,15:30,15:33,15:38,15:42,15:45,15:53,,,,,,,
309,15:00,15:03,15:05,15:08,15:10,15:13,15:16,15:19,15:21,15:23,15:26,15:30,15:33,15:35,15:38,,,,,,,,,,,,,
310,15:02,15:05,15:07,15:10,15:12,,,,15:19,,,15:25,,,,,,,,,15:47,15:51,15:56,16:03,,,,
311,15:03,15:06,15:08,15:11,15:13,15:16,15:19,15:22,15:24,15:26,15:29,15:33,15:36,15:38,15:41,15:46,15:49,15:54,15:58,16:01,16:08,,,,,,,
312,,,,,,,,,,,,15:36,15:39,15:41,15:44,15:49,15:52,15:57,16:01,16:04,16:11,16:15,16:20,16:25,16:31,16:36,16:41,16:48
313,,,,,,,,,15:25,,,15:32,,,,,,,,,15:54,15:58,16:03,16:08,16:14,16:19,16:24,16:31
314,15:11,15:14,15:16,15:19,15:21,,,,15:28,,,15:34,,,,15:43,15:46,15:51,15:55,15:58,16:05,,,,,,,
315,15:11,15:14,15:16,15:19,15:21,15:24,15:27,15:30,15:32,15:34,15:37,15:41,15:44,15:46,15:49,15:54,15:57,16:02,16:06,16:09,16:15,,,,,,,
316,15:17,15:20,15:22,15:25,15:27,15:30,15:33,15:36,15:38,15:40,15:43,15:47,15:50,15:52,15:55,16:00,16:03,16:08,16:12,16:15,16:21,,,,,,,
317,15:18,15:21,15:23,15:26,15:28,,,,15:35,,,15:41,,,,15:49,,,,16:03,,16:07,16:12,16:17,16:23,16:28,16:33,16:40
318,15:20,15:23,15:25,15:28,15:30,15:33,15:36,15:39,15:41,15:43,15:46,15:50,15:53,15:55,15:58,16:03,16:06,16:11,16:15,16:18,16:24,,,,,,,
319,15:23,15:26,15:28,15:31,15:33,15:36,15:39,15:42,15:44,15:46,15:49,15:53,15:56,15:58,16:01,16:06,16:09,16:14,16:18,16:21,16:27,,,,,,,
320,15:30,15:33,15:35,15:38,15:40,,,,15:47,,,15:53,,,,16:01,,,,16:15,,16:19,16:24,16:30,,,,
321,,,,,,,,,15:50,,,15:58,,,,16:06,,,,16:20,,16:24,16:29,16:34,16:40,16:45,16:50,16:57
322,15:27,15:30,15:32,15:35,15:37,15:40,15:43,15:46,15:48,15:50,15:53,15:57,16:00,16:02,16:05,16:11,,,,,,,,,,,,
323,15:33,15:36,15:38,15:41,15:43,15:46,15:49,15:52,15:54,15:56,15:59,16:03,16:06,16:08,16:11,16:16,16:19,16:24,16:28,16:31,16:36,,,,,,,
324,15:36,15:39,15:41,15:44,15:46,15:49,15:52,15:55,15:57,15:59,16:02,16:06,16:09,16:11,16:14,16:19,16:22,16:27,16:31,16:34,16:39,16:42,16:47,16:53,16:59,17:04,17:09,17:16
325,15:39,15:42,15:44,15:47,15:49,15:52,15:55,15:58,16:00,16:02,16:05,16:09,16:12,16:14,16:17,16:22,16:25,16:30,16:34,16:37,16:44,,,,,,,
326,15:40,15:43,15:45,15:48,15:50,,,,15:57,,,16:03,,,,16:11,,,,16:25,,16:29,16:34,16:39,16:45,16:50,16:55,17:02
327,,,,,,,,,,,,,,,,16:16,,,,16:31,,16:35,16:40,16:45,16:51,16:58,,
328,15:45,15:48,15:50,15:53,15:55,15:58,16:01,16:04,16:06,16:08,16:11,16:15,16:18,16:20,16:23,16:28,16:31,16:36,16:40,16:43,16:50,,,,,,,
329,15:48,15:51,15:53,15:56,15:58,16:01,16:04,16:07,16:09,16:11,16:14,16:20,,,,,,,,,,,,,,,,
330,15:50,15:53,15:55,15:58,16:00,,,,16:07,,,16:13,,,,16:21,,,,16:35,,16:39,16:44,16:51,,,,
331,15:51,15:54,15:56,15:59,16:01,16:04,16:07,16:10,16:12,16:14,16:17,16:21,16:24,16:26,16:29,16:34,16:37,16:42,16:46,16:49,16:55,,,,,,,
332,15:53,15:56,15:58,16:01,16:03,,,,16:10,,,16:16,,,,16:25,16:28,16:33,16:37,16:40,16:47,,,,,,,
333,15:56,15:59,16:01,16:04,16:06,16:09,16:12,16:15,16:17,16:19,16:22,16:26,16:29,16:31,16:34,16:39,16:42,16:47,16:51,16:54,17:00,,,,,,,
334,16:00,16:03,16:05,16:08,16:10,,,,16:17,,,16:23,,,,16:31,,,,,16:45,16:49,16:54,16:59,17:05,17:10,17:15,17:22
335,,,,,,,16:15,16:18,16:20,,,16:28,,,,16:36,,,,,16:50,16:54,16:59,17:04,17:10,17:15,17:20,17:29
336,,,,,,,,,,,,,,,,16:39,,,,,16:54,16:58,17:03,17:08,17:14,17:21,,
337,16:02,16:05,16:07,16:10,16:12,16:15,16:18,16:21,16:23,16:25,16:28,16:32,16:35,16:37,16:40,16:45,16:48,16:53,16:57,17:00,17:06,,,,,,,
338,16:09,,,,,,,,16:26,,,16:33,,,,16:42,,,,,16:57,,17:06,17:11,,17:21,,
339,,,,,16:18,16:18,16:21,16:24,16:26,16:28,16:31,16:35,16:38,16:40,16:43,16:48,16:51,16:56,17:00,17:03,17:09,,,,,,,
340,16:08,16:11,16:13,16:16,,16:21,16:24,16:27,16:29,16:31,16:34,16:38,16:41,16:43,16:46,16:51,16:54,16:59,17:03,17:06,17:12,,,,,,,
341,,,,,,,,,,,,,,,,16:58,17:01,17:06,17:10,17:13,17:19,17:23,17:28,17:33,17:39,17:44,17:49,17:55
342,16:12,16:15,16:17,16:20,16:22,,,,16:29,,,16:36,,,,16:45,,,,,17:00,17:04,17:09,17:14,17:20,17:25,17:30,17:37
343,16:15,16:18,16:20,16:23,16:25,16:28,16:31,16:34,16:36,16:38,16:41,16:45,16:48,16:50,16:53,16:59,,,,,,,,,,,,
344,16:18,16:21,16:23,16:26,16:28,16:31,16:34,16:37,16:39,16:41,16:44,16:48,16:51,16:53,16:56,17:01,17:04,17:09,17:13,17:16,17:22,,,,,,,
345,16:19,16:22,16:24,16:27,16:29,,,,16:36,,,16:42,,,,16:50,,,,,17:04,17:08,17:13,17:19,,,,
346,16:21,16:24,16:26,16:29,16:31,16:34,16:37,16:40,16:42,16:44,16:47,16:51,16:54,16:56,16:59,17:04,17:07,17:12,17:16,17:19,17:25,,,,,,,
347,16:23,16:26,16:28,16:31,16:33,,,,16:40,,,16:46,,,,16:55,16:58,17:03,17:07,17:10,17:15,17:19,17:24,17:29,17:35,17:40,17:45,17:51
348,16:27,16:30,16:32,16:35,16:37,16:40,16:43,16:46,16:48,16:50,16:53,16:57,17:00,17:02,17:05,17:10,17:13,17:18,17:22,17:25,17:32,,,,,,,
349,,,,,,,,,16:52,,,16:59,,,,17:07,17:10,17:15,17:19,17:22,17:28,17:32,17:37,17:42,17:48,17:53,17:58,18:04
350,,,,,,16:43,16:46,16:49,16:51,16:53,16:56,17:00,17:03,17:05,17:08,17:13,17:16,17:21,17:25,17:28,17:35,,,,,,,
351,,,,,,,,,,,,,,,,17:16,17:19,17:24,17:28,17:31,17:37,17:41,17:46,17:51,17:57,18:02,18:07,18:14
352,16:36,16:39,16:41,16:44,16:46,16:49,16:52,16:55,16:57,16:59,17:02,17:06,17:09,17:11,17:14,17:19,17:22,17:27,17:31,17:34,17:42,,,,,,,
353,16:39,16:42,16:44,16:47,16:49,16:52,16:55,16:58,17:00,17:02,17:05,17:09,17:12,17:14,17:17,17:23,,,,,,,,,,,,
354,16:41,16:44,16:46,16:49,16:51,,,,16:58,,,17:04,,,,17:13,17:16,17:21,17:25,17:28,17:33,17:37,17:42,17:47,17:53,17:58,18:03,18:10
355,16:43,16:46,16:48,16:51,16:53,16:56,16:59,17:02,17:04,17:06,17:09,17:13,17:16,17:18,17:21,17:26,17:29,17:34,17:38,17:41,17:47,,,,,,,
356,16:46,16:49,16:51,16:54,16:56,16:59,17:02,17:05,17:07,17:09,17:12,17:16,17:19,17:21,17:24,17:30,,,,,,,,,,,,
357,,,,,,,,,,,,17:20,17:23,17:25,17:28,17:33,17:36,17:41,17:45,17:48,17:53,17:56,18:01,18:06,18:12,18:17,18:22,18:29
358,16:53,16:56,16:58,17:01,17:03,17:06,17:09,17:12,17:14,17:16,17:19,17:23,17:26,17:28,17:31,17:37,17:42,17:48,17:52,17:55,18:02,,,,,,,
359,16:56,16:59,17:01,17:04,17:06,,,,17:13,,,17:19,,,,17:27,,,,,17:42,17:46,17:51,17:56,18:02,18:07,18:12,18:19
360,,,,,,,,,,,,,,,,,,,,,17:46,17:50,17:55,18:00,18:05,18:13,,
361,16:56,16:59,17:01,17:04,17:06,17:09,17:12,17:15,17:17,17:19,17:22,17:26,17:29,17:31,17:34,17:39,,,,,,,,,,,,
362,17:00,17:03,17:05,17:08,17:10,17:13,17:16,17:19,17:21,17:23,17:26,17:30,17:33,17:35,17:38,17:43,17:46,17:51,17:55,17:58,18:05,,,,,,,
363,17:03,17:06,17:08,17:11,17:13,17:16,17:19,17:22,17:24,17:26,17:29,17:33,17:36,17:38,17:41,17:48,,,,,,,,,,,,
364,17:04,17:07,17:09,17:12,17:14,,,,17:23,,,17:29,,,,17:37,17:40,17:45,17:49,17:52,17:58,,,,,,,
365,,,,,,,,,17:26,,,17:33,,,,17:41,17:44,17:49,17:53,17:56,18:01,18:05,18:10,18:15,18:21,18:26,18:31,18:38
366,17:06,17:09,17:11,17:14,17:16,17:19,17:22,17:25,17:27,17:29,17:32,17:38,,,,,,,,,,,,,,,,
367,,,,,,,,,,,,,,,,17:51,17:54,17:59,18:03,18:06,18:11,18:15,18:20,18:25,18:31,18:36,18:41,18:48
368,17:10,17:13,17:15,17:18,17:20,17:23,17:26,17:29,17:31,17:33,17:36,17:40,17:43,17:45,17:48,17:54,17:57,18:02,18:06,18:09,18:15,,,,,,,
369,17:15,17:18,17:20,17:23,17:25,,,,17:32,,,17:38,,,,17:46,17:49,17:54,17:58,18:01,18:08,,,,,,,
370,17:16,17:19,17:21,17:24,17:26,17:29,17:32,17:35,17:37,17:39,17:42,17:46,17:50,17:53,17:56,18:02,,,,,,,,,,,,
371,17:19,17:22,17:24,17:27,17:29,,,,17:36,,,17:42,,,,17:50,,,,,18:05,18:10,18:15,18:20,18:26,18:31,18:36,18:42
372,17:21,17:24,17:26,17:29,17:31,17:34,17:37,17:40,17:42,17:44,17:47,17:51,17:54,17:56,17:59,18:05,18:08,18:13,18:17,18:20,18:25,,,,,,,
373,17:24,17:27,17:29,17:32,17:34,,,,17:41,,,17:47,,,,17:57,18:00,18:05,18:09,18:12,18:19,,,,,,,
374,,,,,,17:37,17:40,17:43,17:45,17:47,17:50,17:54,17:57,17:59,18:02,18:08,18:11,18:16,18:20,18:23,18:29,,,,,,,
375,17:30,17:33,17:35,17:38,17:40,,,,17:47,,,17:53,,,,18:01,18:04,18:09,18:13,18:16,18:22,,,,,,,
376,17:30,17:33,17:35,17:38,17:40,17:43,17:46,17:49,17:51,17:53,17:55,17:59,18:03,18:05,18:08,18:15,,,,,,,,,,,,
377,,,,,,,,,,,,18:02,18:06,18:08,18:11,18:16,18:19,18:24,18:28,18:31,18:38,,,,,,,
378,,,,,,,,,,,,,,,,,,,,,18:40,18:44,18:49,18:54,19:00,19:05,19:10,19:17
379,17:35,17:38,17:40,17:43,17:45,,,,17:54,,,18:00,,,,18:09,,,,,18:23,18:27,18:32,18:37,18:43,18:48,18:53,19:00
380,17:36,17:39,17:41,17:44,17:46,17:49,17:52,17:55,17:57,17:59,18:02,18:06,18:09,18:11,18:14,18:19,18:22,18:27,18:31,18:34,18:41,,,,,,,
381,,,,,,,,,,,,,,,,18:22,18:25,18:30,18:34,18:37,18:45,18:49,18:54,18:59,19:05,19:10,19:15,19:22
382,17:39,17:42,17:44,17:47,17:49,17:52,17:55,17:58,18:00,18:02,18:05,18:09,18:12,18:14,18:17,18:25,18:28,18:33,18:37,18:40,18:48,,,,,,,
383,17:39,17:42,17:44,17:47,17:49,17:52,17:55,17:58,18:00,18:02,18:05,18:09,18:12,18:14,18:17,18:25,18:28,18:33,18:37,18:40,18:48,,,,,,,
384,17:39,17:42,17:44,17:47,17:49,,,,17:57,,,18:03,,,,18:13,18:16,18:21,18:25,18:28,18:35,,,,,,,
385,,,,,,,,,,,,,,,,18:13,,,,,18:27,18:31,18:36,18:41,18:47,18:52,18:57,19:04
386,,,,,,,,,18:00,,,18:07,,,,18:16,,,,,18:31,18:35,18:40,18:45,18:51,18:56,19:01,19:08
387,17:15,17:18,17:20,17:23,17:25,,,,17:32,,,17:38,,,,17:46,17:49,17:54,17:58,18:01,18:08,,,,,,,
388,17:16,17:19,17:21,17:24,17:26,17:29,17:32,17:35,17:37,17:39,17:42,17:46,17:50,17:53,17:56,18:02,,,,,,,,,,,,
389,17:19,17:22,17:24,17:27,17:29,,,,17:36,,,17:42,,,,17:50,,,,,18:05,18:10,18:15,18:20,18:26,18:31,18:36,18:42
390,17:21,17:24,17:26,17:29,17:31,17:34,17:37,17:40,17:42,17:44,17:47,17:51,17:54,17:56,17:59,18:05,18:08,18:13,18:17,18:20,18:25,,,,,,,
391,17:24,17:27,17:29,17:32,17:34,,,,17:41,,,17:47,,,,17:57,18:00,18:05,18:09,18:12,18:19,,,,,,,
392,,,,,,17:37,17:40,17:43,17:45,17:47,17:50,17:54,17:57,17:59,18:02,18:08,18:11,18:16,18:20,18:23,18:29,,,,,,,
393,17:30,17:33,17:35,17:38,17:40,,,,17:47,,,17:53,,,,18:01,18:04,18:09,18:13,18:16,18:22,,,,,,,
394,17:30,17:33,17:35,17:38,17:40,17:43,17:46,17:49,17:51,17:53,17:55,17:59,18:03,18:05,18:08,18:15,,,,,,,,,,,,
395,,,,,,,,,,,,18:02,18:06,18:08,18:11,18:16,18:19,18:24,18:28,18:31,18:38,,,,,,,
396,,,,,,,,,,,,,,,,,,,,,18:40,18:44,18:49,18:54,19:00,19:05,19:10,19:17
397,17:35,17:38,17:40,17:43,17:45,,,,17:54,,,18:00,,,,18:09,,,,,18:23,18:27,18:32,18:37,18:43,18:48,18:53,19:00
398,17:36,17:39,17:41,17:44,17:46,17:49,17:52,17:55,17:57,17:59,18:02,18:06,18:09,18:11,18:14,18:19,18:22,18:27,18:31,18:34,18:41,,,,,,,
399,17:42,17:45,17:47,17:50,17:52,17:55,17:58,18:01,18:03,18:05,18:08,18:14,,,,,,,,,,,,,,,,
400,17:45,17:48,17:50,17:53,17:55,17:58,18:01,18:04,18:06,18:08,18:11,18:15,18:18,18:21,18:24,18:29,,,,,,,,,,,,
401,17:48,17:51,17:53,17:56,17:58,18:01,18:04,18:07,18:09,18:11,18:14,18:18,18:21,18:24,18:27,18:32,18:35,18:40,18:44,18:47,18:54,,,,,,,
402,17:50,17:53,17:55,17:58,18:00,,,,18:08,,,18:15,,,,18:25,18:28,18:33,18:37,18:40,18:47,,,,,,,
403,17:51,17:54,17:56,17:59,18:01,18:04,18:07,18:10,18:12,18:14,18:17,18:23,,,,,,,,,,,,,,,,
404,17:53,17:56,17:58,18:01,18:03,,,,18:11,,,18:18,,,,18:28,18:31,18:36,18:40,18:43,18:51,,,,,,,
405,17:54,17:57,17:59,18:02,18:04,18:07,18:10,18:13,18:15,18:17,18:20,18:24,18:27,18:30,18:33,18:40,,,,,,,,,,,,
406,17:56,17:59,18:01,18:04,18:06,,,,18:14,,,18:21,,,,18:31,,,,,18:49,18:53,18:58,19:03,19:09,19:14,19:19,19:27
407,,,,,,,,,,,,,,,,,,,,,18:53,18:57,19:02,19:07,19:13,19:20,,
408,17:57,18:00,18:02,18:05,18:07,18:10,18:13,18:16,18:18,18:20,18:23,18:27,18:30,18:33,18:36,18:42,18:45,18:50,18:54,18:57,19:03,,,,,,,
409,17:59,18:02,18:04,18:07,18:09,,,,18:17,,,18:24,,,,18:36,18:39,18:44,18:48,18:51,18:58,,,,,,,
410,,,,,18:13,18:16,18:19,18:22,18:24,18:26,18:29,18:33,18:36,18:38,18:41,18:46,18:49,18:54,18:58,19:01,19:09,,,,,,,
411,18:03,18:06,18:08,18:11,18:13,18:16,18:19,18:22,18:24,18:26,18:29,18:33,18:36,18:38,18:41,18:46,18:49,18:54,18:58,19:01,19:09,,,,,,,
412,18:07,18:10,18:12,18:15,18:17,18:20,18:23,18:26,18:28,18:30,18:33,18:37,18:40,18:42,18:45,18:50,18:53,18:58,19:02,19:05,19:11,19:15,19:20,19:25,19:31,19:36,19:41,19:48
413,18:08,18:11,18:13,18:16,18:18,,,,18:26,,,18:33,,,,18:41,,,,,18:59,19:03,19:08,19:15,,,,
414,18:10,18:13,18:15,18:18,18:20,18:23,18:26,18:29,18:31,18:33,18:36,18:40,18:43,18:45,18:48,18:55,,,,,,,,,,,,
415,18:11,18:14,18:16,18:19,18:21,,,,18:29,,,18:36,,,,18:44,,,,,19:03,19:07,19:12,19:17,19:23,19:28,19:33,19:40
416,18:13,18:16,18:18,18:21,18:23,18:26,18:29,18:32,18:34,18:36,18:39,18:43,18:46,18:48,18:51,18:56,18:59,19:04,19:08,19:11,19:19,19:23,19:28,19:33,19:39,19:44,19:49,19:57
417,18:13,18:16,18:18,18:21,18:23,18:26,18:29,18:32,18:34,18:36,18:39,18:43,18:46,18:48,18:51,18:56,18:59,19:04,19:08,19:11,19:19,19:23,19:28,19:33,19:39,19:44,19:49,19:57
418,18:14,18:17,18:19,18:22,18:24,,,,18:32,,,18:39,,,,18:47,18:50,18:55,18:59,19:02,19:09,,,,,,,
419,,,,,,,,,,,,,,,,18:50,,,,,19:11,,19:19,19:25,,19:34,19:39,19:46
420,,,,,,,,,18:35,,,18:42,,,,18:53,18:56,19:01,19:05,19:08,19:15,,,,,,,
421,18:16,18:19,18:21,18:24,18:26,18:29,18:32,18:35,18:37,18:39,18:42,18:46,18:49,18:51,18:54,18:59,19:02,19:07,19:11,19:14,19:20,,,,,,,
422,18:19,18:22,18:24,18:27,18:29,18:32,18:35,18:38,18:40,18:42,18:45,18:50,,,,,,,,,,,,,,,,
423,18:21,18:24,18:26,18:29,18:31,,,,18:38,,,18:45,,,,18:55,,,,,19:15,19:19,19:24,19:29,19:35,19:40,19:45,19:52
424,18:22,18:25,18:27,18:30,18:32,18:35,18:38,18:41,18:43,18:45,18:48,18:52,18:56,18:58,19:01,19:06,,,,,,,,,,,,
425,18:25,18:28,18:30,18:33,18:35,,,,18:42,,,18:48,,,,18:58,19:01,19:06,19:10,19:13,19:19,,,,,,,
426,18:26,18:29,18:31,18:34,18:36,18:39,18:42,18:45,18:47,18:49,18:52,18:56,18:59,19:01,19:04,19:09,19:12,19:17,19:21,19:24,19:30,,,,,,,
427,18:29,18:32,18:34,18:37,18:39,18:42,18:45,18:48,18:50,18:52,18:55,18:59,19:02,19:04,19:07,19:13,,,,,,,,,,,,
428,18:29,18:32,18:34,18:37,18:39,,,,18:46,,,18:52,,,,19:02,19:05,19:10,19:14,19:17,19:25,,,,,,,
429,18:33,18:36,18:38,18:41,18:43,18:46,18:49,18:52,18:54,18:56,18:59,19:03,19:06,19:08,19:11,19:16,19:19,19:25,19:29,19:32,19:39,,,,,,,
430,18:33,18:36,18:38,18:41,18:43,,,,18:50,,,18:56,,,,19:06,,,,,19:23,19:27,19:32,19:39,,,,
431,18:36,18:39,18:41,18:44,18:46,,,,18:53,,,18:59,,,,19:10,,,,,19:27,19:31,19:36,19:41,19:47,19:52,19:57,20:04
432,18:36,18:39,18:41,18:44,18:46,18:49,18:52,18:55,18:57,18:59,19:02,19:08,,,,,,,,,,,,,,,,
433,18:39,18:42,18:44,18:47,18:49,,,,18:56,,,19:03,,,,19:13,19:16,19:21,19:25,19:28,19:35,,,,,,,
434,18:39,18:42,18:44,18:47,18:49,18:52,18:55,18:58,19:00,19:02,19:05,19:09,19:12,19:14,19:17,19:23,,,,,,,,,,,,
435,,,,,,,,,,,,19:15,19:19,19:21,19:24,19:29,19:32,19:37,19:41,19:44,19:50,,,,,,,
436,18:47,18:50,18:52,18:55,18:57,19:00,19:03,19:06,19:08,19:10,19:13,19:18,19:22,19:24,19:27,19:32,19:35,19:40,19:44,19:47,19:53,,,,,,,
437,18:49,18:52,18:54,18:57,18:59,,,,19:06,,,19:12,,,,19:22,,,,,19:36,19:40,19:45,19:50,19:56,20:01,20:06,20:13
438,18:51,18:54,18:56,18:59,19:01,19:04,19:07,19:10,19:12,19:14,19:17,19:21,19:25,19:27,19:30,19:35,19:38,19:43,19:47,19:50,19:55,19:59,20:04,20:11,,,,
439,18:51,18:54,18:56,18:59,19:01,19:04,19:07,19:10,19:12,19:14,19:17,19:21,19:25,19:27,19:30,19:35,19:38,19:43,19:47,19:50,19:55,19:59,20:04,20:11,,,,
440,,,,,,,,,,,,,,,,19:25,,,,,19:40,19:44,19:49,19:56,,,,
441,18:52,18:55,18:57,19:00,19:02,,,,19:09,,,19:15,,,,19:25,19:28,19:33,19:37,19:40,19:47,,,,,,,
442,18:54,18:57,18:59,19:02,19:04,19:07,19:10,19:13,19:15,19:17,19:20,19:24,19:28,19:31,19:34,19:41,,,,,,,,,,,,
443,18:59,19:02,19:04,19:07,19:09,19:12,19:15,19:18,19:20,19:22,19:25,19:29,19:32,19:34,19:37,19:43,19:46,19:51,19:55,19:58,20:06,,,,,,,
444,19:01,19:04,19:06,19:09,19:11,,,,19:19,,,19:25,,,,19:33,,,,,19:49,19:53,19:58,20:03,20:09,20:14,20:19,20:26
445,,,,,,,,,19:22,,,19:29,,,,19:37,19:40,19:46,19:50,19:53,19:58,20:02,20:07,20:12,20:18,20:23,20:28,20:35
446,19:02,19:05,19:07,19:10,19:12,19:15,19:18,19:21,19:23,19:25,19:28,19:32,19:35,19:37,19:40,19:47,,,,,,,,,,,,
447,19:08,19:11,19:13,19:16,19:18,,,,19:25,,,19:32,,,,19:40,19:43,19:48,19:52,19:55,20:02,,,,,,,
448,19:09,19:12,19:14,19:17,19:19,19:22,19:25,19:28,19:30,19:32,19:35,19:39,19:42,19:44,19:47,19:52,19:55,20:00,20:04,20:07,20:14,,,,,,,
449,19:11,19:14,19:16,19:19,19:21,,,,19:28,,,19:35,,,,19:44,,,,,20:02,20:06,20:11,20:16,20:22,20:30,,
450,19:13,19:16,19:18,19:21,19:23,19:26,19:29,19:32,19:34,19:36,19:39,19:43,19:46,19:49,19:52,19:59,,,,,,,,,,,,
451,19:14,19:17,19:19,19:22,19:24,,,,19:32,,,19:38,,,,19:47,19:50,19:55,19:59,20:02,20:09,,,,,,,
452,19:17,19:20,19:22,19:25,19:27,,,,19:35,,,19:41,,,,19:50,,,,,20:06,20:10,20:15,20:20,20:26,20:31,20:36,20:43
453,,,,,,,,,19:39,,,19:46,,,19:54,,,,,20:10,,20:14,20:19,20:25,,,,
454,,,,,,,,,,,,,,,,,,,,20:15,,20:19,20:24,20:29,20:35,20:40,20:45,20:52
455,19:17,19:20,19:22,19:25,19:27,19:30,19:33,19:36,19:38,19:40,19:43,19:47,19:50,19:52,19:55,20:02,,,,,,,,,,,,
456,19:20,19:23,19:25,19:28,19:30,19:33,19:36,19:39,19:41,19:43,19:46,19:50,19:53,19:55,19:58,20:04,20:07,20:12,20:16,20:19,20:25,,,,,,,
457,19:25,19:28,19:30,19:33,19:35,,,,19:42,,,19:48,,,19:57,,20:00,20:05,20:09,20:12,20:18,,,,,,,
458,,,,,,,,,,,,19:54,19:57,19:59,20:02,20:07,20:10,20:15,20:19,20:22,20:27,20:31,20:36,20:41,20:47,20:52,20:57,21:04
459,19:27,19:30,19:32,19:35,19:37,19:40,19:43,19:46,19:48,19:50,19:53,19:57,20:00,20:02,20:05,20:10,20:13,20:18,20:22,20:25,20:31,,,,,,,
460,19:30,19:33,19:35,19:38,19:40,,,,19:47,,,19:53,,,20:01,,20:04,20:09,20:13,20:16,20:23,,,,,,,
461,19:30,19:33,19:35,19:38,19:40,19:43,19:46,19:49,19:51,19:53,19:56,20:01,20:04,20:06,20:09,20:15,,,,,,,,,,,,
462,19:34,19:37,19:39,19:42,19:44,,,,19:51,,,19:57,,,20:05,,,,,20:19,,20:23,20:28,20:33,20:39,20:45,20:50,20:56
463,,,,,,,,,,,,,,,20:13,,20:16,20:21,20:25,20:28,20:33,20:36,20:41,20:46,20:52,20:57,21:02,21:10
464,19:34,19:37,19:39,19:42,19:44,19:47,19:50,19:53,19:55,19:57,20:00,20:04,20:07,20:09,20:12,20:19,,,,,,,,,,,,
465,19:37,19:40,19:42,19:45,19:47,19:50,19:53,19:56,19:58,20:00,20:03,20:07,20:10,20:12,20:15,20:21,20:24,20:29,20:33,20:36,20:42,,,,,,,
466,19:42,19:45,19:47,19:50,19:52,,,,19:59,,,20:05,,,20:13,,20:16,20:21,20:25,20:28,20:35,,,,,,,
467,19:45,19:48,19:50,19:53,19:55,19:58,20:01,20:04,20:06,20:08,20:11,20:15,20:18,20:20,20:23,20:31,20:34,20:39,20:43,20:46,20:52,,,,,,,
468,,,,,,,,,,,,,,,20:28,,20:31,20:36,20:40,20:43,20:49,20:53,20:58,21:03,21:08,21:13,21:18,21:25
469,19:48,19:51,19:53,19:56,19:58,20:01,20:04,20:07,20:09,20:11,20:14,20:18,20:21,20:23,20:27,20:33,,,,,,,,,,,,
470,19:49,19:52,19:54,19:57,19:59,,,,20:06,,,20:12,,,20:21,,,,,20:36,,20:40,20:45,20:50,20:56,21:01,21:06,21:14
471,,,,,,,,,,,,,,,,20:25,,,,,20:40,20:44,20:49,20:54,21:00,21:05,,
472,19:51,19:54,19:56,19:59,20:01,20:04,20:07,20:10,20:12,20:14,20:17,20:21,20:24,20:26,20:29,20:36,,,,,,,,,,,,
473,,,,,,,,,,,,,,,,20:37,20:40,20:45,20:49,20:52,20:58,21:02,21:07,21:12,21:18,21:23,21:28,21:35
474,19:52,19:55,19:57,20:00,20:02,,,,20:09,,,20:15,,,,20:24,20:27,20:32,20:36,20:39,20:46,,,,,,,
475,19:55,19:58,20:00,20:03,20:05,20:08,20:11,20:14,20:16,20:18,20:21,20:25,20:28,20:30,20:33,20:40,20:43,20:48,20:52,20:55,21:01,,,,,,,
476,19:58,20:01,20:03,20:06,20:08,20:11,20:14,20:17,20:19,20:21,20:24,20:28,20:31,20:33,20:36,20:43,,,,,,,,,,,,
477,19:59,20:02,20:04,20:07,20:09,,,,20:16,,,20:22,,,,20:30,,,,,20:45,20:49,20:54,20:59,21:05,21:10,21:15,21:22
478,20:01,20:04,20:06,20:09,20:11,20:14,20:17,20:20,20:22,20:24,20:27,20:31,20:34,20:36,20:39,20:46,,,,,,,,,,,,
479,20:03,20:06,20:08,20:11,20:13,,,,20:20,,,20:26,,,,20:34,20:37,20:42,20:46,20:49,20:55,,,,,,,
480,,,,,,,,,20:23,,,20:30,,,,20:38,20:41,20:46,20:50,20:53,,,,,,,,
481,20:04,20:07,20:09,20:12,20:14,20:17,20:20,20:23,20:25,20:27,20:30,20:34,20:37,20:39,20:42,20:47,20:50,20:55,20:59,21:02,21:10,,,,,,,
482,20:08,20:11,20:13,20:16,20:18,20:21,20:24,20:27,20:29,20:31,20:34,20:40,,,,,,,,,,,,,,,,
483,20:10,20:13,20:15,20:18,20:20,,,,20:27,,,20:33,,,,20:43,20:46,20:51,20:55,20:58,21:04,,,,,,,
484,20:12,20:15,20:17,20:20,20:22,20:25,20:28,20:31,20:33,20:35,20:38,20:42,20:45,20:47,20:50,20:56,,,,,,,,,,,,
485,20:14,20:17,20:19,20:22,20:24,,,,20:31,,,20:38,,,,20:47,,,,,21:02,21:06,21:11,21:16,21:22,21:27,21:32,21:39
486,,,,,,,,,,,,,,,,20:50,,,,,21:06,21:10,21:15,21:20,21:26,21:31,21:36,21:43
487,20:16,20:19,20:21,20:24,20:26,20:29,20:32,20:35,20:37,20:39,20:42,20:46,20:49,20:51,20:54,20:59,21:02,21:07,21:11,21:14,21:20,,,,,,,
488,20:19,20:22,20:24,20:27,20:29,20:32,20:35,20:38,20:40,20:42,20:45,20:49,20:52,20:54,20:57,21:05,,,,,,,,,,,,
489,20:21,20:24,20:26,20:29,20:31,,,,20:38,,,20:44,,,,20:52,20:55,21:00,21:04,21:07,21:14,,,,,,,
490,20:24,20:27,20:29,20:32,20:34,,,,20:41,,,20:47,,,,20:55,,,,,21:10,21:14,21:19,21:24,21:30,21:35,21:40,21:47
491,,,,,,,,,,,,,,,,,,,,,21:14,21:18,21:22,21:27,21:32,21:38,,
492,20:24,20:27,20:29,20:32,20:34,20:37,20:40,20:43,20:45,20:47,20:50,20:54,20:57,20:59,21:02,21:07,21:10,21:15,21:19,21:22,21:28,,,,,,,
493,20:27,20:30,20:32,20:35,20:37,20:40,20:43,20:46,20:48,20:50,20:53,20:57,21:00,21:02,21:05,21:14,,,,,,,,,,,,
494,20:30,20:33,20:35,20:38,20:40,,,,20:49,,,20:58,,,,21:06,21:09,21:14,21:18,21:21,21:28,,,,,,,
495,,,,,,,,,,,,,,,,21:10,21:13,21:18,21:22,21:25,21:34,21:38,21:43,21:48,21:54,22:00,,
496,20:30,20:33,20:35,20:38,20:40,20:43,20:46,20:49,20:51,20:53,20:56,21:00,21:03,21:05,21:08,21:13,21:16,21:21,21:25,21:28,21:35,,,,,,,
497,20:33,20:36,20:38,20:41,20:43,20:46,20:49,20:52,20:54,20:56,20:59,21:03,21:06,21:08,21:11,21:16,21:19,21:24,21:28,21:31,21:39,,,,,,,
498,20:36,20:39,20:41,20:44,20:46,20:49,20:52,20:55,20:57,20:59,21:02,21:07,21:10,21:12,21:15,21:20,21:23,21:28,21:32,21:35,21:43,,,,,,,
499,20:38,20:41,20:43,20:46,20:48,,,,20:55,,,21:01,,,,21:09,21:12,21:17,21:21,21:24,21:30,21:34,21:39,21:44,21:50,21:55,22:00,22:07
500,20:41,20:44,20:46,20:49,20:51,20:54,20:57,21:00,21:02,21:04,21:07,21:11,21:14,21:17,21:20,21:25,21:28,21:33,21:37,21:40,21:45,21:49,21:54,21:59,22:05,22:10,22:15,22:22
501,20:42,20:45,20:47,20:50,20:52,,,,20:59,,,21:05,,,,21:13,21:16,21:21,21:25,21:28,21:34,,,,,,,
502,20:46,20:49,20:51,20:54,20:56,20:59,21:02,21:05,21:07,21:09,21:12,21:18,,,,,,,,,,,,,,,,
503,,,,,,,,,,,,,,,,21:28,21:31,21:36,21:40,21:43,21:50,21:54,21:59,22:04,22:10,22:15,22:20,22:27
504,20:51,20:54,20:56,20:59,21:01,21:04,21:07,21:10,21:12,21:14,21:17,21:21,21:24,21:27,21:30,21:35,21:38,21:43,21:47,21:50,21:56,,,,,,,
505,20:52,20:55,20:57,21:00,21:02,,,,21:09,,,21:15,,,,21:23,,,,,21:38,21:42,21:47,21:52,21:58,22:03,22:08,22:15
506,,,,,,,,,21:15,,,21:23,,,,21:32,21:35,21:40,21:44,21:47,21:54,,,,,,,
507,20:56,20:59,21:01,21:04,21:06,21:09,21:12,21:15,21:17,21:19,21:22,21:26,,,21:34,21:41,,,,,,,,,,,,
508,20:59,21:02,21:04,21:07,21:09,21:12,21:15,21:18,21:21,21:23,21:26,21:31,21:34,21:36,21:39,21:44,21:47,21:52,21:56,21:59,22:06,,,,,,,
509,,,,,,,,,,,,,,,,,,,,,21:54,21:58,22:03,22:08,22:14,22:19,22:24,22:31
510,21:03,21:06,21:08,21:11,21:13,,,,21:20,,,21:26,,,,21:35,21:38,21:43,21:47,21:50,21:57,,,,,,,
511,21:05,21:08,21:10,21:13,21:15,21:18,21:21,21:24,21:26,21:28,21:31,21:35,21:38,21:40,21:43,21:49,,,,,,,,,,,,
512,,,,,,,,,21:27,,,21:34,,,,21:43,,,,,21:59,22:03,22:08,22:13,22:19,22:25,22:30,22:39
513,21:08,21:11,21:13,21:16,21:18,21:21,21:24,21:27,21:29,21:31,21:34,21:38,21:41,21:43,21:46,21:51,21:54,21:59,22:03,22:06,22:15,22:19,22:24,22:29,22:35,22:40,22:45,22:52
514,21:13,21:16,21:18,21:21,21:23,,,,21:30,,,21:37,,,,21:47,21:50,21:55,21:59,22:02,22:09,,,,,,,
515,21:14,21:17,21:19,21:22,21:24,21:27,21:30,21:33,21:35,21:37,21:40,21:45,,,,,,,,,,,,,,,,
516,,,,,,,,,,,,,,,,21:57,22:00,22:05,22:09,22:12,22:19,22:23,22:28,22:33,22:39,22:46,,
517,21:17,21:20,21:22,21:25,21:27,21:30,21:33,21:36,21:38,21:40,21:43,21:47,21:50,21:52,21:55,22:00,22:03,22:08,22:12,22:15,22:22,,,,,,,
518,21:20,21:23,21:25,21:28,21:30,21:33,21:36,21:39,21:41,21:43,21:46,21:50,21:53,21:55,21:58,22:05,,,,,,,,,,,,
519,21:23,21:26,21:28,21:31,21:33,21:36,21:39,21:42,21:44,21:46,21:49,21:53,21:56,21:58,22:01,22:06,22:09,22:14,22:18,22:21,22:28,,,,,,,
520,21:25,21:28,21:30,21:33,21:35,,,,21:44,,,21:50,,,,21:59,,,,,22:11,22:15,22:20,22:25,22:31,22:36,22:41,22:48
521,21:26,21:29,21:31,21:34,21:36,21:39,21:42,21:45,21:47,21:49,21:52,21:58,,,,,,,,,,,,,,,,
522,21:29,21:32,21:34,21:37,21:39,21:42,21:45,21:48,21:50,21:52,21:55,21:59,22:02,22:04,22:07,22:12,22:15,22:20,22:24,22:27,22:34,,,,,,,
523,21:32,21:35,21:37,21:40,21:42,,,,21:49,,,21:55,,,,22:03,22:06,22:11,22:15,22:18,22:25,22:29,22:34,22:39,22:45,22:50,22:55,23:02
524,,,,,,,,,,,,,,,,22:07,22:10,22:15,22:19,22:22,22:29,22:33,22:38,22:44,,,,
525,,,,,,,,,,,,,,,,,,,,,22:37,22:41,22:46,22:51,22:57,23:02,23:07,23:13
526,21:32,21:35,21:37,21:40,21:42,21:45,21:48,21:51,21:53,21:55,21:58,22:02,22:05,22:07,22:10,22:17,,,,,,,,,,,,
527,21:36,21:39,21:41,21:44,21:46,,,,21:53,,,21:59,,,,22:09,22:12,22:17,22:21,22:24,22:31,,,,,,,
528,21:36,21:39,21:41,21:44,21:46,21:49,21:52,21:55,21:57,21:59,22:02,22:06,22:09,22:11,22:14,22:20,22:23,22:28,22:32,22:35,22:43,,,,,,,
529,21:39,21:42,21:44,21:47,21:49,,,,,,,,,,,,,,,,,,,,,,,
530,21:40,21:43,21:45,21:48,21:50,,,,21:57,,,22:03,,,,22:11,22:14,22:19,22:24,,,,,,,,,
531,21:42,21:45,21:47,21:50,21:52,21:55,21:58,22:01,22:03,22:05,22:08,22:12,22:15,22:17,22:20,22:25,22:28,22:33,22:37,22:40,22:47,,,,,,,
532,21:45,21:48,21:50,21:53,21:55,,,,22:02,,,22:08,,,,22:17,,,,,22:33,22:37,22:42,22:47,22:53,22:58,23:03,23:10
533,21:45,21:48,21:50,21:53,21:55,21:58,22:01,22:04,22:06,22:08,22:11,22:15,22:18,22:20,22:23,22:28,22:31,22:36,22:40,22:43,22:50,,,,,,,
534,21:48,21:51,21:53,21:56,21:58,22:01,22:04,22:07,22:09,22:11,22:14,22:18,22:21,22:23,22:26,22:31,22:34,22:39,22:43,22:46,22:53,,,,,,,
535,21:49,21:52,21:54,21:57,21:59,,,,22:06,,,22:12,,,,22:20,22:23,22:28,22:32,22:35,22:41,,,,,,,
536,21:51,21:54,21:56,21:59,22:01,22:04,22:07,22:10,22:12,22:14,22:17,22:21,22:24,22:26,22:29,22:36,,,,,,,,,,,,
537,21:57,22:00,22:02,22:05,22:07,,,,22:14,,,22:20,,,,22:29,,,,,22:44,22:48,22:53,22:58,23:04,23:11,,
538,21:57,22:00,22:02,22:05,22:07,22:10,22:13,22:16,22:18,22:20,22:23,22:27,22:30,22:32,22:35,22:40,22:43,22:48,22:52,22:55,23:02,,,,,,,
539,22:01,22:04,22:06,22:09,22:11,,,,22:18,,,22:24,,,,22:33,,,,,22:48,22:52,22:57,23:02,23:08,23:13,23:18,23:25
540,,,,,,,,,,,,,,,,,,,,,22:55,22:59,23:04,23:10,,,,
541,22:04,22:07,22:09,22:12,22:14,22:17,22:20,22:23,22:25,22:27,22:30,22:34,22:37,22:39,22:42,22:47,22:50,22:55,22:59,23:02,23:09,,,,,,,
542,22:10,22:13,22:15,22:18,22:20,22:23,22:26,22:29,22:31,22:33,22:36,22:40,22:43,22:45,22:48,22:53,22:56,23:01,23:05,23:08,23:14,,,,,,,
543,22:12,22:15,22:17,22:20,22:22,,,,22:29,,22:35,,,,,22:44,22:47,22:52,22:56,22:59,23:05,,,,,,,
544,22:18,22:21,22:23,22:26,22:28,,,,22:35,,22:41,,,,,22:49,,,,,23:03,23:07,23:12,23:17,23:23,23:28,23:33,23:40
545,,,,,,,,,,,,,,,,,,,,,23:14,23:18,23:23,23:28,23:34,23:39,23:44,23:51
546,22:22,22:25,22:27,22:30,22:32,22:35,22:38,22:41,22:43,22:45,22:48,22:52,22:55,22:57,23:00,23:05,23:08,23:13,23:17,23:20,23:26,,,,,,,
547,22:26,22:29,22:31,22:34,22:36,,,,22:43,,22:49,,,,,22:58,23:01,23:06,23:10,23:13,23:19,,,,,,,
548,22:26,22:29,22:31,22:34,22:36,22:39,22:42,22:45,22:47,22:49,22:52,22:56,22:59,23:01,23:04,23:09,23:12,23:17,23:21,23:24,23:30,23:33,23:38,23:45,,,,
549,22:30,22:33,22:35,22:38,22:40,,,,22:47,,22:53,,,,,23:01,23:04,23:09,23:13,23:16,23:21,23:25,23:30,23:35,23:41,23:45,23:50,23:57
550,22:36,22:39,22:41,22:44,22:46,22:49,22:52,22:55,22:57,22:59,23:02,23:06,23:09,23:11,23:14,23:19,23:22,23:27,23:31,23:34,23:40,23:43,23:48,23:55,,,,
551,22:41,22:44,22:46,22:49,22:51,22:54,22:57,23:00,23:02,23:04,23:07,23:11,23:14,23:16,23:19,23:24,23:27,23:32,23:36,23:39,23:46,,,,,,,
552,22:44,22:47,22:49,22:52,22:54,22:57,23:00,23:03,23:05,23:07,23:10,23:14,23:17,23:19,23:22,23:29,,,,,,,,,,,,
553,22:50,22:53,22:55,22:58,23:00,,,,23:07,,23:13,,,,,23:21,23:24,23:29,23:33,23:36,23:43,,,,,,,
554,22:49,22:52,22:54,22:57,22:59,23:02,23:05,23:08,23:10,23:12,23:15,23:19,23:22,23:24,23:27,23:32,23:35,23:40,23:44,23:47,23:55,,,,,,,
555,22:55,22:58,23:00,23:03,23:05,,,,23:12,,23:19,,,,,23:27,23:30,23:35,23:39,23:42,23:47,23:51,23:56,00:01,00:07,00:12,00:17,00:25
556,22:56,22:59,23:01,23:04,23:06,23:09,23:12,23:15,23:17,23:19,23:22,23:26,23:29,23:31,23:34,23:41,,,,,,,,,,,,
557,23:00,23:03,23:05,23:08,23:10,23:13,23:16,23:19,23:21,23:23,23:26,23:30,23:33,23:35,23:38,23:43,23:46,23:51,23:55,23:58,00:05,,,,,,,
558,23:12,23:15,23:17,23:20,23:22,,,,23:29,,23:35,,,,,23:43,23:46,23:51,23:55,23:58,00:03,00:07,00:12,00:18,,,,
559,23:12,23:15,23:17,23:20,23:22,23:25,23:28,23:31,23:33,23:35,23:38,23:42,23:45,23:47,23:50,23:55,23:58,00:03,00:07,00:10,00:16,,,,,,,
560,23:18,23:21,23:23,23:26,23:28,,,,23:35,,23:41,,,,,23:49,23:52,23:57,00:01,00:04,00:09,00:12,00:17,00:22,00:28,00:33,00:38,00:45
561,23:21,23:24,23:26,23:29,23:31,23:34,23:37,23:40,23:42,23:44,23:47,23:51,23:54,23:56,23:59,00:04,00:07,00:12,00:16,00:19,00:26,,,,,,,
562,23:30,23:33,23:35,23:38,23:40,23:43,23:46,23:49,23:51,23:53,23:56,00:00,00:03,00:05,00:08,00:13,00:16,00:21,00:25,00:28,00:34,00:38,00:43,00:50,,,,
563,23:37,23:40,23:42,23:45,23:47,,,,23:54,,,00:00,,,,00:08,00:11,00:16,00:20,00:23,00:28,00:32,00:37,00:42,00:48,00:53,00:58,01:05
564,23:40,23:43,23:45,23:48,23:50,23:53,23:56,23:59,00:01,00:03,00:06,00:10,00:13,00:15,00:18,00:23,00:26,00:31,00:35,00:38,00:45,,,,,,,
565,23:46,23:49,23:51,23:54,23:56,23:59,00:02,00:05,00:07,00:09,00:12,00:16,00:19,00:21,00:24,00:29,00:32,00:37,00:41,00:44,00:50,00:54,00:59,01:05,,,,
566,23:54,23:57,23:59,00:02,00:04,00:07,00:10,00:13,00:15,00:17,00:20,00:24,00:27,00:29,00:32,00:37,00:40,00:45,00:49,00:52,00:59,,,,,,,
567,23:58,00:01,00:03,00:06,00:08,00:11,00:14,00:17,00:19,00:21,00:24,00:28,00:31,00:33,00:36,00:41,00:44,00:49,00:53,00:56,01:02,01:06,01:11,01:16,01:22,01:27,01:32,01:39
568,00:01,00:04,00:06,00:09,00:11,00:14,00:17,00:20,00:22,00:24,00:27,00:31,00:34,00:36,00:39,00:45,,,,,,,,,,,,
569,00:08,00:11,00:13,00:16,00:18,00:21,00:24,00:27,00:29,00:31,00:34,00:38,00:41,00:43,00:46,00:51,00:54,00:59,01:03,01:06,01:13,,,,,,,
570,00:17,00:20,00:22,00:25,00:27,00:30,00:33,00:36,00:38,00:40,00:43,00:47,00:50,00:52,00:55,01:00,01:03,01:08,01:12,01:15,01:22,01:25,01:30,01:35,01:41,01:46,01:51,01:58
571,00:25,00:28,00:30,00:33,00:35,00:38,00:41,00:44,00:46,00:48,00:51,00:55,00:58,01:00,01:03,01:08,01:11,01:16,01:20,01:23,01:30,,,,,,,
572,00:30,00:33,00:35,00:38,00:40,00:43,00:46,00:49,00:51,00:53,00:56,01:00,01:03,01:05,01:08,01:13,01:16,01:21,01:25,01:28,01:35,01:38,01:43,01:50,,,,
573,00:41,00:44,00:46,00:49,00:51,00:54,00:57,01:00,01:02,01:04,01:07,01:11,01:14,01:16,01:19,01:24,01:27,01:32,01:36,01:39,01:45,,,,,,,
574,00:50,00:53,00:55,00:58,01:00,01:03,01:06,01:09,01:11,01:13,01:16,01:20,01:23,01:25,01:28,01:33,01:36,01:41,01:45,01:48,01:53,01:56,02:01,02:06,02:12,02:17,02:22,02:30
575,00:54,00:57,00:59,01:02,01:04,01:07,01:10,01:13,01:15,01:17,01:20,01:26,,,,,,,,,,,,,,,,
576,01:00,01:03,01:05,01:08,01:10,01:13,01:16,01:19,01:21,01:23,01:26,01:30,01:33,01:35,01:38,01:43,01:46,01:51,01:55,01:58,02:05
